"uri","group","text","language","english","clean_text","usable","decision"
"at://did:plc:dzqkzsraawn5lakp5ozsqcho/app.bsky.feed.post/3mwmmp3hm6s2p","RTO","given the sex cult stuff, and i guess the return to office mandate wasn't really anything more than ""it's easier to fuck your secretary when you're both in the office""","en",TRUE,"given the sex cult stuff, and i guess the return to office mandate wasn't really anything more than ""it's easier to fuck your secretary when you're both in the office""",TRUE,"Included"
"at://did:plc:usifhcjj5rb2mdroggg6xpna/app.bsky.feed.post/3mwmkhz57yc2k","RTO","A mouse-eared empire to remote tech staff: four days a week in the office, or you're out.

​Memo says collaboration. Spreadsheet says layoffs without the severance packages.

​The field manual has a name for it:
corpburnrate.com/jargon/steal...","en",TRUE,"A mouse-eared empire to remote tech staff: four days a week in the office, or you're out.

​Memo says collaboration. Spreadsheet says layoffs without the severance packages.

​The field manual has a name for it:
",TRUE,"Included"
"at://did:plc:bw24k7v5cpc747lyvbeqjgmy/app.bsky.feed.post/3mwmiesa3r22y","RTO","Homeowners trying to sell are fucked.

Nobody will buy with today's mortgage rates unless you halve your price.

Also all the high paying jobs forced us to return to office. Nobody living near you can afford your cabin in the woods for $1 mil.

Also nobody has money because they economy sucks.","en",TRUE,"Homeowners trying to sell are fucked.

Nobody will buy with today's mortgage rates unless you halve your price.

Also all the high paying jobs forced us to return to office. Nobody living near you can afford your cabin in the woods for $1 mil.

Also nobody has money because they economy sucks.",TRUE,"Included"
"at://did:plc:rzkmapvz76elrhzlcunphefq/app.bsky.feed.post/3mwmditmj5s2f","RTO","Return to Office and the Tenure Distribution
https://arxiv.org/abs/2405.04352","en-us",TRUE,"Return to Office and the Tenure Distribution
",TRUE,"Included"
"at://did:plc:luifhoeunqel6cl7ucu3oica/app.bsky.feed.post/3mwls2ufros2g","RTO","Today is my first ""true"" day of sabbatical as I'd usually be at work by now probably helping put out somebody else's fire.
Made a breakfast sandwich, something I haven't really done since the ""return to office"".
Going to do my best to stop thinking about work staying now","en",TRUE,"Today is my first ""true"" day of sabbatical as I'd usually be at work by now probably helping put out somebody else's fire.
Made a breakfast sandwich, something I haven't really done since the ""return to office"".
Going to do my best to stop thinking about work staying now",TRUE,"Included"
"at://did:plc:l5iff6hthjnlc3eh5oizvnn4/app.bsky.feed.post/3mwl2xctknb2e","RTO","Trump’s 2025 return to office includes accelerating efforts to silence critics and control information, framing First Amendment suppression as impeachable constitutional subversion.
","",FALSE,"Trump's 2025 return to office includes accelerating efforts to silence critics and control information, framing First Amendment suppression as impeachable constitutional subversion.
",FALSE,"Missing language tag"
"at://did:plc:ihl667oyujekuvexdhtgwvc5/app.bsky.feed.post/3mwl2ti7g442k","RTO","Trump’s 2025 return to office includes accelerating efforts to silence critics and control information, framing First Amendment suppression as impeachable constitutional subversion.
","",FALSE,"Trump's 2025 return to office includes accelerating efforts to silence critics and control information, framing First Amendment suppression as impeachable constitutional subversion.
",FALSE,"Missing language tag"
"at://did:plc:3ykz2nhkt6qvto64omgj7ep2/app.bsky.feed.post/3mwkpaswtgh2v","RTO","arXiv📈🤖
Return to Office and the Tenure Distribution
By Dijcke, Gunsilius, Wright
","en",TRUE,"arXiv📈🤖
Return to Office and the Tenure Distribution
By Dijcke, Gunsilius, Wright
",TRUE,"Included"
"at://did:plc:grgswyytu7slprcbhfireuz2/app.bsky.feed.post/3mwkfgyjx3c2z","RTO","For ICE, the dogs could also serve as the centerpiece of some blistering new propaganda. The agency...has taken an extraordinarily dark turn since Donald Trump’s return to office, with overtly violent raids on civilians being filmed and edited into vertical video content futurism.com/robots-and-m...","en",TRUE,"For ICE, the dogs could also serve as the centerpiece of some blistering new propaganda. The  taken an extraordinarily dark turn since Donald Trump's return to office, with overtly violent raids on civilians being filmed and edited into vertical video content ",TRUE,"Included"
"at://did:plc:2kclo7gfytbfsqocjhwjcxsg/app.bsky.feed.post/3mwjuhhs46k2t","RTO","Instead of making us return to office.. make hubs for people to work create get help in those office spaces.. let technology jobs be for anywhere.. add corporate or local food and services.. rent out giant professional office spaces.. air bnb that..

I know people have tried and failed.. keep trying","en",TRUE,"Instead of making us return to office.. make hubs for people to work create get help in those office spaces.. let technology jobs be for anywhere.. add corporate or local food and services.. rent out giant professional office spaces.. air bnb that..

I know people have tried and failed.. keep trying",TRUE,"Included"
"at://did:plc:cmlvj4emzovwuuvj5zi7rtpl/app.bsky.feed.post/3mwjilmpln72u","RTO","Four councilmembers have endorsed John Tran, who served about 16 months in federal prison for accepting $38,000 from a developer.","",FALSE,"Four councilmembers have endorsed John Tran, who served about 16 months in federal prison for accepting $38,000 from a developer.",FALSE,"Missing language tag"
"at://did:plc:oebpsglaakip7afvovlzcrwa/app.bsky.feed.post/3mwjgdrlnnc25","RTO","Makes you wonder about who was pushing for return-to-office, and why.","en",TRUE,"Makes you wonder about who was pushing for return-to-office, and why.",TRUE,"Included"
"at://did:plc:cfiasea5i6l764tz4cpxb3xd/app.bsky.feed.post/3mwj3jycq6l27","RTO","Four councilmembers have endorsed John Tran, who served about 16 months in federal prison for accepting $38,000 from a developer.","",FALSE,"Four councilmembers have endorsed John Tran, who served about 16 months in federal prison for accepting $38,000 from a developer.",FALSE,"Missing language tag"
"at://did:plc:7alcs6io2qx5ex552uwrmqez/app.bsky.feed.post/3mwj3jyept423","RTO","Four councilmembers have endorsed John Tran, who served about 16 months in federal prison for accepting $38,000 from a developer.","",FALSE,"Four councilmembers have endorsed John Tran, who served about 16 months in federal prison for accepting $38,000 from a developer.",FALSE,"Missing language tag"
"at://did:plc:7rcr53jnsjdvdtlgpcnckzzp/app.bsky.feed.post/3mwizztsc3t2e","RTO","Mitch McConnell
Edited on Sunday, Sep 27, 2026 at 10:40 EDT

#MitchMcConnell #Congress #Wikipedia
","",FALSE,"Mitch McConnell
Edited on Sunday, Sep 27, 2026 at 10:40 EDT

#MitchMcConnell #Congress #Wikipedia
",FALSE,"Missing language tag"
"at://did:plc:6b2goom2bx2myhq3z2tpj5i3/app.bsky.feed.post/3mwiulpenkc2q","RTO","Plutôt que d'imposer une présence uniforme au bureau, l'objectif devrait être de cibler le présentiel là où ça apporte une réelle valeur ajoutée au travail ET👉 de privilégier le télétravail partout ailleurs. #PolQc #AssNat #Québec #QC2026 #Québec2026","fr",FALSE,"Plutôt que d'imposer une présence uniforme au bureau, l'objectif devrait être de cibler le présentiel là où ça apporte une réelle valeur ajoutée au travail ET👉 de privilégier le télétravail partout ailleurs. #PolQc #AssNat #Québec #QC2026 #Québec2026",FALSE,"Non-English or mixed language tags"
"at://did:plc:qewuxc7aujo3rwfc2ebmu5xd/app.bsky.feed.post/3mwir5745xe2l","RTO","Is the issue productivity or control? 👨🏾‍💻 🎛️
","",FALSE,"Is the issue productivity or control? 👨🏾‍💻 🎛️
",FALSE,"Missing language tag"
"at://did:plc:6yw22h7oqogjobbsqavsnz55/app.bsky.feed.post/3mwipwnfeq32o","RTO","Barclays faces growing staff revolt over three-day office...","",FALSE,"Barclays faces growing staff revolt over three-day office...",FALSE,"Missing language tag"
"at://did:plc:g5jg224cmwnrg5yfdqtuya2b/app.bsky.feed.post/3mwilrejlq722","RTO","Barclays faces growing staff revolt over three-day office week

Talks with union break down as workers reject mandate to return to office without more money to cover costs, in a sign of rising demand for hybrid terms

✍️ Stephen Armstrong
https://bit.ly/4yjD1Ec","",FALSE,"Barclays faces growing staff revolt over three-day office week

Talks with union break down as workers reject mandate to return to office without more money to cover costs, in a sign of rising demand for hybrid terms

✍️ Stephen Armstrong
",FALSE,"Missing language tag"
"at://did:plc:ojl66qf5l77wn4ybyaptqiwn/app.bsky.feed.post/3mwi5hyvh5c25","RTO","Not surprised at all, they’ve been complicit in abetting his rise and return to office after all","en",TRUE,"Not surprised at all, they've been complicit in abetting his rise and return to office after all",TRUE,"Included"
"at://did:plc:3mgwyxjuiljoe5zzy6aphu42/app.bsky.feed.post/3mwhs5hypsk2m","RTO","This is the kind of go-getter the return to office policies attract.","en",TRUE,"This is the kind of go-getter the return to office policies attract.",TRUE,"Included"
"at://did:plc:qkdhh5qqywsxc5wpq4n2nkue/app.bsky.feed.post/3mwhckckebs2t","RTO","And COVID denial, and return to office, and just about every move that’s been detrimental to the average human but rich men want.","en",TRUE,"And COVID denial, and return to office, and just about every move that's been detrimental to the average human but rich men want.",TRUE,"Included"
"at://did:plc:b5emsyx7avhsaeiebtujr23j/app.bsky.feed.post/3mwhc4pl4bc2q","RTO","FEDERAL GOVERNMENT TO SPEND MORE THAN $18 MILLION ON RETURN-TO-OFFICE PUSH
newrootsmanitoba.ca/a/federal-go...","en",TRUE,"FEDERAL GOVERNMENT TO SPEND MORE THAN $18 MILLION ON RETURN-TO-OFFICE PUSH
",TRUE,"Included"
"at://did:plc:hnynajpysr47rnyf5mvlxrsz/app.bsky.feed.post/3mwh7kcgzd22i","RTO","One day, I have a craving for Moroccan food. A good lamb tajine. And I ask Sam to get me the tajine. I could give Sam very explicit directions: 
Go to this restaurant. 
Buy tajine. 
If restaurant is closed or tajine unavailable return to office.

Easy peasy.","en",TRUE,"One day, I have a craving for Moroccan food. A good lamb tajine. And I ask Sam to get me the tajine. I could give Sam very explicit directions: 
Go to this restaurant. 
Buy tajine. 
If restaurant is closed or tajine unavailable return to office.

Easy peasy.",TRUE,"Included"
"at://did:plc:x62tbexo5vi7myt3ya6zigjt/app.bsky.feed.post/3mwgvdo36r22r","RTO","Пам'ятаю, пару постковідних років інтернет був завалений дописами в блогах та соцмережах з популярним тегом RTO (Return To Office). Люди писали про свій досвід, та про позицію компаній щодо цього питання. Виявилося, що далеко не всі зрозуміли, що все докорінно змінилося і так як раніше вже не буде 😐","uk",FALSE,"Пам'ятаю, пару постковідних років інтернет був завалений дописами в блогах та соцмережах з популярним тегом RTO (Return To Office). Люди писали про свій досвід, та про позицію компаній щодо цього питання. Виявилося, що далеко не всі зрозуміли, що все докорінно змінилося і так як раніше вже не буде 😐",FALSE,"Non-English or mixed language tags"
"at://did:plc:oklat2b3ax3hkzy3i2oavnv7/app.bsky.feed.post/3mwgpnjqjuk22","RTO","REPORT: ICE LOST COUNT of miscarriages in detention www.ms.now/connect/watc... via @msnownews.bsky.social","en",TRUE,"REPORT: ICE LOST COUNT of miscarriages in detention  via @",TRUE,"Included"
"at://did:plc:zd75oeaqltsoejyxiobqbgct/app.bsky.feed.post/3mwgiq2fztw2q","RTO","Kanata commute stress test highlights transit reliability challenges","",FALSE,"Kanata commute stress test highlights transit reliability challenges",FALSE,"Missing language tag"
"at://did:plc:vsvkqmxzt5fmvtgupm6r36g6/app.bsky.feed.post/3mwfz5fr6pk27","RTO","I see @Ivan_McKee chasing Scots civil servants to Return-To-Office... But it looks like hybrid working is here to stay, well beyond the Covid moment. So couldn't we open up these empty floors to citizens assemblies & civic Scotland? My @ScotNational column www.thenational.scot/politics/265...","en",TRUE,"I see  chasing Scots civil servants to Return-To-Office... But it looks like hybrid working is here to stay, well beyond the Covid moment. So couldn't we open up these empty floors to citizens assemblies & civic Scotland? My  column ",TRUE,"Included"
"at://did:plc:zd75oeaqltsoejyxiobqbgct/app.bsky.feed.post/3mwfiuxft3u2t","RTO","Kanata commute stress test highlights transit reliability challenges","",FALSE,"Kanata commute stress test highlights transit reliability challenges",FALSE,"Missing language tag"
"at://did:plc:alphma7c33snavdnuhsezifl/app.bsky.feed.post/3mwf523pf7s2u","RTO","""House Judiciary Committee member Rep. Steve Cohen, of Tennessee, introduced 26 impeachment articles on Thursday, covering a broad range of actions from the president since his return to office last year.""

Good start. Now do this literally every day.

truthout.org/articles/dem...","en",TRUE,"""House Judiciary Committee member Rep. Steve Cohen, of Tennessee, introduced 26 impeachment articles on Thursday, covering a broad range of actions from the president since his return to office last year.""

Good start. Now do this literally every day.

",TRUE,"Included"
"at://did:plc:rheeyyoqtdxr6dgokt2se7mm/app.bsky.feed.post/3mwezfqk6o22w","RTO","www.vermontpublic.org/local-news/2...","en",TRUE,"",FALSE,"No retained English word tokens"
"at://did:plc:4saocrkenrxczgpxcnnunacg/app.bsky.feed.post/3mweweiibwo2m","RTO","https://www.mynbc5.com/article/vermont-supreme-court-says-state-employees-must-return-to-office-reversing-previous-decision/73887880","ja",FALSE,"",FALSE,"Non-English or mixed language tags"
"at://did:plc:4saocrkenrxczgpxcnnunacg/app.bsky.feed.post/3mweweg3ibx2d","RTO","Vermont Supreme Court says state employees must return to office, reversing previous decision

small thing, but it stuck with me.","ja",FALSE,"Vermont Supreme Court says state employees must return to office, reversing previous decision

small thing, but it stuck with me.",FALSE,"Non-English or mixed language tags"
"at://did:plc:3aqq66jmi7eabjls4tpelthp/app.bsky.feed.post/3mweul6wj3s2j","RTO","How about we explain it like this, they all know they will go to prison when the Democrats return to office. They have every incentive to change everything to keep themselves in power.  Duh? They broke the Constitution to get power. Took effort to destroy the country. And they won't cheat the vote?","en",TRUE,"How about we explain it like this, they all know they will go to prison when the Democrats return to office. They have every incentive to change everything to keep themselves in power.  Duh? They broke the Constitution to get power. Took effort to destroy the country. And they won't cheat the vote?",TRUE,"Included"
"at://did:plc:zd75oeaqltsoejyxiobqbgct/app.bsky.feed.post/3mwet3kxmnd23","RTO","Kanata commute stress test highlights transit reliability challenges","",FALSE,"Kanata commute stress test highlights transit reliability challenges",FALSE,"Missing language tag"
"at://did:plc:qrttlllhmt5x5fefiy4tmrsk/app.bsky.feed.post/3mwen334ri725","RTO","Vermont Supreme Court reinstated Gov. Phil Scott’s return-to-office directive, ruling the state telework policy lets the governor change telework terms without proving operational needs.
","",FALSE,"Vermont Supreme Court reinstated Gov. Phil Scott's return-to-office directive, ruling the state telework policy lets the governor change telework terms without proving operational needs.
",FALSE,"Missing language tag"
"at://did:plc:nr5zcjdc6kui4ymaiowvh3n6/app.bsky.feed.post/3mwen263u2g2n","RTO","Vermont Supreme Court reinstated Gov. Phil Scott’s return-to-office directive, ruling the state telework policy lets the governor change telework terms without proving operational needs.
","",FALSE,"Vermont Supreme Court reinstated Gov. Phil Scott's return-to-office directive, ruling the state telework policy lets the governor change telework terms without proving operational needs.
",FALSE,"Missing language tag"
"at://did:plc:yafy55mnx7y6kvde262lepno/app.bsky.feed.post/3mwemq3rk322o","RTO","COHEN2028. ""House Judiciary Committee member Rep. Steve Cohen, of Tennessee, introduced 26 impeachment articles on Thursday, covering a broad range of actions from the president since his return to office last year."" I'm not necessarily endorsing him, but he is headed in that direction.","en",TRUE,"COHEN2028. ""House Judiciary Committee member Rep. Steve Cohen, of Tennessee, introduced 26 impeachment articles on Thursday, covering a broad range of actions from the president since his return to office last year."" I'm not necessarily endorsing him, but he is headed in that direction.",TRUE,"Included"
"at://did:plc:ndiridku6fjpliymq4pi3ag5/app.bsky.feed.post/3mweltwosf72x","RTO","Treasury Board President Defends Return-to-Office Policy as Government Increases In-Person Work Requirements

🤖 IA: It's not clickbait ✅
👥 Users: It's not clickbait ✅

#government #workpolicy #officepolicy 

👇👇👇","",FALSE,"Treasury Board President Defends Return-to-Office Policy as Government Increases In-Person Work Requirements

🤖 IA: It's not clickbait ✅
👥 Users: It's not clickbait ✅

#government #workpolicy #officepolicy 

👇👇👇",FALSE,"Missing language tag"
"at://did:plc:xiyerlftkhg2qyqjnhhu7otw/app.bsky.feed.post/3mwelkdkykw2f","RTO","Gov. Phil Scott’s controversial return-to-office order is back in force for state employees after the Vermont Supreme Court Friday overturned a regulatory body’s decision to cancel his directive.

Read more: https://sbrew.link/q8IJ4E3Z","en",TRUE,"Gov. Phil Scott's controversial return-to-office order is back in force for state employees after the Vermont Supreme Court Friday overturned a regulatory body's decision to cancel his directive.

Read more: ",TRUE,"Included"
"at://did:plc:ncgo7orabzspjrfqfkoupbrx/app.bsky.feed.post/3mwei32fs2227","RTO","Trump accused of ‘disgusting’ greed after being paid over $2bn since return to office","en",TRUE,"Trump accused of 'disgusting' greed after being paid over $2bn since return to office",TRUE,"Included"
"at://did:plc:vegfauk677ucnngyunqfgblq/app.bsky.feed.post/3mweh525u3s2m","RTO","$18 million. That’s how much federal organizations project spending to reconfigure and acquire office space for return-to-office. This figure just scratches the surface of the deeper costs taxpayers will bear from the government’s wasteful, poorly planned RTO mandate.","en",TRUE,"$18 million. That's how much federal organizations project spending to reconfigure and acquire office space for return-to-office. This figure just scratches the surface of the deeper costs taxpayers will bear from the government's wasteful, poorly planned RTO mandate.",TRUE,"Included"
"at://did:plc:q2vc5qoczr2cseamh4soljqk/app.bsky.feed.post/3mweakvy3kc2q","RTO","Forthcoming in the Review of Economics and Statistics, by our colleague David Van Dijcke (@packlesshepherd.bsky.social).

After RTO mandates at three large U.S. tech firms, senior employees left at higher rates, shifting the workforce toward junior employees.

Paper: direct.mit.edu/rest/article...","en",TRUE,"Forthcoming in the Review of Economics and Statistics, by our colleague David Van Dijcke (@).

After RTO mandates at three large U.S. tech firms, senior employees left at higher rates, shifting the workforce toward junior employees.

Paper: ",TRUE,"Included"
"at://did:plc:6fnzney5yhgjcbw664awibcm/app.bsky.feed.post/3mwea4sxzes22","RTO","It's easier to hyperfixate on this one detail about Gen Z workers instead of on how corporations are using performance improvement plans to force out employees without severance; how return to office policies hurt parents, caregivers, and disabled workers; and how hard it is to find a job right now.","en",TRUE,"It's easier to hyperfixate on this one detail about Gen Z workers instead of on how corporations are using performance improvement plans to force out employees without severance; how return to office policies hurt parents, caregivers, and disabled workers; and how hard it is to find a job right now.",TRUE,"Included"
"at://did:plc:tcgrhuwvyatn27qujdyczp3l/app.bsky.feed.post/3mwe7j2lir72v","RTO","A job seeker studying for the CISSP asks whether the cert actually expanded anyone's remote job prospects. The question stays open: does the credential drive recruiter interest, or do the brutal market and return-to-office mandates matter more than any acronym?","en",TRUE,"A job seeker studying for the CISSP asks whether the cert actually expanded anyone's remote job prospects. The question stays open: does the credential drive recruiter interest, or do the brutal market and return-to-office mandates matter more than any acronym?",TRUE,"Included"
"at://did:plc:sq4xi2miulaycwr574gxlv6l/app.bsky.feed.post/3mwdszdgv6k2k","RTO","My office building is located in a semi-public sculpture garden, which means the Pokemon Go situation is excellent and this is the only thing making partial return to office semi-tolerable","en",TRUE,"My office building is located in a semi-public sculpture garden, which means the Pokemon Go situation is excellent and this is the only thing making partial return to office semi-tolerable",TRUE,"Included"
"at://did:plc:55u7q5fyuddpmserockbhx4i/app.bsky.feed.post/3mwdnkxceq22q","RTO","There are any number of studies. The return to office of the federal public service is a political decision.

And forcing the public service in Ottawa to use the city’s public transit is punitive 

www.forbes.com/sites/esade/...","en",TRUE,"There are any number of studies. The return to office of the federal public service is a political decision.

And forcing the public service in Ottawa to use the city's public transit is punitive 

",TRUE,"Included"
"at://did:plc:qgtdrj7axnku4k4p66eb5rfm/app.bsky.feed.post/3mwdezwnxea27","RTO","There is another interesting detail in Amazon's outreach because one recruiter specifically asked a former employee whether the company's five-day return-to-office policy had contributed to their decision to leave, although Amazon says its office policy remains unchanged.","en",TRUE,"There is another interesting detail in Amazon's outreach because one recruiter specifically asked a former employee whether the company's five-day return-to-office policy had contributed to their decision to leave, although Amazon says its office policy remains unchanged.",TRUE,"Included"
"at://did:plc:oe7kd66l5v3cpi6gtjng3sn5/app.bsky.feed.post/3mwdajy5v4424","RTO","Remote Delegation Skills: Why Managers Revert to Micromanaging

Autonomy disappears the moment managers return to the office. David Ohnstad reveals why 63% of managers increased day-to-day involvement post-RTO, and how…

https://davidohnstad.info/remote-delegation-micromanaging-return-to-office/","",FALSE,"Remote Delegation Skills: Why Managers Revert to Micromanaging

Autonomy disappears the moment managers return to the office. David Ohnstad reveals why 63% of managers increased day-to-day involvement post-RTO, and how…

",FALSE,"Missing language tag"
"at://did:plc:ncva6zby5n2spqewkaps4mi4/app.bsky.feed.post/3mwchsievc22j","RTO","Trump's net worth has surged by billions since his return to office, with estimates placing his total wealth between $6.5 billion and $7.3 billion, according to data from Forbes
Federal ethics disclosures and Forbes analyses attribute this financial growth primarily to","en",TRUE,"Trump's net worth has surged by billions since his return to office, with estimates placing his total wealth between $6.5 billion and $7.3 billion, according to data from Forbes
Federal ethics disclosures and Forbes analyses attribute this financial growth primarily to",TRUE,"Included"
"at://did:plc:qv7uii753ikefc4kz4p5h7xm/app.bsky.feed.post/3mwcepughwk25","RTO","🙏Look @ how this relates to recent, secretly planned & forced return to office mandate by Multco Chair & COO. After mass layoffs due to budget cuts, lack of space & supplies how will this be funded? Chair & COO refuse to disclose details. Metro Chamber & mayor in secret deals at taxpayer expense?","en",TRUE,"🙏Look @ how this relates to recent, secretly planned & forced return to office mandate by Multco Chair & COO. After mass layoffs due to budget cuts, lack of space & supplies how will this be funded? Chair & COO refuse to disclose details. Metro Chamber & mayor in secret deals at taxpayer expense?",TRUE,"Included"
"at://did:plc:dgnvlsiinly3i2waxoltdbyl/app.bsky.feed.post/3mwcaiojalg2a","RTO","A lot of peoples' first engagements with AI or the industry came via annoying Super Bowl ads that were very transparently Revenge of the Bosses return-to-office masturbatory fantasy about Being Able To Fire The Bitches Who Work For You, or through google AI search results that...","en",TRUE,"A lot of peoples' first engagements with AI or the industry came via annoying Super Bowl ads that were very transparently Revenge of the Bosses return-to-office masturbatory fantasy about Being Able To Fire The Bitches Who Work For You, or through google AI search results that...",TRUE,"Included"
"at://did:plc:acwo3nksbwsced7k2jxe3sul/app.bsky.feed.post/3mwbkqyxikc2z","RTO","OK, boomer. Former B.C. Green leader Andrew Weaver seeks return to office via CentreBC www.timescolonist.com/2026-bc-vote... via @timescolonist.bsky.social","en",TRUE,"OK, boomer. Former B.C. Green leader Andrew Weaver seeks return to office via CentreBC  via @",TRUE,"Included"
"at://did:plc:c7lzsq6djrsjglznmbrihch6/app.bsky.feed.post/3mwbg4hpmqv22","RTO","Return to work at Stellantis HQ makes good sense for salon owners","",FALSE,"Return to work at Stellantis HQ makes good sense for salon owners",FALSE,"Missing language tag"
"at://did:plc:5iyk5puhdm56g3uqvtykkk2i/app.bsky.feed.post/3mwbdpbsh7i2k","RTO","Former B.C. Green leader Andrew Weaver seeks return to office via CentreBC","",FALSE,"Former B.C. Green leader Andrew Weaver seeks return to office via CentreBC",FALSE,"Missing language tag"
"at://did:plc:nqvlaluxf557tez6mlwrnwuw/app.bsky.feed.post/3mwbdi3zvvy24","RTO","Former B.C. Green leader Andrew Weaver seeks return to office via CentreBC","",FALSE,"Former B.C. Green leader Andrew Weaver seeks return to office via CentreBC",FALSE,"Missing language tag"
"at://did:plc:a36x33wbsxvcwhxlisgjeepn/app.bsky.feed.post/3mwbdi3n7fs2r","RTO","Former B.C. Green leader Andrew Weaver seeks return to office via CentreBC","",FALSE,"Former B.C. Green leader Andrew Weaver seeks return to office via CentreBC",FALSE,"Missing language tag"
"at://did:plc:l3cazudbqn4yc4j3i52owjyq/app.bsky.feed.post/3mwbdh7cgxn2u","RTO","Former B.C. Green leader Andrew Weaver seeks return to office via CentreBC","",FALSE,"Former B.C. Green leader Andrew Weaver seeks return to office via CentreBC",FALSE,"Missing language tag"
"at://did:plc:sarym5p7vrxzdq476oo72w7r/app.bsky.feed.post/3mwbdgbqldv2k","RTO","Former B.C. Green leader Andrew Weaver seeks return to office via CentreBC","",FALSE,"Former B.C. Green leader Andrew Weaver seeks return to office via CentreBC",FALSE,"Missing language tag"
"at://did:plc:fp5g3ilx7f5gnuq3j6b4hlnr/app.bsky.feed.post/3mwbdcsfngp2q","RTO","Former B.C. Green leader Andrew Weaver seeks return to office via CentreBC","",FALSE,"Former B.C. Green leader Andrew Weaver seeks return to office via CentreBC",FALSE,"Missing language tag"
"at://did:plc:ln64ikjg6qe4wf2hcoykfgae/app.bsky.feed.post/3mwbaq5ghoo2g","RTO","California's administrative law judges are fighting to keep telework, citing safety, efficiency, and equity concerns in the wake of a return-to-office mandate. 

Learn more here

#CA #CitizenPortal #AccessToJustice #GenderEquity #PublicSafety","",FALSE,"California's administrative law judges are fighting to keep telework, citing safety, efficiency, and equity concerns in the wake of a return-to-office mandate. 

Learn more here

#CA #CitizenPortal #AccessToJustice #GenderEquity #PublicSafety",FALSE,"Missing language tag"
"at://did:plc:zd75oeaqltsoejyxiobqbgct/app.bsky.feed.post/3mwavejxwpq2j","RTO","Driving beats out transit in ByWard Market to Orléans rush hour commute stress test","",FALSE,"Driving beats out transit in ByWard Market to Orléans rush hour commute stress test",FALSE,"Missing language tag"
"at://did:plc:ebqsso3qdpegwv5j7iirymia/app.bsky.feed.post/3mwat4rwkv22f","RTO","Return-to-office mandates aren’t about productivity, training and development, or team cohesion; they’re about a collapsing commercial real estate market. Companies whose leases expired in 2020–2021 are all working remotely today. Companies that own buildings or hold long-term leases with 

1/2","en",TRUE,"Return-to-office mandates aren't about productivity, training and development, or team cohesion; they're about a collapsing commercial real estate market. Companies whose leases expired in 2020–2021 are all working remotely today. Companies that own buildings or hold long-term leases with 

1/2",TRUE,"Included"
"at://did:plc:v2hegezrekon6ttolxf3ouqu/app.bsky.feed.post/3mwagfiu6ps22","RTO","Yeah, that return to office mandate that I decided was worth driving for is making me want to take public transit. And that means less time in the office. Sorry, but I don't control things.","en",TRUE,"Yeah, that return to office mandate that I decided was worth driving for is making me want to take public transit. And that means less time in the office. Sorry, but I don't control things.",TRUE,"Included"
"at://did:plc:gbivkvokm23h6446qeyznwgd/app.bsky.feed.post/3mwaemqvbvc2k","RTO","ground.news/article/fede... <rightwing news source> 🇨🇦 💸What’s the business case for pushing for ppl to return to offices? Is it just a power trip thing? Traditionalists who can’t adapt to a changing world?","en",TRUE," <rightwing news source> 🇨🇦 💸What's the business case for pushing for ppl to return to offices? Is it just a power trip thing? Traditionalists who can't adapt to a changing world?",TRUE,"Included"
"at://did:plc:qv7uii753ikefc4kz4p5h7xm/app.bsky.feed.post/3mwadc6as5c2v","RTO","🙏Look @ how this relates to recent, secretly planned & forced return to office mandate by Multco Chair & COO. After mass layoffs due to budget cuts, lack of space & supplies how will this be funded? Chair & COO refuse to disclose details. Metro Chamber involved in secret deals at taxpayer expense?","en",TRUE,"🙏Look @ how this relates to recent, secretly planned & forced return to office mandate by Multco Chair & COO. After mass layoffs due to budget cuts, lack of space & supplies how will this be funded? Chair & COO refuse to disclose details. Metro Chamber involved in secret deals at taxpayer expense?",TRUE,"Included"
"at://did:plc:mhh23w3jtcpjyqij6prkvtdy/app.bsky.feed.post/3mwa65rggx42i","RTO","Federal government departments and agencies are set to spend more than $18 million to get their employees to work in the office more often.","",FALSE,"Federal government departments and agencies are set to spend more than $18 million to get their employees to work in the office more often.",FALSE,"Missing language tag"
"at://did:plc:p3ounric4vjiajmut2ypasfs/app.bsky.feed.post/3mwa4qz54c325","RTO","News of the day: Ottawa city council approves Trump Avenue name change; Federal organizations to spend at least $18 million on return to office; New Alberta building housing Canadian Forces daycare shut down for years because of mould and other problems ottawacitizen.com/news/local-n...","",FALSE,"News of the day: Ottawa city council approves Trump Avenue name change; Federal organizations to spend at least $18 million on return to office; New Alberta building housing Canadian Forces daycare shut down for years because of mould and other problems ",FALSE,"Missing language tag"
"at://did:plc:5vefgxdccaeagqntb5l7bah4/app.bsky.feed.post/3mwa4qvex7k2t","RTO","RETURN TO OFFICE, n. — An accounting exercise in which office-space costs are justified by compulsory video calls between adjacent desks.

lucifers-lexicon.com/lexicon/retu...","en-gb",TRUE,"RETURN TO OFFICE, n. — An accounting exercise in which office-space costs are justified by compulsory video calls between adjacent desks.

",TRUE,"Included"
"at://did:plc:5lkre6fa7g2fi4kdyu3jkqyu/app.bsky.feed.post/3mw7qmg33b22v","RTO","It seems our government has money to spend on a ""philosophical choice"".

I got an idea how about we DO do some studies and YES we can use the results in a data driven fashion.

My money is that remote work would win, hence the lack of science being done.

ground.news/article/fede...","en",TRUE,"It seems our government has money to spend on a ""philosophical choice"".

I got an idea how about we DO do some studies and YES we can use the results in a data driven fashion.

My money is that remote work would win, hence the lack of science being done.

",TRUE,"Included"
"at://did:plc:zd75oeaqltsoejyxiobqbgct/app.bsky.feed.post/3mw7osjxkun2j","RTO","Driving beats out transit in ByWard Market to Orléans rush hour commute stress test","",FALSE,"Driving beats out transit in ByWard Market to Orléans rush hour commute stress test",FALSE,"Missing language tag"
"at://did:plc:wcbklqh2lyspt3oypwvrudl7/app.bsky.feed.post/3mw7jrsf5ts27","RTO","Federal government departments and agencies are set to spend more than $18 million to get their employees to work in the office more often.

https://cheknews.ca/federal-organizations-to-spend-more-than-18-million-on-return-to-office-1349637/","",FALSE,"Federal government departments and agencies are set to spend more than $18 million to get their employees to work in the office more often.

",FALSE,"Missing language tag"
"at://did:plc:537bsf4flfakwbwtgqziloc4/app.bsky.feed.post/3mw7b44ohfs25","RTO","I should dig into whether he's gone full ""return to office"" boss yet.","en",TRUE,"I should dig into whether he's gone full ""return to office"" boss yet.",TRUE,"Included"
"at://did:plc:amnhdrsyqrmpomj6qdzc3ved/app.bsky.feed.post/3mw77mce33v32","RTO","National government 🇨🇦 to spend more than $18M on return-to-office

https://toronto.citynews.ca/2026/09/23/federal-organizations-to-spend-more-than-18-million-on-return-to-office/
- - -
Le gouvernement national 🇨🇦 dépensera plus de 18M$ pour le retour en présentiel

// Article en anglais // […]","en",TRUE,"National government 🇨🇦 to spend more than $18M on return-to-office


- - -
Le gouvernement national 🇨🇦 dépensera plus de 18M$ pour le retour en présentiel

// Article en anglais // […]",TRUE,"Included"
"at://did:plc:p5arpzsgrom3icxxcmalkcn2/app.bsky.feed.post/3mw773oasm224","RTO","I just signed a @theactionnetwork.bsky.social petition: Stop the Hybrid Work Initiative Mandate! AFSCME Local 88 (Multnomah County workers)

 Sign here: actionnetwork.org/petitions/st... #Portland #PDX #MultCo","en",TRUE,"I just signed a @ petition: Stop the Hybrid Work Initiative Mandate! AFSCME Local 88 (Multnomah County workers)

 Sign here:  #Portland #PDX #MultCo",TRUE,"Included"
"at://did:plc:kstp56fjsymztwl5jppmn3vc/app.bsky.feed.post/3mw76jcesa22c","RTO","Cool cool. 

www.narcity.com/return-to-of...","en",TRUE,"Cool cool. 

",TRUE,"Included"
"at://did:plc:2szssqafu3t3ifhglh644yta/app.bsky.feed.post/3mw75mug7vy2c","RTO","OTTAWA – Federal government departments and agencies are set to spend more than $18 million to get their employees to work in the office more often. www.brandonsun.com/local/2026/0...  #bdnmb","",FALSE,"OTTAWA – Federal government departments and agencies are set to spend more than $18 million to get their employees to work in the office more often.   #bdnmb",FALSE,"Missing language tag"
"at://did:plc:cakwbuh7mddm7nnwp2dvbpmq/app.bsky.feed.post/3mw75cgm2la2j","RTO","OTTAWA – Federal government departments and agencies are set to spend more than $18 million to get their employees to work in the office more often.","",FALSE,"OTTAWA – Federal government departments and agencies are set to spend more than $18 million to get their employees to work in the office more often.",FALSE,"Missing language tag"
"at://did:plc:q6x6qsiuu4yax77igfiix7ng/app.bsky.feed.post/3mw7536vilc2p","RTO","Shock reverberated online following revelations that a defense contractor's confessed pay-to-play scheme implicating Sen. Susan Collins and potentially other members of Congress that triggered an FBI bribery investigation, was later dismantled following Trump's return to office.","en",TRUE,"Shock reverberated online following revelations that a defense contractor's confessed pay-to-play scheme implicating Sen. Susan Collins and potentially other members of Congress that triggered an FBI bribery investigation, was later dismantled following Trump's return to office.",TRUE,"Included"
"at://did:plc:zni6rcbmriv5e3ggiwqs3q3w/app.bsky.feed.post/3mw73dyahws2d","RTO","This should enrage even Republicans and MAGA, except IOKIYAR, and MAGA is a cult. 

""Then came Trump’s return to office...DOJ disbanded its public corruption unit. The investigation [into Susan Collins receiving $ in exchange for gov't military contracts] was dead."" -- Joyce Vance, Civil Discourse","en",TRUE,"This should enrage even Republicans and MAGA, except IOKIYAR, and MAGA is a cult. 

""Then came Trump's return to  disbanded its public corruption unit. The investigation [into Susan Collins receiving $ in exchange for gov't military contracts] was dead."" -- Joyce Vance, Civil Discourse",TRUE,"Included"
"at://did:plc:zd75oeaqltsoejyxiobqbgct/app.bsky.feed.post/3mw72ossojj2g","RTO","Federal organizations to spend more than $18 million on return-to-office","",FALSE,"Federal organizations to spend more than $18 million on return-to-office",FALSE,"Missing language tag"
"at://did:plc:gsnb3hhk6b4g5mznyfhusc52/app.bsky.feed.post/3mw72dja4oc2c","RTO","The government’s own original plan on real estate holdings, that it had already started implementing, would have seen nearly $40 billion over ten years in savings from reducing unneeded office space. 

ottawacitizen.com/public-servi...","fr",FALSE,"The government's own original plan on real estate holdings, that it had already started implementing, would have seen nearly $40 billion over ten years in savings from reducing unneeded office space. 

",FALSE,"Non-English or mixed language tags"
"at://did:plc:xhohr4frmxubpwya7b2bjz75/app.bsky.feed.post/3mw6ztksvni2p","RTO","Federal organizations to spend more than $18 million on return-to-office (Canada)","en",TRUE,"Federal organizations to spend more than $18 million on return-to-office (Canada)",TRUE,"Included"
"at://did:plc:nhf5tgy2wzwrvwzuxtsvpowr/app.bsky.feed.post/3mw6zrtvsjo2f","RTO","With Cultus Lake’s future top of mind, Park Board commissioner seeks return to office","",FALSE,"With Cultus Lake's future top of mind, Park Board commissioner seeks return to office",FALSE,"Missing language tag"
"at://did:plc:f32itkq6hmwnbpcnrtttek5e/app.bsky.feed.post/3mw6zkjmpsc22","RTO","Federal organizations to spend more than $18 million on return-to-office","en",TRUE,"Federal organizations to spend more than $18 million on return-to-office",TRUE,"Included"
"at://did:plc:bt7kfr2xzk4eb6tngnhimexs/app.bsky.feed.post/3mw6wsi7li22e","RTO","I hear Tim Houston cares a lot about traffic congestion. Maybe he'll reconsider his return to office mandate for provincial employees.

Narrator: He absolutely will NOT reconsider his RTO mandate.","en",TRUE,"I hear Tim Houston cares a lot about traffic congestion. Maybe he'll reconsider his return to office mandate for provincial employees.

Narrator: He absolutely will NOT reconsider his RTO mandate.",TRUE,"Included"
"at://did:plc:3f56lfqzjqxvu7gh3asyfchx/app.bsky.feed.post/3mw6tnbkhrs2c","RTO","A huge thank you to my MP, @heathermcpherson.bsky.social, for asking the right questions!
ottawacitizen.com/public-servi...","en",TRUE,"A huge thank you to my MP, @, for asking the right questions!
",TRUE,"Included"
"at://did:plc:lzcshngqcu5va5mrpodf6rae/app.bsky.feed.post/3mw6riclff32b","RTO","A new survey by Robert Half shows that 84% of Boston job postings are now fully on-site as the return-to-office comes back in full swing. trib.al/pDjZKNW","",FALSE,"A new survey by Robert Half shows that 84% of Boston job postings are now fully on-site as the return-to-office comes back in full swing. ",FALSE,"Missing language tag"
"at://did:plc:uk7lwo2kembqgxlb7f2qi2bq/app.bsky.feed.post/3mw6r2qbczk23","RTO","More than a year and a half into Trump's return to office, a solid majority of voters (59%) continue to disapprove of the president's performance in office while 39% approve.

Overall disapproval has remained the same since May but the intensity of that disapproval has increased:","en",TRUE,"More than a year and a half into Trump's return to office, a solid majority of voters (59%) continue to disapprove of the president's performance in office while 39% approve.

Overall disapproval has remained the same since May but the intensity of that disapproval has increased:",TRUE,"Included"
"at://did:plc:bt7kfr2xzk4eb6tngnhimexs/app.bsky.feed.post/3mw6qbspdvk2e","RTO","I was fully remote for six years until a return to office 3 days a week this year. I'd love to NOT be contributing to this traffic.","en",TRUE,"I was fully remote for six years until a return to office 3 days a week this year. I'd love to NOT be contributing to this traffic.",TRUE,"Included"
"at://did:plc:bxnvuiq2ni4bdersd5nnnmqe/app.bsky.feed.post/3mw6p62cb4i23","RTO","Appeals Court Rejects ICE Detention Policy, Comparing It To WWII Japanese Internment www.techdirt.com/2026/09/22/a...","",FALSE,"Appeals Court Rejects ICE Detention Policy, Comparing It To WWII Japanese Internment ",FALSE,"Missing language tag"
"at://did:plc:jlafm6izvgdkspc55swp4hp5/app.bsky.feed.post/3mw6lmmuvhk2o","RTO","www.cnn.com/2026/09/19/u...","en",TRUE,"",FALSE,"No retained English word tokens"
"at://did:plc:k3n5amejalosp3ursaq66u6h/app.bsky.feed.post/3mw6fkik3uo2u","RTO","Amazon contacts eligible former employees, including some laid off, to fill open roles in AI/ML and cloud, offering faster rehire paths and asking about return-to-office impact.
","",FALSE,"Amazon contacts eligible former employees, including some laid off, to fill open roles in AI/ML and cloud, offering faster rehire paths and asking about return-to-office impact.
",FALSE,"Missing language tag"
"at://did:plc:kdxjhdszdrd63r4t6pnseltd/app.bsky.feed.post/3mw65s3s5cs2u","RTO","Appeals Court Rejects ICE Detention Policy, Comparing It To WWII Japanese Internment | Techdirt www.techdirt.com/2026/09/22/a...","en",TRUE,"Appeals Court Rejects ICE Detention Policy, Comparing It To WWII Japanese Internment | Techdirt ",TRUE,"Included"
"at://did:plc:bb6o4qzst4jn7ccoicd4frcz/app.bsky.feed.post/3mw5i7dfe222p","RTO","I just signed a @theactionnetwork.bsky.social petition: Stop the Hybrid Work Initiative Mandate!. Sign here: actionnetwork.org/petitions/st...","en",TRUE,"I just signed a @ petition: Stop the Hybrid Work Initiative Mandate!. Sign here: ",TRUE,"Included"
"at://did:plc:i72ngnaco7hjpptq3bjc4ih6/app.bsky.feed.post/3mw5hzb7jbc2l","RTO","Still mourning that what was supposed to be my gay guy job implemented a return to office and dashed my plans of moving out of this state","en",TRUE,"Still mourning that what was supposed to be my gay guy job implemented a return to office and dashed my plans of moving out of this state",TRUE,"Included"
"at://did:plc:oh6o4qooe2apifd7rxwt27vb/app.bsky.feed.post/3mw5dv4fhm22m","RTO","""Revelations that a defense contractor's confessed pay-to-play scheme implicating Sen. Susan Collins and potentially other members of Congress that triggered an FBI bribery investigation, was later dismantled following President Donald Trump's return to office.""

www.rawstory.com/susan-collin...","en",TRUE,"""Revelations that a defense contractor's confessed pay-to-play scheme implicating Sen. Susan Collins and potentially other members of Congress that triggered an FBI bribery investigation, was later dismantled following President Donald Trump's return to office.""

",TRUE,"Included"
"at://did:plc:p3ounric4vjiajmut2ypasfs/app.bsky.feed.post/3mw5bffkwah2t","RTO","Federal organizations to spend at least $18 million on return to office ottawacitizen.com/public-servi...","",FALSE,"Federal organizations to spend at least $18 million on return to office ",FALSE,"Missing language tag"
"at://did:plc:dym2mk5usr3kycmfcaf7exj5/app.bsky.feed.post/3mw5auxjgwe2i","RTO","FBI Probe Into Susan Collins’ Donor Ties Died After Trump Purged Corruption Team FBI agents were preparing a broader bribery investigation involving Sen. Susan Collins and former defense contractor Martin Kao when Donald Trump’s return to office effectively pulled the plug—an inconvenient ending for","en",TRUE,"FBI Probe Into Susan Collins' Donor Ties Died After Trump Purged Corruption Team FBI agents were preparing a broader bribery investigation involving Sen. Susan Collins and former defense contractor Martin Kao when Donald Trump's return to office effectively pulled the plug—an inconvenient ending for",TRUE,"Included"
"at://did:plc:pp2y33525jf5xkyg4pfqkdvd/app.bsky.feed.post/3mw5adxddwc2u","RTO","Appeals Court Rejects ICE Detention Policy, Comparing It To WWII Japanese Internment www.techdirt.com/2026/09/22/a...","en",TRUE,"Appeals Court Rejects ICE Detention Policy, Comparing It To WWII Japanese Internment ",TRUE,"Included"
"at://did:plc:x6uv74t6jfunot7iajxdqr4u/app.bsky.feed.post/3mw57hai7js27","RTO","it's like everyone got called up to return to office to undergo mandatory ergot poisoning","en",TRUE,"it's like everyone got called up to return to office to undergo mandatory ergot poisoning",TRUE,"Included"
"at://did:plc:epf7jjx4ldldhkljicnicwkb/app.bsky.feed.post/3mw57evvx6k2n","RTO","Punchline is they actually let me go and others because of the return to office mandate, and then they were understaffed and overworked. 

After 7 months- So they hired me and the other people that they let go back to work and from home!

They’re doing it again. 🫩🙄","en",TRUE,"Punchline is they actually let me go and others because of the return to office mandate, and then they were understaffed and overworked. 

After 7 months- So they hired me and the other people that they let go back to work and from home!

They're doing it again. 🫩🙄",TRUE,"Included"
"at://did:plc:wnhlwfb44kfyi4gb6yc2tvbz/app.bsky.feed.post/3mw56qjo7oc2v","RTO","Précis of David A. Graham’s Political Commentary ⤵","en",TRUE,"Précis of David A. Graham's Political Commentary ⤵",TRUE,"Included"
"at://did:plc:4verduwyiianamrox2vv6lur/app.bsky.feed.post/3mw55jl6ndc2y","RTO","🚨'September surprise' rocks Susan Collins' campaign 

A defense contractor's confessed pay-to-play scheme implicating Sen. Susan Collins triggered an FBI bribery investigation - which was later dropped following President Donald Trump's return to office.","en",TRUE,"🚨'September surprise' rocks Susan Collins' campaign 

A defense contractor's confessed pay-to-play scheme implicating Sen. Susan Collins triggered an FBI bribery investigation - which was later dropped following President Donald Trump's return to office.",TRUE,"Included"
"at://did:plc:lrkizbdptss2a2xap7xyfa7x/app.bsky.feed.post/3mw54vnsy722u","RTO","*Don't leave out the important detail that Trump killed all such investigations upon his return to office.","en",TRUE,"*Don't leave out the important detail that Trump killed all such investigations upon his return to office.",TRUE,"Included"
"at://did:plc:bmf5cwfz3hmis4g2itmdkoe5/app.bsky.feed.post/3mw54su77jz2n","RTO","Appeals Court Rejects ICE Detention Policy, Comparing It To WWII Japanese Internment
https://www.techdirt.com/2026/09/22/appeals-court-rejects-ice-detention-policy-comparing-it-to-wwii-japanese-internment/","en",TRUE,"Appeals Court Rejects ICE Detention Policy, Comparing It To WWII Japanese Internment
",TRUE,"Included"
"at://did:plc:rghsmk5gzlb7s2tv5olsc2jk/app.bsky.feed.post/3mw53kek4jj2p","RTO","Appeals Court Rejects ICE Detention Policy, Comparing It To WWII Japanese Internment #Technology 

https://www.techdirt.com/2026/09/22/appeals-court-rejects-ice-detention-policy-comparing-it-to-wwii-japanese-internment/","",FALSE,"Appeals Court Rejects ICE Detention Policy, Comparing It To WWII Japanese Internment #Technology 

",FALSE,"Missing language tag"
"at://did:plc:l4edfel22exejp7mewt6f3ky/app.bsky.feed.post/3mw52e2d4ydql","RTO","Appeals Court Rejects ICE Detention Policy, Comparing It To WWII Japanese Internment

Ever since Trump's return to office, almost every federal law enforcement agency has...

https://www.techdirt.com/2026/09/22/appeals-court-rejects-ice-detention-policy-comparing-it-to-wwii-japanese-internment/","en",TRUE,"Appeals Court Rejects ICE Detention Policy, Comparing It To WWII Japanese Internment

Ever since Trump's return to office, almost every federal law enforcement agency has...

",TRUE,"Included"
"at://did:plc:oeu4ucl3a3seffuwtpb3fuic/app.bsky.feed.post/3mw4vzncwks2k","RTO","If you can't grasp why someone would say that, or need ask if these people are real, you can't effective as a ""Nazi repellent.""

If Biden/Garland had taken the threat of fascism by trump seriously he wouldn't have been able to return to office. 

Liberals like them & Schumer  enabled trump.","en",TRUE,"If you can't grasp why someone would say that, or need ask if these people are real, you can't effective as a ""Nazi repellent.""

If Biden/Garland had taken the threat of fascism by trump seriously he wouldn't have been able to return to office. 

Liberals like them & Schumer  enabled trump.",TRUE,"Included"
"at://did:plc:lr5ueplskwm3lgahgojpavq7/app.bsky.feed.post/3mw4uybpg5c24","RTO","Let’s recap: 
The state workers who quite literally saved your ass during a recall get told tough shit return to office (while fuel costs are climbing)

You let Paramount bully you like a chump 

You failed to protect the trans community again 

And that’s just today 

Do better cousin","en",TRUE,"Let's recap: 
The state workers who quite literally saved your ass during a recall get told tough shit return to office (while fuel costs are climbing)

You let Paramount bully you like a chump 

You failed to protect the trans community again 

And that's just today 

Do better cousin",TRUE,"Included"
"at://did:plc:pcmzn3lb3n6vha766ajfsee6/app.bsky.feed.post/3mw4uwhsec22q","RTO","Shock reverberated online following revelations that a defense contractor's confessed pay-to-play scheme implicating Sen. Susan Collins and potentially other members of Congress that triggered an FBI bribery investigation, was later dismantled following Trump's return to office. bit.ly/4iDFsfK","en",TRUE,"Shock reverberated online following revelations that a defense contractor's confessed pay-to-play scheme implicating Sen. Susan Collins and potentially other members of Congress that triggered an FBI bribery investigation, was later dismantled following Trump's return to office. ",TRUE,"Included"
"at://did:plc:oedszs2ysmtf4o6wy5ymlhyr/app.bsky.feed.post/3mw4o4ezlnc2a","RTO","She must be investigated as soon as the Dems return to office. I'm hoping that shortly after the Dems regain power, Trump will be impeached, removed & incarcerated for his slew of crimes. I know wishful thinking.","en",TRUE,"She must be investigated as soon as the Dems return to office. I'm hoping that shortly after the Dems regain power, Trump will be impeached, removed & incarcerated for his slew of crimes. I know wishful thinking.",TRUE,"Included"
"at://did:plc:z52bdjyokxx3ya6tsjshqt4p/app.bsky.feed.post/3mw4nlpfwkv2a","RTO","#RTO als Mittel zum Personalabbau? Wohl kaum. Dies würde ungesteuerte Fluktuation, auch von Leistungsträgern, in Kauf nehmen.
www.personalwirtschaft.de/news/hr-orga...","",FALSE,"#RTO als Mittel zum Personalabbau? Wohl kaum. Dies würde ungesteuerte Fluktuation, auch von Leistungsträgern, in Kauf nehmen.
",FALSE,"Missing language tag"
"at://did:plc:3hnxmle2hfbilxnzcpr2yhrw/app.bsky.feed.post/3mw4mweusq22x","RTO","Shock reverberated online following revelations that a defense contractor's confessed pay-to-play scheme implicating Sen. Susan Collins (R-ME) and potentially other members of Congress that triggered an FBI bribery investigation, was later dismantled following President Trump's return to office.","en",TRUE,"Shock reverberated online following revelations that a defense contractor's confessed pay-to-play scheme implicating Sen. Susan Collins (R-ME) and potentially other members of Congress that triggered an FBI bribery investigation, was later dismantled following President Trump's return to office.",TRUE,"Included"
"at://did:plc:x5ssau6qr52mikzicpfi6xzk/app.bsky.feed.post/3mw4mnhau7k2c","RTO","A pay-to-play scheme implicating Sen. Collins (R-ME) that triggered an FBI bribery investigation, was later dismantled following Trump's return to office. #FBI #Corruption

'September surprise' rocks Susan Collins' campaign and sparks frenzy: 'Call your lawyer' www.rawstory.com/susan-collin...","en",TRUE,"A pay-to-play scheme implicating Sen. Collins (R-ME) that triggered an FBI bribery investigation, was later dismantled following Trump's return to office. #FBI #Corruption

'September surprise' rocks Susan Collins' campaign and sparks frenzy: 'Call your lawyer' ",TRUE,"Included"
"at://did:plc:4fjlxgdpuqxfqnzvvbj56q5f/app.bsky.feed.post/3mw4lvic4na2d","RTO","Shock reverberated online following revelations that a defense contractor's confessed pay-to-play scheme implicating Sen. Susan Collins and potentially other members of Congress that triggered an FBI bribery investigation, was later dismantled following President Donald Trump's return to office.","",FALSE,"Shock reverberated online following revelations that a defense contractor's confessed pay-to-play scheme implicating Sen. Susan Collins and potentially other members of Congress that triggered an FBI bribery investigation, was later dismantled following President Donald Trump's return to office.",FALSE,"Missing language tag"
"at://did:plc:ebovc3hnxjadg5cuul6geibu/app.bsky.feed.post/3mw4l43tc522d","RTO","From ProPublica, US Senator Susan Collins is as dirty a politician as they come.

Fortunately for her, Trump's return to office saved her a$$.","en",TRUE,"From ProPublica, US Senator Susan Collins is as dirty a politician as they come.

Fortunately for her, Trump's return to office saved her a$$.",TRUE,"Included"
"at://did:plc:ndiridku6fjpliymq4pi3ag5/app.bsky.feed.post/3mw4hssjcn22b","RTO","FBI Bribery Investigation into Senator Susan Collins' Campaign Dismantled After Trump's Return to Office

🤖 IA: It's clickbait ⚠️
👥 Users: It's clickbait ⚠️

#corruption #fbi 

👇👇👇","",FALSE,"FBI Bribery Investigation into Senator Susan Collins' Campaign Dismantled After Trump's Return to Office

🤖 IA: It's clickbait ⚠️
👥 Users: It's clickbait ⚠️

#corruption #fbi 

👇👇👇",FALSE,"Missing language tag"
"at://did:plc:zm6crgy7vicgqltktsu3rtw4/app.bsky.feed.post/3mw4hcym5mk25","RTO","3. A job market that was still technically pretty good but was also marred by some of the “revenge of the bosses” stuff: return to office mandates, massive tech layoffs, increasingly odious application processes, etc.","en",TRUE,"3. A job market that was still technically pretty good but was also marred by some of the “revenge of the bosses” stuff: return to office mandates, massive tech layoffs, increasingly odious application processes, etc.",TRUE,"Included"
"at://did:plc:hsxkznpef3lfmemvc5gjbyzw/app.bsky.feed.post/3mw4h72gnqy2g","RTO","🚨 How return-to-office mandates are quietly eating away at America’s future — Report Report

🏷️ WorldNews

📖 https://www.bnewso.com/2026/09/how-return-to-office-mandates-are.html

#BNewsO #BreakingNews","",FALSE,"🚨 How return-to-office mandates are quietly eating away at America's future — Report Report

🏷️ WorldNews

📖 

#BNewsO #BreakingNews",FALSE,"Missing language tag"
"at://did:plc:2wzcvs65wtf4lvyy3t7ogcas/app.bsky.feed.post/3mw4fxurean2y","RTO","Employees increasingly work weekends and view return-to-office mandates as optics driven by leadership visibility, while AI raises output expectations.
","",FALSE,"Employees increasingly work weekends and view return-to-office mandates as optics driven by leadership visibility, while AI raises output expectations.
",FALSE,"Missing language tag"
"at://did:plc:jlf6u3amiq5qgpwtiyedp7os/app.bsky.feed.post/3mw4fu5cg4u2k","RTO","Employees increasingly work weekends and view return-to-office mandates as optics driven by leadership visibility, while AI raises output expectations.
","",FALSE,"Employees increasingly work weekends and view return-to-office mandates as optics driven by leadership visibility, while AI raises output expectations.
",FALSE,"Missing language tag"
"at://did:plc:byadumx3dtrx6xs7qksrke3w/app.bsky.feed.post/3mw4ecr2nks2b","RTO","“revelations that a defense contractor's confessed pay-to-play scheme implicating Sen. Susan Collins (R-ME) and potentially other members of Congress that triggered an FBI bribery investigation, was later dismantled following President Donald Trump's return to office”","en",TRUE,"“revelations that a defense contractor's confessed pay-to-play scheme implicating Sen. Susan Collins (R-ME) and potentially other members of Congress that triggered an FBI bribery investigation, was later dismantled following President Donald Trump's return to office”",TRUE,"Included"
"at://did:plc:bapz3lkf3u5d73knrbresvjh/app.bsky.feed.post/3mw4e4j4wys2b","RTO","""...revelations that a defense contractor's confessed pay-to-play scheme implicating Sen. Susan Collins (R-ME) and potentially other members of Congress that triggered an FBI bribery investigation, was later dismantled following Trump's return to office.""

www.rawstory.com/susan-collin...","en",TRUE,"""...revelations that a defense contractor's confessed pay-to-play scheme implicating Sen. Susan Collins (R-ME) and potentially other members of Congress that triggered an FBI bribery investigation, was later dismantled following Trump's return to office.""

",TRUE,"Included"
"at://did:plc:xtsrec7b5i5vhq72akottzwu/app.bsky.feed.post/3mw4dykmk6c2i","RTO"," ...a defense contractor's confessed pay-to-play scheme implicating Sen. Susan Collins (R-ME) and potentially other members of Congress that triggered an FBI bribery investigation, was later dismantled following President Donald Trump's return to office.

www.rawstory.com/susan-collin...","en",TRUE," ...a defense contractor's confessed pay-to-play scheme implicating Sen. Susan Collins (R-ME) and potentially other members of Congress that triggered an FBI bribery investigation, was later dismantled following President Donald Trump's return to office.

",TRUE,"Included"
"at://did:plc:hx3hu6ty33whwxniwcilysib/app.bsky.feed.post/3mw4dbkawzc2m","RTO","economy.ac/review/2026/...","nl",FALSE,"",FALSE,"Non-English or mixed language tags"
"at://did:plc:wjatbj4hiinxfqaeixaw2bcp/app.bsky.feed.post/3mw4cadcwhj2y","RTO","How return-to-office mandates are quietly eating away at America’s future #TheHill","",FALSE,"How return-to-office mandates are quietly eating away at America's future #TheHill",FALSE,"Missing language tag"
"at://did:plc:vjjiidurfgumg7bt32b6trma/app.bsky.feed.post/3mw4c3gzc2223","RTO","How return-to-office mandates are quietly eating away at America’s future.
thehill.com/opinion/educ...","en",TRUE,"How return-to-office mandates are quietly eating away at America's future.
",TRUE,"Included"
"at://did:plc:my22cpwdfhljxqnv5oou466p/app.bsky.feed.post/3mw47drqkgk2j","RTO","How much of the safety I worked for depends on arrangements I would condemn from the other side?

Just my morning musings on my commute. The benefit of return to office mandates /s","en",TRUE,"How much of the safety I worked for depends on arrangements I would condemn from the other side?

Just my morning musings on my commute. The benefit of return to office mandates /s",TRUE,"Included"
"at://did:plc:cmqpixo6f3m5io5xb5sodgqp/app.bsky.feed.post/3mw43hgzwgk2u","RTO","Cordis - Les experts se sont-ils trompés concernant télétravail? - https://arfy.fr/dotclear/index.php?post/2026/09/22/Cordis-Les-experts-se-sont-ils-trompes-concernant-teletravail","fr",FALSE,"Cordis - Les experts se sont-ils trompés concernant télétravail? - ",FALSE,"Non-English or mixed language tags"
"at://did:plc:ig6ud2gdvwjanqtdo77mllls/app.bsky.feed.post/3mw3etggtks2k","RTO","I just don't buy the pitch that AI agents should do shopping and errands for us from the EXACT same dickheads that said mandated return-to-office because of the human element of collaboration.","en",TRUE,"I just don't buy the pitch that AI agents should do shopping and errands for us from the EXACT same dickheads that said mandated return-to-office because of the human element of collaboration.",TRUE,"Included"
"at://did:plc:skmgwpceqsuk6rx23snu4vp7/app.bsky.feed.post/3mw3auaotqc2r","RTO","Yo @gavinnewsom.bsky.social if you have presidential ambitions , you are FUCKING IT MAJORLY . I won’t vote for you ever again.

calmatters.org/politics/202...","en",TRUE,"Yo @ if you have presidential ambitions , you are FUCKING IT MAJORLY . I won't vote for you ever again.

",TRUE,"Included"
"at://did:plc:3eiwusriemnybmaqb4adhb45/app.bsky.feed.post/3mw37utga232c","RTO","A Return-to-Office...Boom?

https://ift.tt/hVSeECZ

via RealClearPolitics - Homepage https://ift.tt/KmZjsMn

September 21, 2026 at 07:51PM","",FALSE,"A 



via RealClearPolitics - Homepage 

September 21, 2026 at 07:51PM",FALSE,"Missing language tag"
"at://did:plc:e6jtgcnpnczkhddeifzunkm3/app.bsky.feed.post/3mw2kyjaylk2r","RTO","The guy who made the “mandatory return to office” executive order is on the side of the bosses?? What ??","en",TRUE,"The guy who made the “mandatory return to office” executive order is on the side of the bosses?? What ??",TRUE,"Included"
"at://did:plc:i33wwtiznmzhhuef7ket7gos/app.bsky.feed.post/3mw2hvfkdic2o","RTO","The MELT ICE Act points to a path away from ICE violence. We should all be aware of it, and explaining it to our congressional representatives 👇🏾 
truthout.org/articles/peo...","en",TRUE,"The MELT ICE Act points to a path away from ICE violence. We should all be aware of it, and explaining it to our congressional representatives 👇🏾 
",TRUE,"Included"
"at://did:plc:wxdnmvggvakncn3a5tlmukuz/app.bsky.feed.post/3mw276mtxlk2p","RTO","When a return-to-office mandate is just about the boss’s narcissism thehill.com/opinion/tech...","en",TRUE,"When a return-to-office mandate is just about the boss's narcissism ",TRUE,"Included"
"at://did:plc:bwwoh2ixdye575swu2bonuif/app.bsky.feed.post/3mw275vvu522n","RTO","When a return-to-office mandate is just about the boss’s narcissism buff.ly/14lxMVw","",FALSE,"When a return-to-office mandate is just about the boss's narcissism ",FALSE,"Missing language tag"
"at://did:plc:coxw42c3q3ipmaujxv3vwvjv/app.bsky.feed.post/3mw224wahrs2a","RTO","man what a great time for my employer to be pushing return-to-office","en",TRUE,"man what a great time for my employer to be pushing return-to-office",TRUE,"Included"
"at://did:plc:qhbq2inifs4oyg4koinhwoit/app.bsky.feed.post/3mvzvur2mvk2m","RTO","Absentee governor, @gavinnewsom.bsky.social, who works remote vetoes bill to allow state employees to do the same and save the state over 200M. This piece of 💩 better not sniff the 2028 nomination. He's just a corporate tool with absolutely zero political convictions. 
calmatters.org/politics/202...","en",TRUE,"Absentee governor, @, who works remote vetoes bill to allow state employees to do the same and save the state over 200M. This piece of 💩 better not sniff the 2028 nomination. He's just a corporate tool with absolutely zero political convictions. 
",TRUE,"Included"
"at://did:plc:jp7id76fo2wh7bylcs54zecq/app.bsky.feed.post/3mvzm642tqs2g","RTO","While he manipulates the market daily:

President Donald Trump's investment accounts have executed nearly 28,700 stock trades worth over $1 billion since his return to office in January 2025 through June 2026, surpassing the trading volume of all members of Congress combined.

Lock him up!","en",TRUE,"While he manipulates the market daily:

President Donald Trump's investment accounts have executed nearly 28,700 stock trades worth over $1 billion since his return to office in January 2025 through June 2026, surpassing the trading volume of all members of Congress combined.

Lock him up!",TRUE,"Included"
"at://did:plc:uh5s7nhiyj3roppkwjsfsaqk/app.bsky.feed.post/3mvz74gw6l22y","RTO","As a non-American, I've said this before: too much analysis, too many memes circulating, not enough action, from the very beginning of Trump’s return to office.","en",TRUE,"As a non-American, I've said this before: too much analysis, too many memes circulating, not enough action, from the very beginning of Trump's return to office.",TRUE,"Included"
"at://did:plc:njfrnnxu6hnjjwgmvwfhz266/app.bsky.feed.post/3mvyavfebnc2d","RTO","It's because for most of that decade, he was doing what he's been doing but it never seemed to dampen his support. He just power-of-positive-thinking-ed himself to enough support to return to office. 

But now, after a decade of accepting that this was the way things would be forever, it changed.","en",TRUE,"It's because for most of that decade, he was doing what he's been doing but it never seemed to dampen his support. He just power-of-positive-thinking-ed himself to enough support to return to office. 

But now, after a decade of accepting that this was the way things would be forever, it changed.",TRUE,"Included"
"at://did:plc:xqimk6zq5bkqy7okwdqzjv7j/app.bsky.feed.post/3mvy75mlyuk2n","RTO","Tech CEO Mandates 5-Day Return to Office From 400-Foot Superyacht Anchored Off Monaco

Read full story at: 
thewrongtimes.com/tech-ceo-man...

#satire #monaco #returntooffice #yacht

Subscribe to our newsletter for week’s finest evidence against human progress, delivered straight to your inbox.","en",TRUE,"Tech CEO Mandates 5-Day Return to Office From 400-Foot Superyacht Anchored Off Monaco

Read full story at: 


#satire #monaco #returntooffice #yacht

Subscribe to our newsletter for week's finest evidence against human progress, delivered straight to your inbox.",TRUE,"Included"
"at://did:plc:kb6hmixlzjnnms52ddqzt34v/app.bsky.feed.post/3mvxqjaxpxc23","RTO","Maaan, I will blow a gasket over the return to office shit, not because I do remote work (i hate it actually) but because it directly benefits everyone who can, in time and money. Deeply unfair that a customer service rep can do it from home, made to drive 15 miles to do it.","en",TRUE,"Maaan, I will blow a gasket over the return to office shit, not because I do remote work (i hate it actually) but because it directly benefits everyone who can, in time and money. Deeply unfair that a customer service rep can do it from home, made to drive 15 miles to do it.",TRUE,"Included"
"at://did:plc:qds55orfjlqxu4mithh4dp5k/app.bsky.feed.post/3mvxnzf4ngk27","RTO","I hope people remember who Newsom is when he's running fro president. 

Fuck this guy. 

calmatters.org/politics/202...","en",TRUE,"I hope people remember who Newsom is when he's running fro president. 

Fuck this guy. 

",TRUE,"Included"
"at://did:plc:nvtu3vbuqysltcg5rvpxp43z/app.bsky.feed.post/3mvxnsr3u5k2q","RTO","Jacob Soboroff @jacobsoboroff 

“…ICE has been detaining a record number of pregnant women since Donald Trump's return to office. According to records obtained by The Guardian, the agency also ""lost count"" of miscarriages suffered by women held in detention almost a year ago.”","en",TRUE,"Jacob Soboroff  

“…ICE has been detaining a record number of pregnant women since Donald Trump's return to office. According to records obtained by The Guardian, the agency also ""lost count"" of miscarriages suffered by women held in detention almost a year ago.”",TRUE,"Included"
"at://did:plc:pdbljy6r5xannyn2ksdgqcj5/app.bsky.feed.post/3mvxknx6r3s2l","RTO","Apparently this man learned nothing from the white collar rebellion and subsequent brain drain when companies and agencies tried to force people to return to office.","en",TRUE,"Apparently this man learned nothing from the white collar rebellion and subsequent brain drain when companies and agencies tried to force people to return to office.",TRUE,"Included"
"at://did:plc:cfpay6yqcmxlvjjmc3n7tn4a/app.bsky.feed.post/3mvxcl3ur3e2u","RTO","Trump’s return to office in 2025 brought ghastly assaults on higher education—student abductions, financial extortion, curricular bans, corrupt federal “investigations.” Yet this academic year, another battle has been within the New School itself.","",FALSE,"Trump's return to office in 2025 brought ghastly assaults on higher education—student abductions, financial extortion, curricular bans, corrupt federal “investigations.” Yet this academic year, another battle has been within the New School itself.",FALSE,"Missing language tag"
"at://did:plc:7cffkosuv6pkahh6lv4ltqxy/app.bsky.feed.post/3mvwvusxgcs25","RTO","Newsom is not the guy

Don’t make him the guy","en",TRUE,"Newsom is not the guy

Don't make him the guy",TRUE,"Included"
"at://did:plc:yzgrugzor7u52dr2odync63c/app.bsky.feed.post/3mvwgk6ikk223","RTO","Meta’s HR leadership has reinforced a three-day-per-week office requirement for employees assigned to an office, with monthly manager compliance reviews and potential disciplinary action, including termination, for repeated non-compliance.","",FALSE,"Meta's HR leadership has reinforced a three-day-per-week office requirement for employees assigned to an office, with monthly manager compliance reviews and potential disciplinary action, including termination, for repeated non-compliance.",FALSE,"Missing language tag"
"at://did:plc:hrn42gthzwop7nguf3j5jefo/app.bsky.feed.post/3mvw4fr6e7s2p","RTO","They'll just roll back all of those ""Return to office mandates"". Can't drive to work? Work from home. We're not giving you a raise. No power? Figure it out!","en",TRUE,"They'll just roll back all of those ""Return to office mandates"". Can't drive to work? Work from home. We're not giving you a raise. No power? Figure it out!",TRUE,"Included"
"at://did:plc:mtzw4emfxtpwjithyozngovg/app.bsky.feed.post/3mvvzvi2rpk2e","RTO","Meanwhile, this jerk...","en",TRUE,"Meanwhile, this jerk...",TRUE,"Included"
"at://did:plc:ewsz7atf44jgzmzumurcfib4/app.bsky.feed.post/3mvvxq7dtqk26","RTO","substack.com/@jacobsoboro...","en",TRUE,"",FALSE,"No retained English word tokens"
"at://did:plc:dw2ayzj7ay2s3zo52rpzx4u5/app.bsky.feed.post/3mvvrekv3cc2c","RTO","ICE has been detaining a record number of pregnant women since Donald Trump’s return to office. According to records obtained by The Guardian, the agency also ""lost count” of miscarriages suffered by women held in detention almost a year ago. youtu.be/bR3xgS0XMos?...","en",TRUE,"ICE has been detaining a record number of pregnant women since Donald Trump's return to office. According to records obtained by The Guardian, the agency also ""lost count” of miscarriages suffered by women held in detention almost a year ago. ",TRUE,"Included"
"at://did:plc:l4wyttp2ibuqir6obnlcbtnk/app.bsky.feed.post/3mvvpgryhhc2j","RTO","kcra.com/article/news...","en",TRUE,"",FALSE,"No retained English word tokens"
"at://did:plc:q34vhlgxopyzzz3j5gknxsdm/app.bsky.feed.post/3mvvpbswikc2o","RTO","SACRAMENTO, Calif. — Gov. Gavin Newsom vetoed a bill requiring state agencies to offer telework or justify in-office mandates, following his July 1 return-to-office order.","en",TRUE,"SACRAMENTO, Calif. — Gov. Gavin Newsom vetoed a bill requiring state agencies to offer telework or justify in-office mandates, following his July 1 return-to-office order.",TRUE,"Included"
"at://did:plc:dtg2oeh4jj3lmbcxyxl6nm34/app.bsky.feed.post/3mvvov2qcc424","RTO","Many California public employees want more flexibility to work from home than Gov. Gavin Newsom's return-to-office policy allows","en",TRUE,"Many California public employees want more flexibility to work from home than Gov. Gavin Newsom's return-to-office policy allows",TRUE,"Included"
"at://did:plc:skccihdfrp5o4c6gw3x3n475/app.bsky.feed.post/3mvvmxy42ek2z","RTO","REPORT: ICE LOST COUNT of miscarriages in detention - MS NOW apple.news/Ao0e49l5VQp-...","ja",FALSE,"REPORT: ICE LOST COUNT of miscarriages in detention - MS NOW ",FALSE,"Non-English or mixed language tags"
"at://did:plc:ivdi2bkorynmqxsfctxowtd4/app.bsky.feed.post/3mvvlavfz3v2u","RTO","Gavin Newsom vetoes bill to loosen work-from-home rules for state workers

Many California public employees want more flexibility to work from home than Gov. Gavin Newsom's return-to-office policy allows","",FALSE,"Gavin Newsom vetoes bill to loosen work-from-home rules for state workers

Many California public employees want more flexibility to work from home than Gov. Gavin Newsom's return-to-office policy allows",FALSE,"Missing language tag"
"at://did:plc:443arya3g7jvqz5jyr75555x/app.bsky.feed.post/3mvvennw4ls2j","RTO","According to new reporting, ICE has been detaining a record number of pregnant women since Donald Trump’s return to office. According to records, the agency also ""lost count” of miscarriages suffered by women held in detention almost a year ago.","en",TRUE,"According to new reporting, ICE has been detaining a record number of pregnant women since Donald Trump's return to office. According to records, the agency also ""lost count” of miscarriages suffered by women held in detention almost a year ago.",TRUE,"Included"
"at://did:plc:ncva6zby5n2spqewkaps4mi4/app.bsky.feed.post/3mvvdqckkds2i","RTO","President Trump’s First Week Begins with Rollout of White Supremacist Policies and Pardons.
www.amnestyusa.org/blog/preside...","en",TRUE,"President Trump's First Week Begins with Rollout of White Supremacist Policies and Pardons.
",TRUE,"Included"
"at://did:plc:mxb6svvmpslxwn36hbnn4o4z/app.bsky.feed.post/3mvvauw3m2c23","RTO","Between January and October of 2025, DHS data shows that 18 women were reported to have miscarried while detained by ICE. 

After that? Nothing.

A new report from @us.theguardian.com shows that women have continued to experience miscarriages, ICE just stopped counting.","en",TRUE,"Between January and October of 2025, DHS data shows that 18 women were reported to have miscarried while detained by ICE. 

After that? Nothing.

A new report from @ shows that women have continued to experience miscarriages, ICE just stopped counting.",TRUE,"Included"
"at://did:plc:yojdnfrxcrft4fgm6lroa2ni/app.bsky.feed.post/3mvvaapxp5c2q","RTO","www.cnn.com/2026/09/19/u...  So sad, all those firings & lost services to  parks. Trump demanding $1B reallocated to his “Vanity Projects” in DC. The new fountains, gilding (making gold) statues, the pool, the Arch, new golf course (which required chopping down many cherry trees, seasonal feature.","en",TRUE,"  So sad, all those firings & lost services to  parks. Trump demanding $1B reallocated to his “Vanity Projects” in DC. The new fountains, gilding (making gold) statues, the pool, the Arch, new golf course (which required chopping down many cherry trees, seasonal feature.",TRUE,"Included"
"at://did:plc:4gaihal4k4ebfoazekxayf2e/app.bsky.feed.post/3mvv6ngkdmk2x","RTO","Return to office","en",TRUE,"Return to office",TRUE,"Included"
"at://did:plc:tcxcb2cowyi3k3wslr73n6hn/app.bsky.feed.post/3mvuwr53c7s2a","RTO","Now, imagine working in an office near where this boom is happening, served by a single stop on the 1 train, and all of these companies lovingly provide their employees with free branded backpacks that the employees do not remove on the very crowded train. www.curbed.com/article/manh...","en",TRUE,"Now, imagine working in an office near where this boom is happening, served by a single stop on the 1 train, and all of these companies lovingly provide their employees with free branded backpacks that the employees do not remove on the very crowded train. ",TRUE,"Included"
"at://did:plc:ekd7d3zvua7aiyg5v7czwawx/app.bsky.feed.post/3mvultuuguc2u","RTO","No I’ve seen lawyers say this before and I did also look it up. To clarify, they can sue if they own the music, anyone can try to sue for anything. But it’s extremely rare to actually win. Here is one of the sources I read. 

abcnews.com/amp/Politics...","en",TRUE,"No I've seen lawyers say this before and I did also look it up. To clarify, they can sue if they own the music, anyone can try to sue for anything. But it's extremely rare to actually win. Here is one of the sources I read. 

",TRUE,"Included"
"at://did:plc:vjs5dx2m7dgmqaittyzch4ig/app.bsky.feed.post/3mvujyduqvk2q","RTO","This should come as a surprise to nobody. Just like the furious and desperate push for ""return to office"" from commercial real estate holdings after the urgency of the pandemic waned. It's always to appease the developers. Oligarchs gonna oligarch. Same as it ever was.","en",TRUE,"This should come as a surprise to nobody. Just like the furious and desperate push for ""return to office"" from commercial real estate holdings after the urgency of the pandemic waned. It's always to appease the developers. Oligarchs gonna oligarch. Same as it ever was.",TRUE,"Included"
"at://did:plc:vc7gwsfznu7ct7isottesibn/app.bsky.feed.post/3mvujrtzz5q2v","RTO","2025 Edition Telework Offensive

Telework is here to stay. As return-to-office trends grow, this 2025 edition reflects on the value of remote work and explores how IT professionals... ☕

https://esolia.co.jp/blog/en/posts/20250910-proactive-tel…

https://cogley.jp/posts/01M2WN7A01M2YD40QWA1B99V69","",FALSE,"2025 Edition Telework Offensive

Telework is here to stay. As return-to-office trends grow, this 2025 edition reflects on the value of remote work and explores how IT professionals... ☕



",FALSE,"Missing language tag"
"at://did:plc:57qtpjv4owoyhkbydbndcynx/app.bsky.feed.post/3mvu2n25ts22v","RTO","Angry people at the Telegraph: “People working from home is an outrage that you should be furious about“

*people return to office*

Angry people at the Telegraph:“No, not with your stupid packed lunches, you pathetic losers“

Guys, none of this makes any sense. You’re just getting high on rage.","en",TRUE,"Angry people at the Telegraph: “People working from home is an outrage that you should be furious about“

*people return to office*

Angry people at the Telegraph:“No, not with your stupid packed lunches, you pathetic losers“

Guys, none of this makes any sense. You're just getting high on rage.",TRUE,"Included"
"at://did:plc:lpejea44irrukhvpkja6ufma/app.bsky.feed.post/3mvtriypqds2y","RTO","Newsom vetos bipartisan telework bill that would have annually saved the state millions, continuing to betray and harm state & union workers during high inflation, rising fuel costs, and lack of raises and contracts. 
calmatters.org/politics/202...","en",TRUE,"Newsom vetos bipartisan telework bill that would have annually saved the state millions, continuing to betray and harm state & union workers during high inflation, rising fuel costs, and lack of raises and contracts. 
",TRUE,"Included"
"at://did:plc:ivdi2bkorynmqxsfctxowtd4/app.bsky.feed.post/3mvtpokxuga24","RTO","Gov. Gavin Newsom held firm to his return-to-office mandate for California state workers and vetoed a union-supported bill that would have given state departments more authority to set their own telework policies. cal.news/3T8wAo7

📸 Jules Hotz","",FALSE,"Gov. Gavin Newsom held firm to his return-to-office mandate for California state workers and vetoed a union-supported bill that would have given state departments more authority to set their own telework policies. 

📸 Jules Hotz",FALSE,"Missing language tag"
"at://did:plc:fzy6gvtnkeli2nq3mgexsl6d/app.bsky.feed.post/3mvtofqw2uc2m","RTO","President Donald Trump's golf habit has now cost taxpayers at least $101.2 million in travel and security expenses since his return to office, a figure that is 2/3 of his first-term golf total and has him on track to spend $300 mil. by the end of his 2nd term.""
www.washingtonpost.com/dc-md-va/202...","en",TRUE,"President Donald Trump's golf habit has now cost taxpayers at least $101.2 million in travel and security expenses since his return to office, a figure that is 2/3 of his first-term golf total and has him on track to spend $300 mil. by the end of his 2nd term.""
",TRUE,"Included"
"at://did:plc:3272gdrjsuikiff7qsgokgas/app.bsky.feed.post/3mvtme25pd227","RTO","Push-back the return to office police? No.

Invest in public tand alternative transportation? Hell no.

Parking is the headline. Ottawa is pathetic sometimes.","en",TRUE,"Push-back the return to office police? No.

Invest in public tand alternative transportation? Hell no.

Parking is the headline. Ottawa is pathetic sometimes.",TRUE,"Included"
"at://did:plc:5ahmxu4spailsiwmi66copeh/app.bsky.feed.post/3mvtdoojop223","RTO","You know how CEOs and business leaders were saying ""no one wants to work anymore!"" when labor fought back about return to office during a pandemic? These are some of the same people literally saying ""I don't want to use my brain.""","en",TRUE,"You know how CEOs and business leaders were saying ""no one wants to work anymore!"" when labor fought back about return to office during a pandemic? These are some of the same people literally saying ""I don't want to use my brain.""",TRUE,"Included"
"at://did:plc:5ahmxu4spailsiwmi66copeh/app.bsky.feed.post/3mvtdnis72c23","RTO","You know how CEOs and business leaders were saying ""no one wants to work anymore"" when labor fought back about return to office during a pandemic? These are some of the same people literally saying ""I don't want to use my brain.""","en",TRUE,"You know how CEOs and business leaders were saying ""no one wants to work anymore"" when labor fought back about return to office during a pandemic? These are some of the same people literally saying ""I don't want to use my brain.""",TRUE,"Included"
"at://did:plc:63abzxox5bh3e6ucy5idhzdk/app.bsky.feed.post/3mvtbwkhb2k25","RTO","It sucks but it's a tiny bit funny that all the companies finally got done rolling out their return to office policies and the dipshit whose ass they kiss is going to make gas so expensive they're all going to examine remote work again","en",TRUE,"It sucks but it's a tiny bit funny that all the companies finally got done rolling out their return to office policies and the dipshit whose ass they kiss is going to make gas so expensive they're all going to examine remote work again",TRUE,"Included"
"at://did:plc:zokcyfcvmtdtmmglagunbx5e/app.bsky.feed.post/3mvtblj4qhk2k","RTO","Everybody go serfing, serfing USA. share.google/7vU4YiaMvKmI...","en",TRUE,"Everybody go serfing, serfing USA. ",TRUE,"Included"
"at://did:plc:37qq64lnbpp5rswmszg67qgq/app.bsky.feed.post/3mvt537lwg32n","RTO","🎨 New Post: Hybrid Work Rebellion: UK Barclays Employees Demand Compensation for Return to Office
#hybrid #negotiation  #TechNews #GlobalMedia

👇 View Full Illustration:
https://nextlogic-ai.achlabo.com/en/hybrid-work-rebellion-uk-barclays-employees-demand-compensation-for-return-to-office/","",FALSE,"🎨 New Post: Hybrid Work Rebellion: UK Barclays Employees Demand Compensation for Return to Office
#hybrid #negotiation  #TechNews #GlobalMedia

👇 View Full Illustration:
",FALSE,"Missing language tag"
"at://did:plc:eriqemwys4j3kredfagzwqmi/app.bsky.feed.post/3mvsttqkdvv2c","RTO","Brokers say that the office market has experienced a complete turnaround from just a few years ago. Rents are soaring, availability is plummeting, and AI companies are doubling and tripling their lease spaces after a few months.","",FALSE,"Brokers say that the office market has experienced a complete turnaround from just a few years ago. Rents are soaring, availability is plummeting, and AI companies are doubling and tripling their lease spaces after a few months.",FALSE,"Missing language tag"
"at://did:plc:wwbpna4jtw66gj6c3pksbiad/app.bsky.feed.post/3mvstsfniv52k","RTO","Brokers say that the office market has experienced a complete turnaround from just a few years ago. Rents are soaring, availability is plummeting, and AI companies are doubling and tripling their lease spaces after a few months.","",FALSE,"Brokers say that the office market has experienced a complete turnaround from just a few years ago. Rents are soaring, availability is plummeting, and AI companies are doubling and tripling their lease spaces after a few months.",FALSE,"Missing language tag"
"at://did:plc:rekelktn5jkrlzdnkc5376ot/app.bsky.feed.post/3mvsrr2uaht2q","RTO","Thousands of bank employees signed an open letter protesting the bank’s RTO policies and requesting money to cover additional commuting costs. f-st.co/Jl7MG0E","",FALSE,"Thousands of bank employees signed an open letter protesting the bank's RTO policies and requesting money to cover additional commuting costs. ",FALSE,"Missing language tag"
"at://did:plc:eggiwbvuwhwf3n3dfel7ff2v/app.bsky.feed.post/3mvsnhc32yc2j","RTO","Trump has been money laundering since his return to office. Stealing money from other countries and claiming its for the US while pocketing the money for himself and his thug cronies. 
Hopefully we still have gold left, if they haven't emptied the vault.","en",TRUE,"Trump has been money laundering since his return to office. Stealing money from other countries and claiming its for the US while pocketing the money for himself and his thug cronies. 
Hopefully we still have gold left, if they haven't emptied the vault.",TRUE,"Included"
"at://did:plc:k5nhe2cypeis5o2nzwvsdefw/app.bsky.feed.post/3mvsmhxydnw2a","RTO","Return-to-office mandates increase turnover, and many businesses reduce costs and conflict by hiring vetted remote virtual assistants for about $10 an hour.
","",FALSE,"Return-to-office mandates increase turnover, and many businesses reduce costs and conflict by hiring vetted remote virtual assistants for about $10 an hour.
",FALSE,"Missing language tag"
"at://did:plc:k3n5amejalosp3ursaq66u6h/app.bsky.feed.post/3mvsmesirzt2p","RTO","Return-to-office mandates increase turnover, and many businesses reduce costs and conflict by hiring vetted remote virtual assistants for about $10 an hour.
","",FALSE,"Return-to-office mandates increase turnover, and many businesses reduce costs and conflict by hiring vetted remote virtual assistants for about $10 an hour.
",FALSE,"Missing language tag"
"at://did:plc:czjduztdqkrm6j2t5pik47s3/app.bsky.feed.post/3mvskf64pek2r","RTO","fueled by rising vaccine hesitancy, and coincides with Trump🤡's return to office in early 2025.
The disease's spread in Pennsylvania is accelerating and could be 10 times larger than the official numbers, said Matthew Ferrari/Center for Infectious Disease Dynamics at Penn State.","en",TRUE,"fueled by rising vaccine hesitancy, and coincides with Trump🤡's return to office in early 2025.
The disease's spread in Pennsylvania is accelerating and could be 10 times larger than the official numbers, said Matthew Ferrari/Center for Infectious Disease Dynamics at Penn State.",TRUE,"Included"
"at://did:plc:vbgjo53lgloqju4etz4y7fv7/app.bsky.feed.post/3mvsj4ma6wr2q","RTO","Thousands of Barclays staff revolt over return-to-office mandate
buff.ly/MzO6TSM
""Our members think that Barclays is trying to fix a problem that doesn’t exist""
@unitesharon.bsky.social @barclaysuk.bsky.social @marisharay.bsky.social @unitetheunion.bsky.social @joshuareynoldssl6.bsky.social","",FALSE,"Thousands of Barclays staff revolt over return-to-office mandate

""Our members think that Barclays is trying to fix a problem that doesn't exist""
@ @ @ @ @",FALSE,"Missing language tag"
"at://did:plc:oe7kd66l5v3cpi6gtjng3sn5/app.bsky.feed.post/3mvrmznqn4f2t","RTO","Remote Delegation Skills: Why Managers Revert to Micromanaging

Autonomy disappears the moment managers return to the office. David Ohnstad reveals why 63% of managers increased day-to-day involvement post-RTO, and how…

https://davidohnstad.info/remote-delegation-micromanaging-return-to-office/","",FALSE,"Remote Delegation Skills: Why Managers Revert to Micromanaging

Autonomy disappears the moment managers return to the office. David Ohnstad reveals why 63% of managers increased day-to-day involvement post-RTO, and how…

",FALSE,"Missing language tag"
"at://did:plc:eir7ywczrmbk7whprkyhlrdb/app.bsky.feed.post/3mvr4mqsl3k2l","RTO","CEOs are rarely in the office. Those that are are horrible workaholics trying to justify their ridiculous, high $$$ “compensation packages.”
www.theguardian.com/business/202...","en",TRUE,"CEOs are rarely in the office. Those that are are horrible workaholics trying to justify their ridiculous, high $$$ “compensation packages.”
",TRUE,"Included"
"at://did:plc:7lk2ea67pioh2e7tqj5n7whh/app.bsky.feed.post/3mvqxffla7c2w","RTO","""Since Trump’s return to office last year, his Administration has worked to buttress the U.S.'s presence in the Western Hemisphere in the name of curbing drug trafficking from Central and South America and squashing the influence of other nations, such as China, in the region.""

3 /","en",TRUE,"""Since Trump's return to office last year, his Administration has worked to buttress the U.S.'s presence in the Western Hemisphere in the name of curbing drug trafficking from Central and South America and squashing the influence of other nations, such as China, in the region.""

3 /",TRUE,"Included"
"at://did:plc:lwoupbmxmcetbid6ijnijiwv/app.bsky.feed.post/3mvqrws4hns2d","RTO","I don’t think it is smart to listen to the people whose bad advice helped lose the elections that allowed Trump to return to office.","en",TRUE,"I don't think it is smart to listen to the people whose bad advice helped lose the elections that allowed Trump to return to office.",TRUE,"Included"
"at://did:plc:jdfwnosj5tavojrkinbcor6h/app.bsky.feed.post/3mvqnttvfjk2h","RTO","…but a ton of his supporters have been quoted in the press since his return to office expressing shock that this was the case. Suggesting either they weren’t paying much attention, didn’t take it seriously, or did but never thought seriously about what that would look like in practice.","en",TRUE,"…but a ton of his supporters have been quoted in the press since his return to office expressing shock that this was the case. Suggesting either they weren't paying much attention, didn't take it seriously, or did but never thought seriously about what that would look like in practice.",TRUE,"Included"
"at://did:plc:nzjfwf4wiilrx42z6mfpmg32/app.bsky.feed.post/3mvqnp2v4uc2f","RTO","I think there’s a big McNamara fallacy thing happening here.

Biden oversaw people being forced to return to office, cuts in direct support via unemployment / stimulus, and a bunch of other attempts to discipline labor.

All of those things sucked and were unnecessary, but didn’t affect indicators.","de",FALSE,"I think there's a big McNamara fallacy thing happening here.

Biden oversaw people being forced to return to office, cuts in direct support via unemployment / stimulus, and a bunch of other attempts to discipline labor.

All of those things sucked and were unnecessary, but didn't affect indicators.",FALSE,"Non-English or mixed language tags"
"at://did:plc:uxrnbpoxdyqmw3wsz2v5ivrf/app.bsky.feed.post/3mvqmnme4as2z","RTO","Pittsburgh Regional Transit is reporting its highest ridership since FY2020, and the agency believes higher gas prices and return-to-office policies are contributing factors. More for 
@triblive.bsky.social: triblive.com/local/pittsb...","en",TRUE,"Pittsburgh Regional Transit is reporting its highest ridership since FY2020, and the agency believes higher gas prices and return-to-office policies are contributing factors. More for 
@: ",TRUE,"Included"
"at://did:plc:ypklh2smar25ncblguu7ifb6/app.bsky.feed.post/3mvqjwiinnk27","RTO","President Donald Trump made nearly 30,000 stock trades since his return to office, marking a far higher volume of trades than all 535 members of Congress combined. 
truthout.org/articles/sin...","en",TRUE,"President Donald Trump made nearly 30,000 stock trades since his return to office, marking a far higher volume of trades than all 535 members of Congress combined. 
",TRUE,"Included"
"at://did:plc:6aj5ee2gtk2mz4jam4mbffzy/app.bsky.feed.post/3mvqjssdtd22m","RTO","Biden had signed an executive order to regulate AI & demanded safety measures. The first action Trump took upon return to office was end that EO. Then he bought stock.","en",TRUE,"Biden had signed an executive order to regulate AI & demanded safety measures. The first action Trump took upon return to office was end that EO. Then he bought stock.",TRUE,"Included"
"at://did:plc:ns4wf3i52hvevoprdckcni25/app.bsky.feed.post/3mvqjqo7ays26","RTO","But by the time this new inventory flooded the Texas market, everything had changed. Domestic migration to the state had slowed down, held back by return-to-office orders; and higher borrowing costs and skyrocketing home values had pushed many would-be buyers to the sidelines.","en",TRUE,"But by the time this new inventory flooded the Texas market, everything had changed. Domestic migration to the state had slowed down, held back by return-to-office orders; and higher borrowing costs and skyrocketing home values had pushed many would-be buyers to the sidelines.",TRUE,"Included"
"at://did:plc:od6aqmm7bwrstuhrplsb2hcs/app.bsky.feed.post/3mvqgrzkvr22n","RTO","Guess we should nix all the return to office mandates then","en",TRUE,"Guess we should nix all the return to office mandates then",TRUE,"Included"
"at://did:plc:hrrbmupqomlloiddawmvfcoq/app.bsky.feed.post/3mvqds7swmc2s","RTO","#ATT is a grossly out of touch company with reality. It's a telecommunications company spending billions on return to office. Laying off employees by the thousands. While others could work from home. Saving gas & the environment. Our country is in a gas crisis. ATT is pretending they don't know.","en",TRUE,"#ATT is a grossly out of touch company with reality. It's a telecommunications company spending billions on return to office. Laying off employees by the thousands. While others could work from home. Saving gas & the environment. Our country is in a gas crisis. ATT is pretending they don't know.",TRUE,"Included"
"at://did:plc:jrk2uqi6ipq5zpt73ut5yo5x/app.bsky.feed.post/3mvqbjelnu227","RTO","Perfect. Just mandate work from home and you're golden.

Oh, wait. You and your ilk demonized that idea and forced return to office, thus dramatically increasing fuel demand.","en",TRUE,"Perfect. Just mandate work from home and you're golden.

Oh, wait. You and your ilk demonized that idea and forced return to office, thus dramatically increasing fuel demand.",TRUE,"Included"
"at://did:plc:rluz7xsq3a77hyqq2qr2mrec/app.bsky.feed.post/3mvq7lkdpc22e","RTO","www.theguardian.com/business/202...  Strike you fu**ers! Or at least threaten them. Fuck these companies trying to normalise a return to 5 days (eventually) in the office.","en",TRUE,"  Strike you fu**ers! Or at least threaten them. Fuck these companies trying to normalise a return to 5 days (eventually) in the office.",TRUE,"Included"
"at://did:plc:3q7lotflg2r7prrnz74lx4sq/app.bsky.feed.post/3mvq64dywdc2s","RTO","Barclays the latest of employers to feel insecure about employees working remotely, stepping up its return to office policy from 2 to 3 days a week

www.bbc.co.uk/news/article...","en",TRUE,"Barclays the latest of employers to feel insecure about employees working remotely, stepping up its return to office policy from 2 to 3 days a week

",TRUE,"Included"
"at://did:plc:5nazrypxfvt6wne7pur4yk6e/app.bsky.feed.post/3mvq32zm5sc23","RTO","Thanks Return to Office policies!","en",TRUE,"Thanks Return to Office policies!",TRUE,"Included"
"at://did:plc:mn7j4jclhui5ehnaibt6jfba/app.bsky.feed.post/3mvpzl4z3kzk2","RTO","The return to the office is meeting resistance from workers who have grown accustomed to the flexibility of working remotely.","",FALSE,"The return to the office is meeting resistance from workers who have grown accustomed to the flexibility of working remotely.",FALSE,"Missing language tag"
"at://did:plc:xksq6f7snplta5eyx26u2vpf/app.bsky.feed.post/3mvpwsfi37c27","RTO","yesssss rise up, workers of the world, including staffers at Barclays objecting to a one-day increase in the RTO mandate

www.ft.com/content/ca55...","en",TRUE,"yesssss rise up, workers of the world, including staffers at Barclays objecting to a one-day increase in the RTO mandate

",TRUE,"Included"
"at://did:plc:5mu44cojafmxj6h3yaihy2nl/app.bsky.feed.post/3mvpwscrctk26","RTO","Sure. With return-to-office (RTO) as an instrument of control over workers (and a way to ""weed out"" women, disabled workers from the workforce), that's totally feasible.","en",TRUE,"Sure. With return-to-office (RTO) as an instrument of control over workers (and a way to ""weed out"" women, disabled workers from the workforce), that's totally feasible.",TRUE,"Included"
"at://did:plc:n2vmyhagybtlrle4btcy7cvu/app.bsky.feed.post/3mvpvasrowk2f","RTO","The last four years have seen the worst management disasters this city has ever had, from public transit, wasteful ""return to office"" orders, failure to support victims of mass flooding, exploding homelessness, etc.

All caused by a fetish for cutting tax rates above every other possible priority.","en",TRUE,"The last four years have seen the worst management disasters this city has ever had, from public transit, wasteful ""return to office"" orders, failure to support victims of mass flooding, exploding homelessness, etc.

All caused by a fetish for cutting tax rates above every other possible priority.",TRUE,"Included"
"at://did:plc:knmrg7m2op7czoamiofzegxe/app.bsky.feed.post/3mvpsli547s2c","RTO","Gridlocked traffic, pollution, wasted energy (lights, HVAC), real estate cost, loss of quality of life, loss of productivity while commuting 2x per day.... and now this?

Why return to office makes zero business and societal sense.","en",TRUE,"Gridlocked traffic, pollution, wasted energy (lights, HVAC), real estate cost, loss of quality of life, loss of productivity while commuting 2x per day.... and now this?

Why return to office makes zero business and societal sense.",TRUE,"Included"
"at://did:plc:ksosyj3hp2bew3i447dg5umd/app.bsky.feed.post/3mvps46alrs2v","RTO","You know what would've helped with gas conservation 

ENDING THE RETURN TO OFFICE MANDATES and letting people continue to wfh/hybrid.","en",TRUE,"You know what would've helped with gas conservation 

ENDING THE RETURN TO OFFICE MANDATES and letting people continue to wfh/hybrid.",TRUE,"Included"
"at://did:plc:4i3k4n6slvcqfubull7kbpym/app.bsky.feed.post/3mvps3yq2ek2t","RTO","Your boss is very likely to a psychopathic control freak www.bbc.co.uk/news/article...","en",TRUE,"Your boss is very likely to a psychopathic control freak ",TRUE,"Included"
"at://did:plc:xkbcd2repo5d7r6r6cne3xn4/app.bsky.feed.post/3mvprmfbnts2m","RTO","Return to Office? Or Reattach to Office? The workplace challenge isn’t getting people back into the building. It’s giving them a reason to feel connected to it again. dansmolen.substack.com/p/reattachme...","en",TRUE,"Return to Office? Or Reattach to Office? The workplace challenge isn't getting people back into the building. It's giving them a reason to feel connected to it again. ",TRUE,"Included"
"at://did:plc:omkb4ov5w2bintbbbb47lile/app.bsky.feed.post/3mvpqzq7cjk2y","RTO","Hoo boy. I anticipate a lot of workplaces who demanded return to office are going to do a 180º turn on that.","en",TRUE,"Hoo boy. I anticipate a lot of workplaces who demanded return to office are going to do a 180º turn on that.",TRUE,"Included"
"at://did:plc:yo32zg7kqrxgox7vut467aj6/app.bsky.feed.post/3mvpqfwog422c","RTO","share.google/Z1yGe7b15Qq0...","en",TRUE,"",FALSE,"No retained English word tokens"
"at://did:plc:adqj5c4v4yh7kbpag2p4jej4/app.bsky.feed.post/3mvpqe5v4rs2n","RTO","President Donald Trump made nearly 30,000 stock trades since his return to office, marking a far higher volume of trades than all 535 members of Congress combined, a new Bloomberg analysis finds.

truthout.org/articles/sin...","en",TRUE,"President Donald Trump made nearly 30,000 stock trades since his return to office, marking a far higher volume of trades than all 535 members of Congress combined, a new Bloomberg analysis finds.

",TRUE,"Included"
"at://did:plc:uv767mg3i6uccjzdwiejacwl/app.bsky.feed.post/3mvppnyx4n22p","RTO","REUTERS SPECIAL REPORT: How Trump’s war on EVs derailed America’s auto-factory revival. A wave of manufacturing investment promised to revive struggling heartland towns and build a US supply chain for EVs and batteries. But Trump's return to office has upended the boom, costing thousands of jobs.1/2","en",TRUE,"REUTERS SPECIAL REPORT: How Trump's war on EVs derailed America's auto-factory revival. A wave of manufacturing investment promised to revive struggling heartland towns and build a US supply chain for EVs and batteries. But Trump's return to office has upended the boom, costing thousands of jobs.1/2",TRUE,"Included"
"at://did:plc:2wvnpkr72fz5pweronhpwyad/app.bsky.feed.post/3mvpp4ik37k2f","RTO","Trump is threatening to cut off trade with both Canada and Europe.

He can no longer think clearly.","en",TRUE,"Trump is threatening to cut off trade with both Canada and Europe.

He can no longer think clearly.",TRUE,"Included"
"at://did:plc:7m5gcs7vyu4wnxv6ks34ye6v/app.bsky.feed.post/3mvpo7dwmy22f","RTO","Nobody has demonstrated a clear rationale for mandatory return to office. It’s all bollocks.","en",TRUE,"Nobody has demonstrated a clear rationale for mandatory return to office. It's all bollocks.",TRUE,"Included"
"at://did:plc:7m5gcs7vyu4wnxv6ks34ye6v/app.bsky.feed.post/3mvpo37bxus2f","RTO","Employees: “Here’s evidence this is a shit idea”

Bosses: “but I need to feel important”

www.bbc.co.uk/news/article...","en",TRUE,"Employees: “Here's evidence this is a shit idea”

Bosses: “but I need to feel important”

",TRUE,"Included"
"at://did:plc:yycqm7uzpp5uagobc2pi4umy/app.bsky.feed.post/3mvpnne2efu2k","RTO","Thousands of Barclays staff make return-to-office demands","",FALSE,"Thousands of Barclays staff make return-to-office demands",FALSE,"Missing language tag"
"at://did:plc:vzmnljt7otfbbgrmachtefxh/app.bsky.feed.post/3mvposr6mdq2t","RTO","Barclays staff push back at plans to reduce work-from-home days

Unite union, which represents 36,000 Barclays staff, calls for a one-off payment to offset increased travel and childcare costs.
","",FALSE,"Barclays staff push back at plans to reduce work-from-home days

Unite union, which represents 36,000 Barclays staff, calls for a one-off payment to offset increased travel and childcare costs.
",FALSE,"Missing language tag"
"at://did:plc:4i7xwq5tgasaziqv3klq2cn7/app.bsky.feed.post/3mvpmm2jdhd2t","RTO","Thousands of Barclays staff revolt over return-to-office mandate https://www.theguardian.com/business/2026/sep/17/barclays-staff-return-to-office-travel-working-from-home","",FALSE,"Thousands of Barclays staff revolt over return-to-office mandate ",FALSE,"Missing language tag"
"at://did:plc:vjjiidurfgumg7bt32b6trma/app.bsky.feed.post/3mvpmjkhxk22m","RTO","Thousands of Barclays staff revolt over return-to-office mandate. Union calls for payouts to help cover travel costs and exemption for those living more than 40 minutes away.
www.theguardian.com/business/202...","en",TRUE,"Thousands of Barclays staff revolt over return-to-office mandate. Union calls for payouts to help cover travel costs and exemption for those living more than 40 minutes away.
",TRUE,"Included"
"at://did:plc:hqcih3esc4ph5tglmdwruwn3/app.bsky.feed.post/3mvpjod4zw42w","RTO","Strange a bank wants to stop its staff working at home when they increasingly want the customers to do their banking from home.  www.theguardian.com/business/202... #bbcaq","en",TRUE,"Strange a bank wants to stop its staff working at home when they increasingly want the customers to do their banking from home.   #bbcaq",TRUE,"Included"
"at://did:plc:t5u7f24nby5aawxnzjzj2afh/app.bsky.feed.post/3mvpjlt63pn23","RTO","Backlash at Barclays: Thousands Sign Petition Against Return-to-Office Mandate

▼Read More
https://biz-matome.com/archives/56072","en",TRUE,"Backlash at Barclays: Thousands Sign Petition Against Return-to-Office Mandate

▼Read More
",TRUE,"Included"
"at://did:plc:i626m3yjaktiitvigxvps7hd/app.bsky.feed.post/3mvpgmjgdys2k","RTO","www.theguardian.com/business/202...","en",TRUE,"",FALSE,"No retained English word tokens"
"at://did:plc:jn6k5nqb7elzdbezbzjhdbsh/app.bsky.feed.post/3mvpgfq5skk2u","RTO","We should all rebel against this.

www.theguardian.com/business/202...","en",TRUE,"We should all rebel against this.

",TRUE,"Included"
"at://did:plc:vovinwhtulbsx4mwfw26r5ni/app.bsky.feed.post/3mvpfnf4lys2w","RTO","Thousands of Barclays staff revolt over return-to-office mandate","",FALSE,"Thousands of Barclays staff revolt over return-to-office mandate",FALSE,"Missing language tag"
"at://did:plc:5edgzgi2zbmxumxerpn2wbpn/app.bsky.feed.post/3mvpfjgjlek2y","RTO","www.theguardian.com/business/202...

#pointless

EAT THE RICH","en;es",FALSE,"

#pointless

EAT THE RICH",FALSE,"Non-English or mixed language tags"
"at://did:plc:ey7pvb74q2kju7wf6lfxwme3/app.bsky.feed.post/3mvpf6f5lvk27","RTO","www.theguardian.com/business/202...","en",TRUE,"",FALSE,"No retained English word tokens"
"at://did:plc:ovee7oo52c6juigyvcbqaoyn/app.bsky.feed.post/3mvpevd6cfk2b","RTO","Good for them requesting Senior Managers in more than normal staff, because the way managers behave under WFH is wild to me. You are paid to module appropriate behaviour, and yet the ones never in so no wonder other stuff don't bother.

www.ft.com/content/ca55...","en",TRUE,"Good for them requesting Senior Managers in more than normal staff, because the way managers behave under WFH is wild to me. You are paid to module appropriate behaviour, and yet the ones never in so no wonder other stuff don't bother.

",TRUE,"Included"
"at://did:plc:k3n5amejalosp3ursaq66u6h/app.bsky.feed.post/3mvpegcap462c","RTO","Disney will enforce its four-days-a-week return-to-office policy more strictly, warning remote-exempt corporate employees they may be terminated for noncompliance.
","",FALSE,"Disney will enforce its four-days-a-week return-to-office policy more strictly, warning remote-exempt corporate employees they may be terminated for noncompliance.
",FALSE,"Missing language tag"
"at://did:plc:nr5zcjdc6kui4ymaiowvh3n6/app.bsky.feed.post/3mvpegafmi52n","RTO","Disney will enforce its four-days-a-week return-to-office policy more strictly, warning remote-exempt corporate employees they may be terminated for noncompliance.
","",FALSE,"Disney will enforce its four-days-a-week return-to-office policy more strictly, warning remote-exempt corporate employees they may be terminated for noncompliance.
",FALSE,"Missing language tag"
"at://did:plc:4yhfp3uzr7o7gqiivi7dynbg/app.bsky.feed.post/3mvp7vtornk25","RTO","This is one of the main reasons I am opposed to return to office policies. I feel like I take my life in my hands when I commute to/from the office.","en",TRUE,"This is one of the main reasons I am opposed to return to office policies. I feel like I take my life in my hands when I commute to/from the office.",TRUE,"Included"
"at://did:plc:fhte5jnmxb3jpqgtmyjoppzj/app.bsky.feed.post/3mvp64kvlac2e","RTO","How Trump’s war on EVs 
derailed America’s auto-factory revival

“A wave of mfg. investment promised to revive struggling…towns and build a U.S. supply chain for electric vehicles & batteries. But policy changes since Trump's return to office have upended the boom, costing 1,000s of jobs.“ DeepDive!","en",TRUE,"How Trump's war on EVs 
derailed America's auto-factory revival

“A wave of mfg. investment promised to revive struggling…towns and build a U.S. supply chain for electric vehicles & batteries. But policy changes since Trump's return to office have upended the boom, costing 1,000s of jobs.“ DeepDive!",TRUE,"Included"
"at://did:plc:642zd52d36yxdwshde6edydk/app.bsky.feed.post/3mvp2k4xxsp2w","RTO","[FT] Barclays hit by staff backlash over return-to-office rules","en",TRUE,"[FT] Barclays hit by staff backlash over return-to-office rules",TRUE,"Included"
"at://did:plc:lrbbrrxsrnrfwvkttgjsajpd/app.bsky.feed.post/3mvovjaxnkp2j","RTO","Russia reports strikes on Ukrainian military vessels. Roche says Lunsumio met primary endpoints in a Phase III lymphoma study. Barclays staff challenge return to office mandates. Iran foreign minister Araqchi discusses regional developments during Beijing visit. Volvo expects lower spending.","en",TRUE,"Russia reports strikes on Ukrainian military vessels. Roche says Lunsumio met primary endpoints in a Phase III lymphoma study. Barclays staff challenge return to office mandates. Iran foreign minister Araqchi discusses regional developments during Beijing visit. Volvo expects lower spending.",TRUE,"Included"
"at://did:plc:43fdk46qa5gsokzygzildsaq/app.bsky.feed.post/3mvoukejvsq24","RTO","Barclays comes under pressure from employees over return-to-office requirements - FT","en",TRUE,"Barclays comes under pressure from employees over return-to-office requirements - FT",TRUE,"Included"
"at://did:plc:43fdk46qa5gsokzygzildsaq/app.bsky.feed.post/3mvoukaoqvm2z","RTO","Barclays comes under pressure from employees over return-to-office requirements - FT","en",TRUE,"Barclays comes under pressure from employees over return-to-office requirements - FT",TRUE,"Included"
"at://did:plc:5u54z2qgkq43dh2nzwzdbbhb/app.bsky.feed.post/3mvouh34n4i2g","RTO","Barclays hit by staff backlash over return-to-office rules ft.trib.al/U3u5d5m","",FALSE,"Barclays hit by staff backlash over return-to-office rules ",FALSE,"Missing language tag"
"at://did:plc:x363cos6zh7g27bkpmgfcmkb/app.bsky.feed.post/3mvorjvze6m2p","RTO","Why are employers so eager to bring remote employees back to the office?","",FALSE,"Why are employers so eager to bring remote employees back to the office?",FALSE,"Missing language tag"
"at://did:plc:mcats5t4vr2iyle37hpmxrll/app.bsky.feed.post/3mvonz6vhpk2u","RTO","ABSOLUTE GARBAGE SYSTEM! 
#LRT #Sutcliffe 

Ottawa commute stress test: Car beats transit for Kanata to downtown commute share.google/e8QRat7BJeOG...","en",TRUE,"ABSOLUTE GARBAGE SYSTEM! 
#LRT #Sutcliffe 

Ottawa commute stress test: Car beats transit for Kanata to downtown commute ",TRUE,"Included"
"at://did:plc:nzzojxkhoc2q7cgukbm7pee5/app.bsky.feed.post/3mvogpgrbao22","RTO","“Trump Has A Filthy New Name For The White House — And It’s Not Exactly ‘Beautiful’” — Grade any article at RUSH Newstream https://beta.rushnewstream.com/article/fd923b8cf7771bfc","en",TRUE,"“Trump Has A Filthy New Name For The White House — And It's Not Exactly 'Beautiful'” — Grade any article at RUSH Newstream ",TRUE,"Included"
"at://did:plc:iw2fcarz3gvsu5ilpa55v47o/app.bsky.feed.post/3mvodnebvpc2j","RTO","Reports revealed President Trump made nearly 28,700 stock trades in 17 months. John Heilemann analyzed a new Bloomberg analysis that found Trump traded more securities than every member of Congress combined since his return to office in 2025.
Much of it could be related to foreign govts. #Grift","",FALSE,"Reports revealed President Trump made nearly 28,700 stock trades in 17 months. John Heilemann analyzed a new Bloomberg analysis that found Trump traded more securities than every member of Congress combined since his return to office in 2025.
Much of it could be related to foreign govts. #Grift",FALSE,"Missing language tag"
"at://did:plc:e4rbcpaw2ckhbvp32zneuzfc/app.bsky.feed.post/3mvobga7ng222","RTO","👉 Since his return to office, Trump made nearly 28,700 stock trades, more than all of Congress’s 22,200 combined. #satire #politicalsatire","en",TRUE,"👉 Since his return to office, Trump made nearly 28,700 stock trades, more than all of Congress's 22,200 combined. #satire #politicalsatire",TRUE,"Included"
"at://did:plc:h7e65tximqxiaciu2ztv2vvz/app.bsky.feed.post/3mvobddeiin27","RTO","I think the key is focus on what capabilities you need, find the person who can solve & perform successfully & then allow them the work space they need from in-office to remote. Performance more than place should be measured. zurl.co/JKnys","",FALSE,"I think the key is focus on what capabilities you need, find the person who can solve & perform successfully & then allow them the work space they need from in-office to remote. Performance more than place should be measured. ",FALSE,"Missing language tag"
"at://did:plc:whmdtfaoue7x2xxgl4cch3dm/app.bsky.feed.post/3mvoakj5k622n","RTO","President Donald Trump made nearly 30,000 stock trades since his return to office in January 2025, marking a far higher volume of trades than all 535 members of Congress combined, a new analysis finds.","",FALSE,"President Donald Trump made nearly 30,000 stock trades since his return to office in January 2025, marking a far higher volume of trades than all 535 members of Congress combined, a new analysis finds.",FALSE,"Missing language tag"
"at://did:plc:zd75oeaqltsoejyxiobqbgct/app.bsky.feed.post/3mvo3k4f24p2p","RTO","Transit delays affect Kanata-to-downtown commute test","",FALSE,"Transit delays affect Kanata-to-downtown commute test",FALSE,"Missing language tag"
"at://did:plc:4bu6skxsvz3cfmmbf6we24q6/app.bsky.feed.post/3mvo3joxwe22k","RTO","[Wrecking our economy, while Putin smiles] How Trump’s war on EVs derailed America’s auto-factory revival...policy changes since Trump's return to office have upended [ongoing boom in EV production], costing thousands of jobs www.reuters.com/investigatio...","en",TRUE,"[Wrecking our economy, while Putin smiles] How Trump's war on EVs derailed America's auto-factory  changes since Trump's return to office have upended [ongoing boom in EV production], costing thousands of jobs ",TRUE,"Included"
"at://did:plc:ne242dnblp5n4ige433kyzyx/app.bsky.feed.post/3mvo32dfcvk2n","RTO","China: Xi's Washington trip to pair AI-safety talks with trade delegation

Chinese President Xi Jinping is expected to travel to Washington around September 24 for his first summit with Donald Trump since Trump's return to office, with talks likely to…

https://noozday.com/country/cn?ref=bsky","",FALSE,"China: Xi's Washington trip to pair AI-safety talks with trade delegation

Chinese President Xi Jinping is expected to travel to Washington around September 24 for his first summit with Donald Trump since Trump's return to office, with talks likely to…

",FALSE,"Missing language tag"
"at://did:plc:ejah5j3urwixc66q42bqxj6j/app.bsky.feed.post/3mvnzubjzpp2z","RTO","Employers face growing ADA disputes over remote work accommodations as return-to-office mandates clash with disability rights and evolving case law. bit.ly/4y1LUCf","",FALSE,"Employers face growing ADA disputes over remote work accommodations as return-to-office mandates clash with disability rights and evolving case law. ",FALSE,"Missing language tag"
"at://did:plc:m4o6vnpg6lxcdkiy4fhqigjj/app.bsky.feed.post/3mvnjnk3tdk2s","RTO","Remember at the end of Covid protocols when republicans did NOT push the return to office that forced workers who could work remotely to return to insanely long commutes largely for the benefit of building owners leasing office space? Oh wait, it was the exact opposite.","en",TRUE,"Remember at the end of Covid protocols when republicans did NOT push the return to office that forced workers who could work remotely to return to insanely long commutes largely for the benefit of building owners leasing office space? Oh wait, it was the exact opposite.",TRUE,"Included"
"at://did:plc:lexzlufqhfpr72ydhfzlgs4r/app.bsky.feed.post/3mvnipu3kqk25","RTO","return to office is going great, found out my coworker talks to herself continuously and another guy drinks 5 seltzers in a day","en",TRUE,"return to office is going great, found out my coworker talks to herself continuously and another guy drinks 5 seltzers in a day",TRUE,"Included"
"at://did:plc:uybkf2awme34ko4lfkezerad/app.bsky.feed.post/3mvnhfhsacjr2","RTO","There's ""a new Bloomberg analysis that found Trump traded more securities than every member of Congress combined since his return to office in 2025.""

Trump's next major scandal set to explode as report reveals 'shocking' trades: DC insider - Raw Story

https://www.rawstory.com/trump-stock-trades/","en",TRUE,"There's ""a new Bloomberg analysis that found Trump traded more securities than every member of Congress combined since his return to office in 2025.""

Trump's next major scandal set to explode as report reveals 'shocking' trades: DC insider - Raw Story

",TRUE,"Included"
"at://did:plc:nsttbhhihov4y5yejsri2zlr/app.bsky.feed.post/3mvngumrupc2j","RTO","How Trump’s war on EVs derailed America’s auto-factory revival: 

A wave of manufacturing investment promised to revive struggling heartland towns. But policy changes since Trump's return to office have upended the boom, costing thousands of jobs.

www.reuters.com/investigatio...","en",TRUE,"How Trump's war on EVs derailed America's auto-factory revival: 

A wave of manufacturing investment promised to revive struggling heartland towns. But policy changes since Trump's return to office have upended the boom, costing thousands of jobs.

",TRUE,"Included"
"at://did:plc:lfgml77nbpvhijgcv6n7phzh/app.bsky.feed.post/3mvng2bqwyc2l","RTO","We can reduce unnecessary car trips. In my community, they're easy to spot -- we have noticeably lower peak traffic on Mondays and Fridays, due to telework.

We surrendered return-to-office to white-collar employers. Now there's a cost of living crisis. We're fucking working from home again.","en",TRUE,"We can reduce unnecessary car trips. In my community, they're easy to spot -- we have noticeably lower peak traffic on Mondays and Fridays, due to telework.

We surrendered return-to-office to white-collar employers. Now there's a cost of living crisis. We're fucking working from home again.",TRUE,"Included"
"at://did:plc:u5guhuusvmpsdmnalkolkf6i/app.bsky.feed.post/3mvnfvmiaik2k","RTO","The malevolent orange shit-pustule made nearly 28,700 stock trades in 17 months - more securities than every member of Congress combined since his return to office in 2025.

Let that sink in.

#Corruption
#Profiteering
#Treason
#Prison

www.rawstory.com/trump-stock-...","en",TRUE,"The malevolent orange shit-pustule made nearly 28,700 stock trades in 17 months - more securities than every member of Congress combined since his return to office in 2025.

Let that sink in.

#Corruption
#Profiteering
#Treason
#Prison

",TRUE,"Included"
"at://did:plc:u5guhuusvmpsdmnalkolkf6i/app.bsky.feed.post/3mvnfdw2yok2k","RTO","Former federal data scientists have logged 38 datasets discontinued since Trump's return to office, with hundreds more altered.

CDC cause of measles deaths - scrubbed.

EEO data - scrubbed.

Labor stats - scrubbed.

Scientific integrity policy - scrubbed.

www.rawstory.com/donald-trump...","en",TRUE,"Former federal data scientists have logged 38 datasets discontinued since Trump's return to office, with hundreds more altered.

CDC cause of measles deaths - scrubbed.

EEO data - scrubbed.

Labor stats - scrubbed.

Scientific integrity policy - scrubbed.

",TRUE,"Included"
"at://did:plc:t24cvwqdrpkvejb6gpa32i7a/app.bsky.feed.post/3mvneuoh4hk2f","RTO","Trump's next major scandal set to explode as report reveals 'shocking' trades: DC insider

""John Heilemann analyzed a new Bloomberg analysis that found Trump traded more securities than every member of Congress combined since his return to office in 2025.""

And the grift goes on...","en",TRUE,"Trump's next major scandal set to explode as report reveals 'shocking' trades: DC insider

""John Heilemann analyzed a new Bloomberg analysis that found Trump traded more securities than every member of Congress combined since his return to office in 2025.""

And the grift goes on...",TRUE,"Included"
"at://did:plc:shz64yytnyxf73hl6i3wfsle/app.bsky.feed.post/3mvnesxtphs2u","RTO","A wave of manufacturing investment promised to revive struggling heartland towns and build a U.S. supply chain for electric vehicles and batteries. But policy changes since Trump's return to office have upended the boom, costing thousands of jobs. 

Way to go MAGA. Screwed yourselves real good!","en",TRUE,"A wave of manufacturing investment promised to revive struggling heartland towns and build a U.S. supply chain for electric vehicles and batteries. But policy changes since Trump's return to office have upended the boom, costing thousands of jobs. 

Way to go MAGA. Screwed yourselves real good!",TRUE,"Included"
"at://did:plc:rlqi4rkaahnpjyfcn6wetq7j/app.bsky.feed.post/3mvncf7da2x2v","RTO","Disney Reportedly Warns Remote Tech & Product Staff of Termination Over 4-Day In-Office Policy","",FALSE,"Disney Reportedly Warns Remote Tech & Product Staff of Termination Over 4-Day In-Office Policy",FALSE,"Missing language tag"
"at://did:plc:y6msusnvv26y7o3ldyvyo6ge/app.bsky.feed.post/3mvnbir7gcc2d","RTO","""A wave of manufacturing investment promised to revive struggling heartland towns and build a U.S. supply chain for electric vehicles and batteries. But policy changes since Trump's return to office have upended the boom, costing thousands of jobs.""","en",TRUE,"""A wave of manufacturing investment promised to revive struggling heartland towns and build a U.S. supply chain for electric vehicles and batteries. But policy changes since Trump's return to office have upended the boom, costing thousands of jobs.""",TRUE,"Included"
"at://did:plc:4u7eb6trtynobjfm2irebn66/app.bsky.feed.post/3mvna533sdc2y","RTO","Every day is a new scandal. Pathological levels of greed:

""President Donald Trump made nearly 28,700 stock trades in 17 months...a new Bloomberg analysis that found Trump traded more securities than every member of Congress combined since his return to office in 2025""","fr",FALSE,"Every day is a new scandal. Pathological levels of greed:

""President Donald Trump made nearly 28,700 stock trades in 17 months...a new Bloomberg analysis that found Trump traded more securities than every member of Congress combined since his return to office in 2025""",FALSE,"Non-English or mixed language tags"
"at://did:plc:2dgnf6j5iuwwncm6obbl2iyr/app.bsky.feed.post/3mvn5euwb2k2q","RTO","Trump's next major scandal set to explode as report reveals 'shocking' trades: DC insider

Trump traded more securities than every member of Congress combined since his return to office in 2025.

He never wanted to be POTUS. He hates America & all of us. 🤑

www.rawstory.com/trump-stock-...","en",TRUE,"Trump's next major scandal set to explode as report reveals 'shocking' trades: DC insider

Trump traded more securities than every member of Congress combined since his return to office in 2025.

He never wanted to be POTUS. He hates America & all of us. 🤑

",TRUE,"Included"
"at://did:plc:w3imlslbeawahq57zunm3tls/app.bsky.feed.post/3mvn5cfj5ms24","RTO","Trump and his money managers have made more stock trades since his return to office 20 months ago than all members of congress combined. Trump: 28 thousand trades, all of Congress: 22 thousand trades.

Arrest him already for insider trading and stock market manipulation.","en",TRUE,"Trump and his money managers have made more stock trades since his return to office 20 months ago than all members of congress combined. Trump: 28 thousand trades, all of Congress: 22 thousand trades.

Arrest him already for insider trading and stock market manipulation.",TRUE,"Included"
"at://did:plc:cukyh664zwfwfsi2qo7otdkl/app.bsky.feed.post/3mvn3zvishd25","RTO","analysis that found Trump traded more securities than every member of Congress combined since his return to office in 2025.

""It is shocking,"" Heilemann said. Heilemann then offered a dark prediction about the scope of Trump's personal enrichment.","en",TRUE,"analysis that found Trump traded more securities than every member of Congress combined since his return to office in 2025.

""It is shocking,"" Heilemann said. Heilemann then offered a dark prediction about the scope of Trump's personal enrichment.",TRUE,"Included"
"at://did:plc:n3lnles3nqhtniyefyytgcsh/app.bsky.feed.post/3mvn3wzki3s2b","RTO","🔸 Fun fact: Trump & his money managers have made more stock trades since his return to office 20 months ago than all members of congress combined. 

📉 Trump: 28 thousand trades 

📉 All of Congress: 22 thousand trades
#MAGA #fascism #Trump #GOP","en",TRUE,"🔸 Fun fact: Trump & his money managers have made more stock trades since his return to office 20 months ago than all members of congress combined. 

📉 Trump: 28 thousand trades 

📉 All of Congress: 22 thousand trades
#MAGA #fascism #Trump #GOP",TRUE,"Included"
"at://did:plc:slyb6dtlemv6ucoymlcufuan/app.bsky.feed.post/3mvn3pwcroy2a","RTO","Return to Office Is Shortsighted: Remote Work Was Never Just About COVID

#Career #Work #Industry #Jobs
https://go.rodtrent.com/go/jusdrtq","",FALSE,"Return to Office Is Shortsighted: Remote Work Was Never Just About COVID

#Career #Work #Industry #Jobs
",FALSE,"Missing language tag"
"at://did:plc:2xxy3o2jwtcjgtvgpazhsdh4/app.bsky.feed.post/3mvn24hvyoc2f","RTO","Trump destroyed America's manufacturing sector. A wave of manufacturing investment promised to revive struggling heartland towns and build a U.S. supply chain for electric vehicles and batteries. But policy changes since Trump's return to office have upended the boom, costing thousands of jobs.","en;es;st",FALSE,"Trump destroyed America's manufacturing sector. A wave of manufacturing investment promised to revive struggling heartland towns and build a U.S. supply chain for electric vehicles and batteries. But policy changes since Trump's return to office have upended the boom, costing thousands of jobs.",FALSE,"Non-English or mixed language tags"
"at://did:plc:grvqhukaed3us6s6ftno2rit/app.bsky.feed.post/3mvmkl7bxes2d","RTO","A wave of manufacturing investment promised to revive struggling heartland towns and build a U.S. supply chain for electric vehicles and batteries. But policy changes since Trump's return to office have upended the boom, costing thousands of jobs

www.reuters.com/investigatio...","en",TRUE,"A wave of manufacturing investment promised to revive struggling heartland towns and build a U.S. supply chain for electric vehicles and batteries. But policy changes since Trump's return to office have upended the boom, costing thousands of jobs

",TRUE,"Included"
"at://did:plc:pcteqm27lh2lbsbzfxakxqcw/app.bsky.feed.post/3mvmij6wctc2l","RTO","A REUTERS SPECIAL REPORT ""A wave of manufacturing investment promised to revive struggling heartland towns and build a U.S. supply chain for electric vehicles and batteries. But policy changes since Trump's return to office have upended the boom, costing thousands of jobs."" 👇👀","en",TRUE,"A REUTERS SPECIAL REPORT ""A wave of manufacturing investment promised to revive struggling heartland towns and build a U.S. supply chain for electric vehicles and batteries. But policy changes since Trump's return to office have upended the boom, costing thousands of jobs."" 👇👀",TRUE,"Included"
"at://did:plc:qubyqwc2wsv5cpfm3i3f6skt/app.bsky.feed.post/3mvmg45lqrs2h","RTO","A wave of manufacturing investment promised to revive struggling heartland towns and build a U.S. supply chain for electric vehicles and batteries. But policy changes since Trump's return to office have upended the boom, costing thousands of jobs.

www.reuters.com/investigatio...","en",TRUE,"A wave of manufacturing investment promised to revive struggling heartland towns and build a U.S. supply chain for electric vehicles and batteries. But policy changes since Trump's return to office have upended the boom, costing thousands of jobs.

",TRUE,"Included"
"at://did:plc:54sd6bipe7inusth2cgvlcc4/app.bsky.feed.post/3mvmbsugh7s2c","RTO","Since Trump's return to office, trade and immigration policies have upended the demand for electric cars, costing thousands of jobs. The fallout is landing mostly on a swath of #red #states stretching from GA to IN, which drew so much EV-related investment it earned the nickname the #Battery #Belt.","en",TRUE,"Since Trump's return to office, trade and immigration policies have upended the demand for electric cars, costing thousands of jobs. The fallout is landing mostly on a swath of #red #states stretching from GA to IN, which drew so much EV-related investment it earned the nickname the #Battery #Belt.",TRUE,"Included"
"at://did:plc:vbljassbrgzig2nauh6mg5g6/app.bsky.feed.post/3mvm4cmbkmk2y","RTO","www.reuters.com/investigatio...
A wave of manufacturing investment promised to revive struggling heartland towns and build a U.S. supply chain for electric vehicles and batteries. But policy changes since trump’s return to office have upended the boom, costing thousands of jobs….","en",TRUE,"
A wave of manufacturing investment promised to revive struggling heartland towns and build a U.S. supply chain for electric vehicles and batteries. But policy changes since trump's return to office have upended the boom, costing thousands of jobs….",TRUE,"Included"
"at://did:plc:jbvnehrrdqoulco4rf5gxg5r/app.bsky.feed.post/3mvlwgii53k2s","RTO","A wave of manufacturing investment promised to revive struggling American heartland towns and build a US supply chain for electric vehicles and batteries. But policy changes since Trump's return to office have upended the boom, costing thousands of jobs reut.rs/4AkSdlS","en",TRUE,"A wave of manufacturing investment promised to revive struggling American heartland towns and build a US supply chain for electric vehicles and batteries. But policy changes since Trump's return to office have upended the boom, costing thousands of jobs ",TRUE,"Included"
"at://did:plc:7ch57gnq4ntmrj5emtojdqud/app.bsky.feed.post/3mvljch5xvs2q","RTO","The real reason Trump was able to return to office… more people didn’t vote than those that voted for either candidate…","en",TRUE,"The real reason Trump was able to return to office… more people didn't vote than those that voted for either candidate…",TRUE,"Included"
"at://did:plc:hgvumk5ohtiigpwor6hvb4pz/app.bsky.feed.post/3mvlfmqvckn2n","RTO","Working remotely reduces everyday gendered offenses against women, while return-to-office mandates can recreate discrimination conditions that push women out of roles.
","",FALSE,"Working remotely reduces everyday gendered offenses against women, while return-to-office mandates can recreate discrimination conditions that push women out of roles.
",FALSE,"Missing language tag"
"at://did:plc:2ys35qzvc265dtaltqdmgxcm/app.bsky.feed.post/3mvlfluem2q2u","RTO","Working remotely reduces everyday gendered offenses against women, while return-to-office mandates can recreate discrimination conditions that push women out of roles.
","",FALSE,"Working remotely reduces everyday gendered offenses against women, while return-to-office mandates can recreate discrimination conditions that push women out of roles.
",FALSE,"Missing language tag"
"at://did:plc:7q64l7gyv6n5wssm5r5ekfoa/app.bsky.feed.post/3mvlfdi6kqk2c","RTO","Splash Damage did that return to office bullshit as well, and Team17 don't exactly have a spotless record of not exploiting people. I see a pattern here.","en",TRUE,"Splash Damage did that return to office bullshit as well, and Team17 don't exactly have a spotless record of not exploiting people. I see a pattern here.",TRUE,"Included"
"at://did:plc:ihhoc22pjtx42mhxb5enqb2r/app.bsky.feed.post/3mvlccwz65k2w","RTO","The GOP senators are getting paid off - it not about being scared ( for a few maybe).  am sure they are getting cut in- whats 5m to 20 senators in a crypto acct to DJT? he made like 4B right ? since return to office?","en",TRUE,"The GOP senators are getting paid off - it not about being scared ( for a few maybe).  am sure they are getting cut in- whats 5m to 20 senators in a crypto acct to DJT? he made like 4B right ? since return to office?",TRUE,"Included"
"at://did:plc:zo3c4rnwzzhy7xl46fcwr3rw/app.bsky.feed.post/3mvl5ljmd3f2a","RTO","Denver is still bringing up the rear among big cities when it comes to luring people back to the office.","",FALSE,"Denver is still bringing up the rear among big cities when it comes to luring people back to the office.",FALSE,"Missing language tag"
"at://did:plc:cihbpghypfhssku2dlylqawh/app.bsky.feed.post/3mvl2nkilph2n","RTO","#PrinceRupertBC - The race is on; 7 candidates seek six prince Rupert council seats thenorthernview.com/2026/09/14/p...","",FALSE,"#PrinceRupertBC - The race is on; 7 candidates seek six prince Rupert council seats ",FALSE,"Missing language tag"
"at://did:plc:ghqvki5w7jzxccav3tu5atfk/app.bsky.feed.post/3mvl2hkcugo2u","RTO","Fixed the headline for you.
Denver the slowest city to waste gas and employee time just so landowners make money.

www.cpr.org/2026/09/14/d...","",FALSE,"Fixed the headline for you.
Denver the slowest city to waste gas and employee time just so landowners make money.

",FALSE,"Missing language tag"
"at://did:plc:aq4wcnqm73pk55cjo7arnb54/app.bsky.feed.post/3mvkxfbi53s2q","RTO","look it is bad enough that i have to do work things in this beautiful state as it is don't even try to ask me to come to the bad building full of work things

www.cpr.org/2026/09/14/d...","en",TRUE,"look it is bad enough that i have to do work things in this beautiful state as it is don't even try to ask me to come to the bad building full of work things

",TRUE,"Included"
"at://did:plc:crewcfvywfs2r6v4dpn5j4d4/app.bsky.feed.post/3mvksxqpm2s2v","RTO","That last changed in July, when, thanks to mandates from on high, we had to return to office five days a week, because ""serendipity at the water cooler!"".

#officeMythology","en",TRUE,"That last changed in July, when, thanks to mandates from on high, we had to return to office five days a week, because ""serendipity at the water cooler!"".

#officeMythology",TRUE,"Included"
"at://did:plc:hx3hu6ty33whwxniwcilysib/app.bsky.feed.post/3mvksqzzjc22v","RTO","www.cleveland.com/news/2026/09...","nl",FALSE,"",FALSE,"Non-English or mixed language tags"
"at://did:plc:ucnysyw6q2lxok5wqsynhzgy/app.bsky.feed.post/3mvksppzthy2g","RTO","Disney mandates more workers return to office

Disney is requiring that some remote members of its product and tech teams return to the office four days a week, NCCapital reports, citing an unnamed source. The change b...

https://blog.webnovare.com/post/disney-mandates-more-workers-return-to-office","",FALSE,"Disney mandates more workers return to office

Disney is requiring that some remote members of its product and tech teams return to the office four days a week, NCCapital reports, citing an unnamed source. The change b...

",FALSE,"Missing language tag"
"at://did:plc:z4di25lxt2jraweyaimbfazd/app.bsky.feed.post/3mvkosipbn22l","RTO","🚨 When a return to the office is a return to sex-discrimination

Return-to-office mandates do more than move bodies; they reshape exposure to...

Immigration policy keeps failing everyone — immigrants and citizens alike.

#politics #Bluesky #Journalism #resist #USDemocracy","",FALSE,"🚨 When a return to the office is a return to sex-discrimination

Return-to-office mandates do more than move bodies; they reshape exposure to...

Immigration policy keeps failing everyone — immigrants and citizens alike.

#politics #Bluesky #Journalism #resist #USDemocracy",FALSE,"Missing language tag"
"at://did:plc:hvkt7g6hjpkf7g4rc6nx73ms/app.bsky.feed.post/3mvkim3rwek2u","RTO","return to office","en",TRUE,"return to office",TRUE,"Included"
"at://did:plc:y4vdqc4gavpmhvfkgfpjtgod/app.bsky.feed.post/3mvkfygqaft2g","RTO","Remote misconduct doesn't happen at the water cooler. It happens in DMs, private channels and 1:1 calls where nobody else is watching.

In one poll, 48% of remote workers read return-to-office orders as micromanagement, not productivity.

Lead with trust, not tracking.

#whistleblowing #remotework","",FALSE,"Remote misconduct doesn't happen at the water cooler. It happens in DMs, private channels and 1:1 calls where nobody else is watching.

In one poll, 48% of remote workers read return-to-office orders as micromanagement, not productivity.

Lead with trust, not tracking.

#whistleblowing #remotework",FALSE,"Missing language tag"
"at://did:plc:yzgrugzor7u52dr2odync63c/app.bsky.feed.post/3mvjy45ctpy26","RTO","Return-to-Office Mandates Are Getting Stricter in 2026: What HR Teams Need to Know

⚡ TL;DRReturn-to-office mandates hardened through 2026 rather than fading. Instagram, Truist, Paramount Skydance and TikTok now require five days a week in-office; Microsoft and NBC Universal have set…","",FALSE,"Return-to-Office Mandates Are Getting Stricter in 2026: What HR Teams Need to Know

⚡ TL;DRReturn-to-office mandates hardened through 2026 rather than fading. Instagram, Truist, Paramount Skydance and TikTok now require five days a week in-office; Microsoft and NBC Universal have set…",FALSE,"Missing language tag"
"at://did:plc:tvcqfsvw6vzqt3ujo6qzmd2k/app.bsky.feed.post/3mvjvqbwr4t2k","RTO","McConnell should not have been allowed to return to office.  NO politician of ANY party should be allowed to just bail on their job for months on end without repercussions.","en",TRUE,"McConnell should not have been allowed to return to office.  NO politician of ANY party should be allowed to just bail on their job for months on end without repercussions.",TRUE,"Included"
"at://did:plc:yibvvp6lupw6zpwh5bqx7cya/app.bsky.feed.post/3mvjqezjfuc2f","RTO","hell yeah brother","en",TRUE,"hell yeah brother",TRUE,"Included"
"at://did:plc:dnq25gcx7ffvdkogl2mce56l/app.bsky.feed.post/3mvjm2v45xc2p","RTO","@lastwordmsnow.bsky.social 
This US Supreme Court has allowed Donald to return to office because the States Supreme Courts deemed  that he was ineligible to be on their ballots but they forced them to place him on them . ￼","en",TRUE,"@ 
This US Supreme Court has allowed Donald to return to office because the States Supreme Courts deemed  that he was ineligible to be on their ballots but they forced them to place him on them . ￼",TRUE,"Included"
"at://did:plc:twwoubq5rzjm3vvp26bsz4db/app.bsky.feed.post/3mvjjevn5322l","RTO","Meta Return To Office is eventually going to be expensive, even for those fat tech salaries.","en",TRUE,"Meta Return To Office is eventually going to be expensive, even for those fat tech salaries.",TRUE,"Included"
"at://did:plc:j22a6b57hcrkrmjgsihslkwe/app.bsky.feed.post/3mvjflui2ss2e","RTO","www.amnestyusa.org/press-releas...","en",TRUE,"",FALSE,"No retained English word tokens"
"at://did:plc:izamfu5vz3o7iby4buci7sfh/app.bsky.feed.post/3mviyfv55w22e","RTO","Why did he return to office to further harm himself? After all, he will never learn any better or experience anything different.","en",TRUE,"Why did he return to office to further harm himself? After all, he will never learn any better or experience anything different.",TRUE,"Included"
"at://did:plc:xxtulnpfywej3lg2xzitcodm/app.bsky.feed.post/3mvixeksyqc2t","RTO","Has anyone written a paper showing how antitrust law creates the conditions for companies to use moral panics as a coordinating mechanism? The AI apocalypse discourse is obviously the latest example. But the return-to-office discourse of a few years ago might be another one. Surely there are more.","en",TRUE,"Has anyone written a paper showing how antitrust law creates the conditions for companies to use moral panics as a coordinating mechanism? The AI apocalypse discourse is obviously the latest example. But the return-to-office discourse of a few years ago might be another one. Surely there are more.",TRUE,"Included"
"at://did:plc:t72rrclvzenjpxwk2uxgj4tc/app.bsky.feed.post/3mviqkizvyr26","RTO","DONALD TRUMP RETURN TO OFFICE! #nelk #fullsendpodcast #kyleforgeard #donaldtrump","",FALSE,"DONALD TRUMP RETURN TO OFFICE! #nelk #fullsendpodcast #kyleforgeard #donaldtrump",FALSE,"Missing language tag"
"at://did:plc:uucikaw4amsjlnmitifeb4gm/app.bsky.feed.post/3mvipi6rkmk2z","RTO","The US has fallen to 64th place among 180 countries in the 2026 World Press Freedom Index, behind Botswana and ahead of Panama. 

The US is experiencing a “significant and prolonged decline” in press freedom, with Trump’s return to office “greatly exacerbating the situation.”","en",TRUE,"The US has fallen to 64th place among 180 countries in the 2026 World Press Freedom Index, behind Botswana and ahead of Panama. 

The US is experiencing a “significant and prolonged decline” in press freedom, with Trump's return to office “greatly exacerbating the situation.”",TRUE,"Included"
"at://did:plc:ak2pn34qepmd7b3hkf6docgd/app.bsky.feed.post/3mvijw7wccc26","RTO","Today was supposed to be his return-to-office date, right?","en",TRUE,"Today was supposed to be his return-to-office date, right?",TRUE,"Included"
"at://did:plc:i2tmtahkhgvlbgqh6fpwag2t/app.bsky.feed.post/3mvijfxotkc2z","RTO","In the office on a Monday due to our stupid new return to office rules, and this day is dragging by so slowly","en",TRUE,"In the office on a Monday due to our stupid new return to office rules, and this day is dragging by so slowly",TRUE,"Included"
"at://did:plc:dzezcmpb3fhcpns4n4xm4ur5/app.bsky.feed.post/3mvibhqyix42y","RTO","Spending too much time working alone can be harmful to your mental health, new research suggests. As companies announce new return-to-office mandates, experts say it’s important to incorporate meaningful social interaction into your day, regardless of where you work. https://cnn.it/46Uoliz","",FALSE,"Spending too much time working alone can be harmful to your mental health, new research suggests. As companies announce new return-to-office mandates, experts say it's important to incorporate meaningful social interaction into your day, regardless of where you work. ",FALSE,"Missing language tag"
"at://did:plc:t53ijuodvbcjbislhyu6te4r/app.bsky.feed.post/3mviae4f7ds2n","RTO","Here's the broad argument Rockstar is attempting to make, as outlined in its opening notes:","en",TRUE,"Here's the broad argument Rockstar is attempting to make, as outlined in its opening notes:",TRUE,"Included"
"at://did:plc:npcitgod6k4wldfcd2fmzctt/app.bsky.feed.post/3mvia3omdfc2u","RTO","Should’ve just called it “Return to illness” instead of “Return to office”

I think I just took out my boss with the virus 🦠 I was toting around with me the second half of last week

Already gave it to my family

I wonder how many others I blessed with this","en",TRUE,"Should've just called it “Return to illness” instead of “Return to office”

I think I just took out my boss with the virus 🦠 I was toting around with me the second half of last week

Already gave it to my family

I wonder how many others I blessed with this",TRUE,"Included"
"at://did:plc:to3auyqnh3voyprezqngezuz/app.bsky.feed.post/3mvi55h6fq22d","RTO","Read more about our congestion  relief plan, including creating a People’s Office for Better Construction and addressing the Return to Office challenges for public servants.","fr",FALSE,"Read more about our congestion  relief plan, including creating a People's Office for Better Construction and addressing the Return to Office challenges for public servants.",FALSE,"Non-English or mixed language tags"
"at://did:plc:cukyh664zwfwfsi2qo7otdkl/app.bsky.feed.post/3mvi3kkgqpd2s","RTO","The country ranked 57th a year earlier. Reporters Without Borders, known by its French initials RSF, says the United States is experiencing a “significant and prolonged decline” in press freedom, with President Trump’s return to office “greatly exacerbating the situation.”","en",TRUE,"The country ranked 57th a year earlier. Reporters Without Borders, known by its French initials RSF, says the United States is experiencing a “significant and prolonged decline” in press freedom, with President Trump's return to office “greatly exacerbating the situation.”",TRUE,"Included"
"at://did:plc:zd75oeaqltsoejyxiobqbgct/app.bsky.feed.post/3mvh6atsv252d","RTO","Several OC Transpo park and ride lots at less than 50 per cent capacity as public servants return to office","",FALSE,"Several OC Transpo park and ride lots at less than 50 per cent capacity as public servants return to office",FALSE,"Missing language tag"
"at://did:plc:h6i7al6fvia5xvjvzq7qciaa/app.bsky.feed.post/3mvgnn47qoc2h","RTO","I wonder why? No, wait, I don’t. www.ctvnews.ca/ottawa/artic...","en",TRUE,"I wonder why? No, wait, I don't. ",TRUE,"Included"
"at://did:plc:axcevwb2ys5byxu6mwi4qzbi/app.bsky.feed.post/3mvglrqsauc2y","RTO","Meanwhile...

Hundreds of Big Post-Election Donors Have Benefited From Trump’s Return to Office 
www.nytimes.com/interactive/... 🎁Gift link","en",TRUE,"Meanwhile...

Hundreds of Big Post-Election Donors Have Benefited From Trump's Return to Office 
 🎁Gift link",TRUE,"Included"
"at://did:plc:ek7pz3ixn6vktjp3qvskv67b/app.bsky.feed.post/3mvgkl3aouc2b","RTO","I don't think a pied a terre is totally unworkable for some situations (have heard some partial return-to-office people who moved out of the city rent a small condo for weeknight use) but a 3-bedroom with parking and a yard is a very fancy pied a terre! That is a very particular situation!","en",TRUE,"I don't think a pied a terre is totally unworkable for some situations (have heard some partial return-to-office people who moved out of the city rent a small condo for weeknight use) but a 3-bedroom with parking and a yard is a very fancy pied a terre! That is a very particular situation!",TRUE,"Included"
"at://did:plc:dtwphuxvtvimwtra5yh4ujt4/app.bsky.feed.post/3mvgidf65pf2v","RTO","Exit polls in Sweden's national election show left-of-center parties including former Prime Minister Magdalena Andersson's Social Democrats leading Prime Minister Ulf Kristersson's governing alliance. https://to.pbs.org/3T1SxF6","",FALSE,"Exit polls in Sweden's national election show left-of-center parties including former Prime Minister Magdalena Andersson's Social Democrats leading Prime Minister Ulf Kristersson's governing alliance. ",FALSE,"Missing language tag"
"at://did:plc:iobnjo7qg6cvi5c3yvypiviv/app.bsky.feed.post/3mvg6luxrmk24","RTO","🎶 And the warnings burned in rows of lanes, and on the outbound trains. The sound of silence....🎶","en",TRUE,"🎶 And the warnings burned in rows of lanes, and on the outbound trains. The sound of silence....🎶",TRUE,"Included"
"at://did:plc:zd75oeaqltsoejyxiobqbgct/app.bsky.feed.post/3mvg4q2vmdm22","RTO","Several OC Transpo park and ride lots at less than 50 per cent capacity as public servants return to office","",FALSE,"Several OC Transpo park and ride lots at less than 50 per cent capacity as public servants return to office",FALSE,"Missing language tag"
"at://did:plc:g45pqswrrmaglxunfp7eggzt/app.bsky.feed.post/3mvfwviltsk2h","RTO","Return-to-office mandates in Ontario mean longer commutes—and more traffic during rush hour. What you might not know? Stop-and-go driving is hard on your car, requiring more maintenance. For more information: https://caaneo.club/46iZftu","",FALSE,"Return-to-office mandates in Ontario mean longer commutes—and more traffic during rush hour. What you might not know? Stop-and-go driving is hard on your car, requiring more maintenance. For more information: ",FALSE,"Missing language tag"
"at://did:plc:z2zvx7ryimfw6dz5blzzdrpq/app.bsky.feed.post/3mvfibgdshs2v","RTO","“Return to office” policies in the public and private sector are certainly a boon to the fossil fuel industry as well as the commercial real estate sector. Not all places have decent public transportation options for commuters.","en",TRUE,"“Return to office” policies in the public and private sector are certainly a boon to the fossil fuel industry as well as the commercial real estate sector. Not all places have decent public transportation options for commuters.",TRUE,"Included"
"at://did:plc:2swu5lg436g7wxf2ea6bjq72/app.bsky.feed.post/3mvdzc7i6gs2z","RTO","ICE Deports More Than 2,000 Suspected Terrorists Since Trump’s Return to Office

thenationalpulse.com/2026/09/11/i... #ICE #Terrorism #Deportation #TrumpAdministration #NationalSecurity #ImmigrationPolicy #LawEnforcement #PublicSafety #BorderControl #CurrentEvents","en",TRUE,"ICE Deports More Than 2,000 Suspected Terrorists Since Trump's Return to Office

 #ICE #Terrorism #Deportation #TrumpAdministration #NationalSecurity #ImmigrationPolicy #LawEnforcement #PublicSafety #BorderControl #CurrentEvents",TRUE,"Included"
"at://did:plc:qjhttmhns3e5yg3ocql53kjl/app.bsky.feed.post/3mvdn2qluzrj2","RTO","@raganwald @Lazarou €10 says this CEO is the exact same CEO who forces people to return to office working because face to face communication is so much more productive.","en",TRUE,"  €10 says this CEO is the exact same CEO who forces people to return to office working because face to face communication is so much more productive.",TRUE,"Included"
"at://did:plc:54g6yqyphx2z4yiadzvhzfh5/app.bsky.feed.post/3mvdjcdjz7t2c","RTO","Moving to a city just to be ""local"" for a job interview is the kind of desperation that makes me question my own work-life balance.

https://www.businessinsider.com/moved-seattle-amazon-job-help-land

https://www.businessinsider.com/amazon-data-scientist-seattle-short-commute-return-to-office-2026-3","",FALSE,"Moving to a city just to be ""local"" for a job interview is the kind of desperation that makes me question my own work-life balance.



",FALSE,"Missing language tag"
"at://did:plc:ndle6ieqt4giwijjt4gp5okh/app.bsky.feed.post/3mvdh3rqpes2m","RTO","When will corporations give us workers a break and lay-off “return to office” mandates with the price of gas?  
This isn’t ending anytime soon. $5.60 for my gas this week in Oregon.","en",TRUE,"When will corporations give us workers a break and lay-off “return to office” mandates with the price of gas?  
This isn't ending anytime soon. $5.60 for my gas this week in Oregon.",TRUE,"Included"
"at://did:plc:nr5zcjdc6kui4ymaiowvh3n6/app.bsky.feed.post/3mvd6zdjp7b2c","RTO","Inflation and return-to-office plans are driving mass resignations after pay cuts, hostile reorganizations, and dismissive leadership decisions.
","",FALSE,"Inflation and return-to-office plans are driving mass resignations after pay cuts, hostile reorganizations, and dismissive leadership decisions.
",FALSE,"Missing language tag"
"at://did:plc:vl36vrylrc7zwutwrwibyxeo/app.bsky.feed.post/3mvd6yu3ufz2d","RTO","Inflation and return-to-office plans are driving mass resignations after pay cuts, hostile reorganizations, and dismissive leadership decisions.
","",FALSE,"Inflation and return-to-office plans are driving mass resignations after pay cuts, hostile reorganizations, and dismissive leadership decisions.
",FALSE,"Missing language tag"
"at://did:plc:k3n5amejalosp3ursaq66u6h/app.bsky.feed.post/3mvd6yskmif2z","RTO","Inflation and return-to-office plans are driving mass resignations after pay cuts, hostile reorganizations, and dismissive leadership decisions.
","",FALSE,"Inflation and return-to-office plans are driving mass resignations after pay cuts, hostile reorganizations, and dismissive leadership decisions.
",FALSE,"Missing language tag"
"at://did:plc:yfzqc42lkdurwcpslq7yp3ud/app.bsky.feed.post/3mvd3i654xc2c","RTO","A former Rockstar Games employee claims staff were placed on an internal “watch list” after signing a petition opposing a return-to-office mandate

Dayne Oram made the allegation during an employment tribunal over the firing of 34 workers","",FALSE,"A former Rockstar Games employee claims staff were placed on an internal “watch list” after signing a petition opposing a return-to-office mandate

Dayne Oram made the allegation during an employment tribunal over the firing of 34 workers",FALSE,"Missing language tag"
"at://did:plc:zd75oeaqltsoejyxiobqbgct/app.bsky.feed.post/3mvcpr6iips2k","RTO","Barrhaven bus commute highlights ongoing concerns over delays and reliability","",FALSE,"Barrhaven bus commute highlights ongoing concerns over delays and reliability",FALSE,"Missing language tag"
"at://did:plc:v35s7l2l3nyjyxvqf427r5av/app.bsky.feed.post/3mvccwspdoc24","RTO","To repeat something for emphasis: Trump’s insurrectionary activity never stopped. By rejecting his constitutional obligations within hours of his return to office, he abandoned the fundamental source of a president’s legitimacy.","en",TRUE,"To repeat something for emphasis: Trump's insurrectionary activity never stopped. By rejecting his constitutional obligations within hours of his return to office, he abandoned the fundamental source of a president's legitimacy.",TRUE,"Included"
"at://did:plc:zd75oeaqltsoejyxiobqbgct/app.bsky.feed.post/3mvbfufgwx422","RTO","Barrhaven bus commute highlights ongoing concerns over delays and reliability","",FALSE,"Barrhaven bus commute highlights ongoing concerns over delays and reliability",FALSE,"Missing language tag"
"at://did:plc:gnckcnrkwefcrjlblqmvb3ky/app.bsky.feed.post/3mvb2uucjf42w","RTO","Cities out-grew their own suburbs by 0.83 pts/yr before COVID (CI excludes zero). COVID erased that edge. 4 yrs into ""return to office,"" it hasn't moved again -- a real donut effect still can't clear zero (p=0.064). #RealEstate #UrbanPlanning #News #Media #Journalism","",FALSE,"Cities out-grew their own suburbs by 0.83 pts/yr before COVID (CI excludes zero). COVID erased that edge. 4 yrs into ""return to office,"" it hasn't moved again -- a real donut effect still can't clear zero (p=0.064). #RealEstate #UrbanPlanning #News #Media #Journalism",FALSE,"Missing language tag"
"at://did:plc:kqvxcy7e6umxgejqd6wykxt5/app.bsky.feed.post/3mvayqxt53c2e","RTO","Join us October 6-7 for practical discussions on: 

✅ The latest labour law caselaw

✅ How Canada-US trade policy changes will impact bargaining agendas

✅ Return-to-office mandates and mental health accommodations

Save your spot now.

lancasterhouse.com/conferences/...","en",TRUE,"Join us October 6-7 for practical discussions on: 

✅ The latest labour law caselaw

✅ How Canada-US trade policy changes will impact bargaining agendas

✅ Return-to-office mandates and mental health accommodations

Save your spot now.

",TRUE,"Included"
"at://did:plc:sdti4udovd75tyzz2w45oytj/app.bsky.feed.post/3mvao55i5wk2z","RTO","Media whined for years about President Obama using too many big words (he was Black). They went all in on character assassination of President Biden and lying about the world-beating Biden-Harris economic recovery.

They finally have the head of state they worked so hard to return to office. Enjoy.","en",TRUE,"Media whined for years about President Obama using too many big words (he was Black). They went all in on character assassination of President Biden and lying about the world-beating Biden-Harris economic recovery.

They finally have the head of state they worked so hard to return to office. Enjoy.",TRUE,"Included"
"at://did:plc:krt7mrzm5yv5wdcsr6cwpyiy/app.bsky.feed.post/3mvamjp63r22z","RTO","Dear company executives,

When you enforce all your employees to return to office for a minimum of few days a week, I expect you to also remove all DEI statements from your marketing material.","en",TRUE,"Dear company executives,

When you enforce all your employees to return to office for a minimum of few days a week, I expect you to also remove all DEI statements from your marketing material.",TRUE,"Included"
"at://did:plc:hrdr3jmk6yotqnlelv5ptrg6/app.bsky.feed.post/3mvaf5thbec23","RTO","I got swept out of FDA in the same mess. RA office devoid of employees, told not to process requests, accused of trying to avoid return to office, and finally singled out and told to report to an office 70 miles away. Had 14 days to decide on retiring or staying to be maybe fired.","en",TRUE,"I got swept out of FDA in the same mess. RA office devoid of employees, told not to process requests, accused of trying to avoid return to office, and finally singled out and told to report to an office 70 miles away. Had 14 days to decide on retiring or staying to be maybe fired.",TRUE,"Included"
"at://did:plc:oe7kd66l5v3cpi6gtjng3sn5/app.bsky.feed.post/3mv7zkdgryz2j","RTO","Remote Delegation Skills: Why Managers Revert to Micromanaging

Autonomy disappears the moment managers return to the office. David Ohnstad reveals why 63% of managers increased day-to-day involvement post-RTO, and how…

https://davidohnstad.info/remote-delegation-micromanaging-return-to-office/","",FALSE,"Remote Delegation Skills: Why Managers Revert to Micromanaging

Autonomy disappears the moment managers return to the office. David Ohnstad reveals why 63% of managers increased day-to-day involvement post-RTO, and how…

",FALSE,"Missing language tag"
"at://did:plc:zd75oeaqltsoejyxiobqbgct/app.bsky.feed.post/3mv7q7dxbxa2k","RTO","Rush hour race tests city transit as federal workers return to office","",FALSE,"Rush hour race tests city transit as federal workers return to office",FALSE,"Missing language tag"
"at://did:plc:xvo7gsaojuuuxc6rlw374pls/app.bsky.feed.post/3mv7ntxuaxb2d","RTO","The Poison:
Hollowing out worker protections under industry pressure leaves employees vulnerable to arbitrary return-to-office mandates.","en",TRUE,"The Poison:
Hollowing out worker protections under industry pressure leaves employees vulnerable to arbitrary return-to-office mandates.",TRUE,"Included"
"at://did:plc:2eznkevmzunhobzjtvcixun5/app.bsky.feed.post/3mv7d4o3pks2e","RTO","Return to office culture is out of control","en",TRUE,"Return to office culture is out of control",TRUE,"Included"
"at://did:plc:zd75oeaqltsoejyxiobqbgct/app.bsky.feed.post/3mv6vfahgci2k","RTO","Rush hour race tests city transit as federal workers return to office","",FALSE,"Rush hour race tests city transit as federal workers return to office",FALSE,"Missing language tag"
"at://did:plc:ww3skcjv5adzcjzkqo4ezfbf/app.bsky.feed.post/3mv6tfiall223","RTO","If you're wondering how forced return to office collaboration is going, I've been at my office for five hours and haven't seen or spoken to another soul outside of my computer. 

I'm so glad I get to spend an extra $500/month in transportation and parking to be so collaborative, without my dog.","en",TRUE,"If you're wondering how forced return to office collaboration is going, I've been at my office for five hours and haven't seen or spoken to another soul outside of my computer. 

I'm so glad I get to spend an extra $500/month in transportation and parking to be so collaborative, without my dog.",TRUE,"Included"
"at://did:plc:k3n5amejalosp3ursaq66u6h/app.bsky.feed.post/3mv6hsi2z252n","RTO","A VP’s full-time return-to-office order was overturned when an employee produced a 2020 agreement designating his home as his primary office.
","",FALSE,"A VP's full-time return-to-office order was overturned when an employee produced a 2020 agreement designating his home as his primary office.
",FALSE,"Missing language tag"
"at://did:plc:nr5zcjdc6kui4ymaiowvh3n6/app.bsky.feed.post/3mv6hrg7zc32a","RTO","A VP’s full-time return-to-office order was overturned when an employee produced a 2020 agreement designating his home as his primary office.
","",FALSE,"A VP's full-time return-to-office order was overturned when an employee produced a 2020 agreement designating his home as his primary office.
",FALSE,"Missing language tag"
"at://did:plc:uf6566ur4zv2h7yl4les2ygh/app.bsky.feed.post/3mv6gr42jzb2i","RTO","Melania skipped her husband’s midterm convention to give speech bragging about White House redesign

President Donald Trump has tore up two White House lawns and demolished one wing of the building since his return to office","",FALSE,"Melania skipped her husband's midterm convention to give speech bragging about White House redesign

President Donald Trump has tore up two White House lawns and demolished one wing of the building since his return to office",FALSE,"Missing language tag"
"at://did:plc:67lqx5t4d3lpnik7ov2wyo32/app.bsky.feed.post/3mv6ggips6c23","RTO","reading gas price headlines wondering if the mandatory ""return to office"" initiative at my job might get pushed back based on that alone

unfortunately it's intended as a ""soft layoff"" so the pain is the point, but with this + there are literally not enough desks at the office for everyone remote...","en",TRUE,"reading gas price headlines wondering if the mandatory ""return to office"" initiative at my job might get pushed back based on that alone

unfortunately it's intended as a ""soft layoff"" so the pain is the point, but with this + there are literally not enough desks at the office for everyone remote...",TRUE,"Included"
"at://did:plc:vp7jssxwj3mbcuisc5f3gest/app.bsky.feed.post/3mv6d4nezec25","RTO","Why Leiper’s Against RTO: CHANGE THING bulldogottawa.com/lawson-is-th... #ottawa #ottnews #ottcity","en",TRUE,"Why Leiper's Against RTO: CHANGE THING  #ottawa #ottnews #ottcity",TRUE,"Included"
"at://did:plc:7rpkzhd7o3fx76whp4wc6efe/app.bsky.feed.post/3mv6clpjpws2w","RTO","Return to Office","en",TRUE,"Return to Office",TRUE,"Included"
"at://did:plc:jajzng576nhzyqzcd7hqjtgl/app.bsky.feed.post/3mv5u5kurvs2u","RTO","'What the affiliated relationship buys, in practice, is a standing institutional interest in Labour’s return to office, and therefore a standing reason not to escalate a fight that might make the opposition look unable to govern.'
spectrejournal.com/beyond-the-l...","en",TRUE,"'What the affiliated relationship buys, in practice, is a standing institutional interest in Labour's return to office, and therefore a standing reason not to escalate a fight that might make the opposition look unable to govern.'
",TRUE,"Included"
"at://did:plc:b2w5qhpnrkxg76boxyj4xrip/app.bsky.feed.post/3mv5smvtgrk2o","RTO","Return to office","en",TRUE,"Return to office",TRUE,"Included"
"at://did:plc:m4aseqqn3qbqs2h4o75cbovw/app.bsky.feed.post/3mv5knqe5kk2j","RTO","As return-to-office mandates have intensified, occupational inflexibility has re-emerged as a significant predictor of employment declines - and only for women.
By: Stefania Albanesi  
cepr.org/voxeu/column...
#EconSky","en",TRUE,"As return-to-office mandates have intensified, occupational inflexibility has re-emerged as a significant predictor of employment declines - and only for women.
By: Stefania Albanesi  

#EconSky",TRUE,"Included"
"at://did:plc:66wvnez7xecq2a3jvsigxwfx/app.bsky.feed.post/3mv5kdrn3gs27","RTO","Return to Office","en",TRUE,"Return to Office",TRUE,"Included"
"at://did:plc:ikzqk7oxdpcykkcscasalqfn/app.bsky.feed.post/3mv5faj7xk22n","RTO","Ooooh I have a lot of thoughts and feelings about this (including the words and phrases “unbundled network element” and “SDSL” and “Speakeasy” and “Bush-era FCC”) but return to office is stupid and an early meeting looms.","en",TRUE,"Ooooh I have a lot of thoughts and feelings about this (including the words and phrases “unbundled network element” and “SDSL” and “Speakeasy” and “Bush-era FCC”) but return to office is stupid and an early meeting looms.",TRUE,"Included"
"at://did:plc:6qomd7wrtbnrjq5p3cww7fuc/app.bsky.feed.post/3mv55flar7c22","RTO","#USandGermany have traditionally been close allies, but their relationship has been put to the test since Trump’s return to office

www.newsinc24.com/news/trump-h...","en",TRUE,"#USandGermany have traditionally been close allies, but their relationship has been put to the test since Trump's return to office

",TRUE,"Included"
"at://did:plc:2iseabqf52cpsnlkhb7lwb6p/app.bsky.feed.post/3mv4bobjan225","RTO","Just a reminder: a woman on FMLA after giving birth can be forced back to work in less time than Mitch McConnell has been missing from the Senate while still collecting his taxpayer-funded salary. Funny how “work ethic” works.  

85 days and counting","en",TRUE,"Just a reminder: a woman on FMLA after giving birth can be forced back to work in less time than Mitch McConnell has been missing from the Senate while still collecting his taxpayer-funded salary. Funny how “work ethic” works.  

85 days and counting",TRUE,"Included"
"at://did:plc:r45qdgxopahfme6532oub2dd/app.bsky.feed.post/3mv44lip4j22y","RTO","The University of Delaware is facing employee backlash over a newly-issued return-to-work policy that requires staffers to work on campus at least four days a week.","en",TRUE,"The University of Delaware is facing employee backlash over a newly-issued return-to-work policy that requires staffers to work on campus at least four days a week.",TRUE,"Included"
"at://did:plc:bpevd273yoppsrujuefuinmz/app.bsky.feed.post/3mv3xwhounc2f","RTO","Company: Mandatory full-time return to office

Employees: That might cause attrition

Company: <shrug>

A few weeks later...

Company: Let's have a meeting to discuss what can be done about the attrition","en",TRUE,"Company: Mandatory full-time return to office

Employees: That might cause attrition

Company: <shrug>

A few weeks later...

Company: Let's have a meeting to discuss what can be done about the attrition",TRUE,"Included"
"at://did:plc:kxpn4edg25tkwnn23dkkhxha/app.bsky.feed.post/3mv3wz3x6p22g","RTO","With back-to-school and return-to-office in full effect, reminder that there are few acceptable icebreakers. But those few include: who is your favorite Muppet or Sesame Street character (or similar); what is one entirely mundane thing about you; and why a hot dog is a sandwich or not","en",TRUE,"With back-to-school and return-to-office in full effect, reminder that there are few acceptable icebreakers. But those few include: who is your favorite Muppet or Sesame Street character (or similar); what is one entirely mundane thing about you; and why a hot dog is a sandwich or not",TRUE,"Included"
"at://did:plc:fqog56vdgmz6mpsku6km4n6l/app.bsky.feed.post/3mv3txklmbs2i","RTO","Pricey dirt 

www.paloaltoonline.com/peninsula/20...","en",TRUE,"Pricey dirt 

",TRUE,"Included"
"at://did:plc:m6cqxohqqinhev32lnkbsrin/app.bsky.feed.post/3mv3fsb23mr2v","RTO","…return to office at the end of their term. That is the price of technology. The leaving president plans for our future, as a whole. When Dump came to office in 2016, he cancelled those budgeted outlays. The navy or military in general wrote some articles about it back then. I was writing about it…","en",TRUE,"…return to office at the end of their term. That is the price of technology. The leaving president plans for our future, as a whole. When Dump came to office in 2016, he cancelled those budgeted outlays. The navy or military in general wrote some articles about it back then. I was writing about it…",TRUE,"Included"
"at://did:plc:gkwf7peia2gto5sc2rcl4yqz/app.bsky.feed.post/3mv3bbjcsx22h","RTO","Guy seems to have really strong opposition to LLM, cursory timeline glance and there's accusation of radical sapir-whorfism (so bad even I, a sapir whorf hater, can't stan) and some really slimy ""literature search context perception"" shit that borders on ""return to office"" stan cooler talk myths","en",TRUE,"Guy seems to have really strong opposition to LLM, cursory timeline glance and there's accusation of radical sapir-whorfism (so bad even I, a sapir whorf hater, can't stan) and some really slimy ""literature search context perception"" shit that borders on ""return to office"" stan cooler talk myths",TRUE,"Included"
"at://did:plc:x7vv4ne63le2seowkwilpvew/app.bsky.feed.post/3mv2vqcwx6u2e","RTO","The evolution of digital training platforms has rendered it possible to deliver engaging, personalized learning experiences without the need for physical presence

Read more 👉 https://www.techstructional.com/digital-training-after-return-to-office/?utm_campaign=back-to-the-office-doesnt-mean-back-","",FALSE,"The evolution of digital training platforms has rendered it possible to deliver engaging, personalized learning experiences without the need for physical presence

Read more 👉 ",FALSE,"Missing language tag"
"at://did:plc:ayocyndp7tydsoptonyinjsl/app.bsky.feed.post/3mv2d4s7ha22t","RTO","finance.yahoo.com/economy/poli...
From Trump's return to office on Jan. 20, 2025, through July 16, 2026, Immigration and Customs Enforcement, DHS's enforcement arm, issued more than 103,000 civil fines totaling more than $84 billion, according to DHS.","en",TRUE,"
From Trump's return to office on Jan. 20, 2025, through July 16, 2026, Immigration and Customs Enforcement, DHS's enforcement arm, issued more than 103,000 civil fines totaling more than $84 billion, according to DHS.",TRUE,"Included"
"at://did:plc:qrttlllhmt5x5fefiy4tmrsk/app.bsky.feed.post/3muzxz75obf2i","RTO","SEIU Local 1000 threatens an unfair practice strike over wages, benefits, and return-to-office bargaining with Gov. Gavin Newsom’s administration.
","",FALSE,"SEIU Local 1000 threatens an unfair practice strike over wages, benefits, and return-to-office bargaining with Gov. Gavin Newsom's administration.
",FALSE,"Missing language tag"
"at://did:plc:uvibk5lz7tvzjr23li6ng6ai/app.bsky.feed.post/3muzqekd7b72s","RTO","Return-to-office becomes a key issue in Ottawa mayoral race","",FALSE,"Return-to-office becomes a key issue in Ottawa mayoral race",FALSE,"Missing language tag"
"at://did:plc:3x2u5ly3jmzjrir7c7vx2xw2/app.bsky.feed.post/3muzeuu5at22l","RTO","Democrats accuse Donald Trump of using a proposal to rename New Mexico ""New America"" as a distraction from inflation and the war on Iran.

resist47.news — news & tools for the resistance.

#resist47 #NewMexico #IranWar #InflationDistraction #NewAmerica","",FALSE,"Democrats accuse Donald Trump of using a proposal to rename New Mexico ""New America"" as a distraction from inflation and the war on Iran.

 — news & tools for the resistance.

#resist47 #NewMexico #IranWar #InflationDistraction #NewAmerica",FALSE,"Missing language tag"
"at://did:plc:ibm4rcbvo6l3bcdseqbc2663/app.bsky.feed.post/3muzchfyxhz2j","RTO","This satirical piece depicts an employee at a dystopian corporation, Mondo Mayo, who is forced to embrace an grueling return-to-office mandate. Through extreme corporate absurdity, the narrator highlights the loss of autonomy and the dehumanizing nature of work.","en-us",TRUE,"This satirical piece depicts an employee at a dystopian corporation, Mondo Mayo, who is forced to embrace an grueling return-to-office mandate. Through extreme corporate absurdity, the narrator highlights the loss of autonomy and the dehumanizing nature of work.",TRUE,"Included"
"at://did:plc:wisohtehzj447a4jfouw4fmh/app.bsky.feed.post/3muz46hqplc2u","RTO","Six years out from the onset of the COVID-19 pandemic, return-to-office mandates don’t tend to generate the same attention-grabbing headlines they once did.","en",TRUE,"Six years out from the onset of the COVID-19 pandemic, return-to-office mandates don't tend to generate the same attention-grabbing headlines they once did.",TRUE,"Included"
"at://did:plc:kfc6ruj3pksubjngnd4dgfgg/app.bsky.feed.post/3muz3tvyn6k2t","RTO","Oh absolutely. 

“I have a long commute”… yeah and if there hadn’t been such a push for return to office plus a focus on transit and better housing policy… there would be fewer people in that boat.

Also… gas pricing is super weird and asymmetric causing people to wait in line or drive farther.","en",TRUE,"Oh absolutely. 

“I have a long commute”… yeah and if there hadn't been such a push for return to office plus a focus on transit and better housing policy… there would be fewer people in that boat.

Also… gas pricing is super weird and asymmetric causing people to wait in line or drive farther.",TRUE,"Included"
"at://did:plc:jenubp2mu5iqzwg6nkxbu332/app.bsky.feed.post/3muyziwmo722z","RTO","There is pretty wide reporting on this and has been for awhile. A could of examples:
www.theguardian.com/world/2026/j...","en",TRUE,"There is pretty wide reporting on this and has been for awhile. A could of examples:
",TRUE,"Included"
"at://did:plc:cb4cepz6cc7vpn2drvqnuyps/app.bsky.feed.post/3muyy2yssqw2r","RTO","Return-to-Office Mandates 2026: What Works and What Backfires 📊

Our latest infographic visualizes  the key strategies for this topic!

Get the full deep dive on SmartKeys 👇
https://smartkeys.org/return-to-office-mandates/","en-us",TRUE,"Return-to-Office Mandates 2026: What Works and What Backfires 📊

Our latest infographic visualizes  the key strategies for this topic!

Get the full deep dive on SmartKeys 👇
",TRUE,"Included"
"at://did:plc:6ovlo4qs7lqwzxveccntb7vp/app.bsky.feed.post/3muynakfgolr2","RTO","@waspfactory Det sägs att _alla_ ""return to office"" är dolda neddragningar där man hoppas att folk säger upp sig istället. Låter kanske inte helt omöjligt om de även sagt något om uppsägningar?","sv",FALSE," Det sägs att _alla_ ""return to office"" är dolda neddragningar där man hoppas att folk säger upp sig istället. Låter kanske inte helt omöjligt om de även sagt något om uppsägningar?",FALSE,"Non-English or mixed language tags"
"at://did:plc:r6wf652ah4tcc27lxlfwbkrs/app.bsky.feed.post/3muyldbfiis2v","RTO","GOOD.....You KNOW it's BAD when Faux News has somebody saying IT....

www.yahoo.com/news/politic...","en",TRUE," KNOW it's BAD when Faux News has somebody saying IT....

",TRUE,"Included"
"at://did:plc:wvs2yd7ayth6pdyanias75py/app.bsky.feed.post/3muyh6tbhxe2u","RTO","5 years into the remote work boom, the return-to-office push is stronger than ever—here's why","",FALSE,"5 years into the remote work boom, the return-to-office push is stronger than ever—here's why",FALSE,"Missing language tag"
"at://did:plc:df3q4woed334lmzcsqroiyxg/app.bsky.feed.post/3muygt3y5tc2u","RTO","www.realitytea.com/2026/09/07/m...","en",TRUE,"",FALSE,"No retained English word tokens"
"at://did:plc:crxoxzgz6dqc7shicnd2wsag/app.bsky.feed.post/3muy4pstzps2b","RTO","I mean, we have studies showing better productivity from a 4-day work week, but I don't see a lot of big companies making that the standard: executive.mit.edu/is-a-four-da...

To say nothing of all the companies pushing the whole ""return to office"" thing.","en",TRUE,"I mean, we have studies showing better productivity from a 4-day work week, but I don't see a lot of big companies making that the standard: 

To say nothing of all the companies pushing the whole ""return to office"" thing.",TRUE,"Included"
"at://did:plc:u3cehqs6qc4jzqtjt7yurcup/app.bsky.feed.post/3muy3d4urt22l","RTO","NJ residents have the longest commutes in the country, both in terms of time and distance. With a ""return to office"" mandate, how in the hell are we supposed to drive less? Are we also supposed to eat less? Maybe breathe less, because the EPA is now defunct?","en",TRUE,"NJ residents have the longest commutes in the country, both in terms of time and distance. With a ""return to office"" mandate, how in the hell are we supposed to drive less? Are we also supposed to eat less? Maybe breathe less, because the EPA is now defunct?",TRUE,"Included"
"at://did:plc:hj5iyxw2utobl3n3otez3knv/app.bsky.feed.post/3muy2f6h72s2i","RTO","Well gee, maybe y'all shouldn't have pushed Return to office five days a week then?!","en",TRUE,"Well gee, maybe y'all shouldn't have pushed Return to office five days a week then?!",TRUE,"Included"
"at://did:plc:4ve24fanqwcftft5iqdrqhb5/app.bsky.feed.post/3muxybibovs25","RTO","So right wing CEOs will be dropping Return To Office to support this messgae?","en",TRUE,"So right wing CEOs will be dropping Return To Office to support this messgae?",TRUE,"Included"
"at://did:plc:ko3aqacfjjqqle24ssh5lkb4/app.bsky.feed.post/3muxwaorx2c2i","RTO","If McConnell's absence from his duties can be strung out as it has over the last 3 months, imagine the chaos of Trump similarly ""disappearing"" for a week, a month, 2 months, etc. while his minions scramble to retain and compete for his power.

share.google/6Q1bVF8hKdee...","en",TRUE,"If McConnell's absence from his duties can be strung out as it has over the last 3 months, imagine the chaos of Trump similarly ""disappearing"" for a week, a month, 2 months, etc. while his minions scramble to retain and compete for his power.

",TRUE,"Included"
"at://did:plc:tt42ppp6sfvl6vnqru5sv3se/app.bsky.feed.post/3muxqfets6c27","RTO","Read ""Mitch McConnell Faces ‘Return or Resign’ Demand From Fox News Host"" on SmartNews: l.smartnews.com/p-8s2plec8/7...

Check with Scott Jennings about Mitch he knows everything because Mitch calls him everyday to check in with his update. Mitch won't call congress but call Scott the liar","en",TRUE,"Read ""Mitch McConnell Faces 'Return or Resign' Demand From Fox News Host"" on SmartNews: 

Check with Scott Jennings about Mitch he knows everything because Mitch calls him everyday to check in with his update. Mitch won't call congress but call Scott the liar",TRUE,"Included"
"at://did:plc:pvcxicdndphhuiqczyzu43dw/app.bsky.feed.post/3muxoyew5tr2m","RTO","The president’s reported billing of the Secret Service adds to the taxpayer cost of his golf habit.

Last November, an analysis by HuffPost found that Trump’s rounds since his return to office just 10 months earlier had cost American taxpayers nearly $71 million. (cont.)","en",TRUE,"The president's reported billing of the Secret Service adds to the taxpayer cost of his golf habit.

Last November, an analysis by HuffPost found that Trump's rounds since his return to office just 10 months earlier had cost American taxpayers nearly $71 million. (cont.)",TRUE,"Included"
"at://did:plc:icolpd5fdnktcagontfkwlbo/app.bsky.feed.post/3muxfge43ys2g","RTO","This is a war our fat felon claimed he would end immediately on return to office. He’s a lying POS and the world is paying for it.","en",TRUE,"This is a war our fat felon claimed he would end immediately on return to office. He's a lying POS and the world is paying for it.",TRUE,"Included"
"at://did:plc:diepzz2fsm5kps47jgxwuhis/app.bsky.feed.post/3muxdjkfiok2p","RTO","About damned time!","en",TRUE,"About damned time!",TRUE,"Included"
"at://did:plc:vi53pbqfkjflc2bn2nushkhj/app.bsky.feed.post/3muxdhb7q5s2f","RTO","#FoxNews contributor Joe #Concha called on Sen. Mitch #McConnell to return to the #Senate in September or #resign, citing his nearly 3-month absence after a fall & hospitalization. McConnell has supposedly been recovering at home and plans to continue physical therapy.

www.yahoo.com/news/politic...","en",TRUE,"#FoxNews contributor Joe #Concha called on Sen. Mitch #McConnell to return to the #Senate in September or #resign, citing his nearly 3-month absence after a fall & hospitalization. McConnell has supposedly been recovering at home and plans to continue physical therapy.

",TRUE,"Included"
"at://did:plc:skccihdfrp5o4c6gw3x3n475/app.bsky.feed.post/3mux7336mws2p","RTO","Mitch McConnell Faces ‘Return or Resign’ Demand From Fox News Host

www.realitytea.com/2026/09/07/m...","ja",FALSE,"Mitch McConnell Faces 'Return or Resign' Demand From Fox News Host

",FALSE,"Non-English or mixed language tags"
"at://did:plc:mbqylqyif2gucfd2dy2lpxvw/app.bsky.feed.post/3mux6z3czgk2q","RTO","www.yahoo.com/news/politic...

Republicans are hypocrites","en",TRUE,"

Republicans are hypocrites",TRUE,"Included"
"at://did:plc:66ectx3gi4ffi3gtbnxrxvlh/app.bsky.feed.post/3muwxam6xdc2s","RTO","Meanwhile, Pres Trump's 'strongly approve' rating falls below 20% for the first time since his return to office. Overall approval rating has gone from just 39% to 36% since the start of the Iran War, but his supporters are becoming much less enthusiastic. www.documentcloud.org/documents/28...","en",TRUE,"Meanwhile, Pres Trump's 'strongly approve' rating falls below 20% for the first time since his return to office. Overall approval rating has gone from just 39% to 36% since the start of the Iran War, but his supporters are becoming much less enthusiastic. ",TRUE,"Included"
"at://did:plc:2ekf2iwtp3ttwkfelu43pjmv/app.bsky.feed.post/3muwr6x76ms2q","RTO","If you want people to drive less, stop making them return to office when the job they do can easily be done from home, covid proved this","en",TRUE,"If you want people to drive less, stop making them return to office when the job they do can easily be done from home, covid proved this",TRUE,"Included"
"at://did:plc:2ekf2iwtp3ttwkfelu43pjmv/app.bsky.feed.post/3muwr4lpfws2q","RTO","Driving less, while continuing to make people return to office","en",TRUE,"Driving less, while continuing to make people return to office",TRUE,"Included"
"at://did:plc:xnln5jd4y2rg2gc56roys5e4/app.bsky.feed.post/3muwjsmktxc2v","RTO","This whole Mitch McConnell thing is absolute bullshit, and if Dems win the midterms, it too needs to be investigated. If he he is unable to return to office, his entire team needs to go to prison for defrauding the people. His salary and medical care don’t come out of thin air. It’s our taxes.","en",TRUE,"This whole Mitch McConnell thing is absolute bullshit, and if Dems win the midterms, it too needs to be investigated. If he he is unable to return to office, his entire team needs to go to prison for defrauding the people. His salary and medical care don't come out of thin air. It's our taxes.",TRUE,"Included"
"at://did:plc:cwubi5bzl5l7aipwkhiehozj/app.bsky.feed.post/3muwijztaq22q","RTO","It began by painting the roadway in June 2020, after Trump's use of the military against protesters in Lafayette Square. A more permanent installation followed.

Trump hated it. After his 2025 return to office, his congressional allies threatened to cut DC highway funding if it wasn't removed.","en",TRUE,"It began by painting the roadway in June 2020, after Trump's use of the military against protesters in Lafayette Square. A more permanent installation followed.

Trump hated it. After his 2025 return to office, his congressional allies threatened to cut DC highway funding if it wasn't removed.",TRUE,"Included"
"at://did:plc:u54344uiabi427f63k5ln3ut/app.bsky.feed.post/3muw7p5xu5c2n","RTO","Als bedrijven terugkwamen van hun idiote ""return to office"" mandaat en mensen gewoon thuis lieten werken wanneer dat prima kan was er helemaal geen probleem. Het idee dat men op kantoor moet zijn is bezigheids-therapie voor nutteloze managers die niks te doen hebben.","en",TRUE,"Als bedrijven terugkwamen van hun idiote ""return to office"" mandaat en mensen gewoon thuis lieten werken wanneer dat prima kan was er helemaal geen probleem. Het idee dat men op kantoor moet zijn is bezigheids-therapie voor nutteloze managers die niks te doen hebben.",TRUE,"Included"
"at://did:plc:agktt2ypeqfltm5uk2y5aak6/app.bsky.feed.post/3muvlxtd4gc2r","RTO","This seems relevant. Didn’t take much to find. 

laist.com/brief/news/p...","en",TRUE,"This seems relevant. Didn't take much to find. 

",TRUE,"Included"
"at://did:plc:sxxnhzipsapdm5inx44fr322/app.bsky.feed.post/3muvb4gtagk2e","RTO","THIKN ABOUT IT - dashare.zone ADMIN","en",TRUE,"THIKN ABOUT IT -  ADMIN",TRUE,"Included"
"at://did:plc:nepqud2mornbijonosg7dktk/app.bsky.feed.post/3muv2jl25xk2k","RTO","Company I work for had us working from home 3 years during height of covid. Then they said we had to return to office 2 days/wk bc we're more ""innovative"" when we work in person with our team. But execs & managers meet remotely with workers in many states & countries. Even in office, they're remote.","en",TRUE,"Company I work for had us working from home 3 years during height of covid. Then they said we had to return to office 2 days/wk bc we're more ""innovative"" when we work in person with our team. But execs & managers meet remotely with workers in many states & countries. Even in office, they're remote.",TRUE,"Included"
"at://did:plc:aamzcbu22u56v2lvz622t4ya/app.bsky.feed.post/3muuykarppg24","RTO","A majority of Americans believe Trump has profited inappropriately from a cryptocurrency empire while in office and disapprove of his family's global business activity.
https://www.reuters.com/world/most-americans-believe-trump-has-inappropriately-profited-since-returning-power-2026-08-19/","",FALSE,"A majority of Americans believe Trump has profited inappropriately from a cryptocurrency empire while in office and disapprove of his family's global business activity.
",FALSE,"Missing language tag"
"at://did:plc:arr24ojkyhyojf7t2z4wo2th/app.bsky.feed.post/3muustx5atk2i","RTO","""the prestige obsession in this profession is embarrassing""

so im at a crossroads

my firm just announced mandatory return to office 5 days a...

https://darkesq.com/post/seed11-0691","",FALSE,"""the prestige obsession in this profession is embarrassing""

so im at a crossroads

my firm just announced mandatory return to office 5 days a...

",FALSE,"Missing language tag"
"at://did:plc:ls56bn7uacqi6bfoj2cstrxv/app.bsky.feed.post/3muuoyhxi5s2v","RTO","DFL politicians are all pro-labor until they have actual employee unions. Then they do shit like refuse to negotiate with their staff unions about Return to Office or fix the abusive use of Temporary Unclassified employees. 

They care about carpenters, not project managers and epidemiologists","en",TRUE,"DFL politicians are all pro-labor until they have actual employee unions. Then they do shit like refuse to negotiate with their staff unions about Return to Office or fix the abusive use of Temporary Unclassified employees. 

They care about carpenters, not project managers and epidemiologists",TRUE,"Included"
"at://did:plc:xifmii6cdcqugenmx56kbrau/app.bsky.feed.post/3muulfbmmof23","RTO","Uber Cuts 3,000 Jobs, Enforces Return-to-Office Policy | September 06, 2026

OVERVIEW OF UBER’S ORGANIZATIONAL RESET

In a move that has reverberated across the tech and...

Full breakdown:
https://ltdeveloperblogs.github.io/posts/uber-is-cutting-around-3000-jobs-in-the-name-of-efficiency/","en",TRUE,"Uber Cuts 3,000 Jobs, Enforces Return-to-Office Policy | September 06, 2026

OVERVIEW OF UBER'S ORGANIZATIONAL RESET

In a move that has reverberated across the tech and...

Full breakdown:
",TRUE,"Included"
"at://did:plc:fetucioydvu5e7ujri3hz4m3/app.bsky.feed.post/3mutjyj7fy22j","RTO","Return to Office mandates wouldn’t surprise people so much if we thought about how the people doing this were raised as kids.  We teach our kids that their needs and preferences — sometimes even their dignity — don’t count.  A kid might need a different sleep schedule, for example, but school…","en",TRUE,"Return to Office mandates wouldn't surprise people so much if we thought about how the people doing this were raised as kids.  We teach our kids that their needs and preferences — sometimes even their dignity — don't count.  A kid might need a different sleep schedule, for example, but school…",TRUE,"Included"
"at://did:plc:4saocrkenrxczgpxcnnunacg/app.bsky.feed.post/3muthusddlm25","RTO","When a return-to-office mandate is just about the boss’s narcissism","ja",FALSE,"When a return-to-office mandate is just about the boss's narcissism",FALSE,"Non-English or mixed language tags"
"at://did:plc:ttupzjx4nb53qa6tut6boxhn/app.bsky.feed.post/3muswvymp3l22","RTO","And who controls the levers that make it standard? The tech billionaire who thinks LLMs will let him buy galaxies and forces a return to office mandate or the worker who is always one quarter away from a pink slip?

It's such a dumb argument.","en",TRUE,"And who controls the levers that make it standard? The tech billionaire who thinks LLMs will let him buy galaxies and forces a return to office mandate or the worker who is always one quarter away from a pink slip?

It's such a dumb argument.",TRUE,"Included"
"at://did:plc:l3ptgnuufemqt7e6xb4gurbp/app.bsky.feed.post/3musj5fio7c2o","RTO","For someone who said he knew nothing about Project 2025, a lot  has been implemented from it. “The idea of paying parents to stay home was outlined in Project 2025, the conservative blueprint published by the Heritage Foundation ahead of Mr. Trump’s return to office”
www.nytimes.com/2026/09/05/u...","en",TRUE,"For someone who said he knew nothing about Project 2025, a lot  has been implemented from it. “The idea of paying parents to stay home was outlined in Project 2025, the conservative blueprint published by the Heritage Foundation ahead of Mr. Trump's return to office”
",TRUE,"Included"
"at://did:plc:nuwoqeoitgkuihrpzo3jefdg/app.bsky.feed.post/3musdfbrw5r25","RTO","The idea of paying parents to stay home was outlined in Project 2025, the conservative blueprint published by the Heritage Foundation ahead of President Donald Trump’s return to office.","",FALSE,"The idea of paying parents to stay home was outlined in Project 2025, the conservative blueprint published by the Heritage Foundation ahead of President Donald Trump's return to office.",FALSE,"Missing language tag"
"at://did:plc:fpm7cld24aq4uredowe3vbk5/app.bsky.feed.post/3mus5wzipqc2a","RTO","The idea of paying parents to stay home was in ""Project 2025"", the conservative blueprint published by the Heritage Foundation ahead of Mr. Trump’s return to office, much of which overlaps with the administration’s policy agenda. The States will decide how to use the funds taken from single parents.","en",TRUE,"The idea of paying parents to stay home was in ""Project 2025"", the conservative blueprint published by the Heritage Foundation ahead of Mr. Trump's return to office, much of which overlaps with the administration's policy agenda. The States will decide how to use the funds taken from single parents.",TRUE,"Included"
"at://did:plc:ba4ljetiaeiu5vrpfhymga7a/app.bsky.feed.post/3mus4zbpius2m","RTO","But truth is everyone is seeking remote. 1000s of applicants per job. Thats terrible for job seeker who needs a little freedom. 

www.businessinsider.com/remote-compa...","en",TRUE,"But truth is everyone is seeking remote. 1000s of applicants per job. Thats terrible for job seeker who needs a little freedom. 

",TRUE,"Included"
"at://did:plc:nxahgurd2llhwf6xdosbrku5/app.bsky.feed.post/3mus3ozn6g22r","RTO","I don't think HR making calculations about how to entice employees to return to office 5 days a week implies anything about the CEO's beliefs. If the calculatuon changes the perk goes away. To see whether the CEOs think their employees are people, look at the lobbying they fund.","en",TRUE,"I don't think HR making calculations about how to entice employees to return to office 5 days a week implies anything about the CEO's beliefs. If the calculatuon changes the perk goes away. To see whether the CEOs think their employees are people, look at the lobbying they fund.",TRUE,"Included"
"at://did:plc:jc6xdt6kbqve4hhnwro4uii5/app.bsky.feed.post/3mus34fhh4c23","RTO","www.americanimmigrationcouncil.org/report/mass-...","en",TRUE,"",FALSE,"No retained English word tokens"
"at://did:plc:gvgrdwwc5f6i22goozcblkpe/app.bsky.feed.post/3muryotjga22a","RTO","Driven by more return to office or something else?","en",TRUE,"Driven by more return to office or something else?",TRUE,"Included"
"at://did:plc:dlx3i7ipd2cz3efevl4bvs7f/app.bsky.feed.post/3murh7mefm22c","RTO","Honestly…to what end?! I watched them 8 years ago waste tons of taxpayer dollars to not remove him from office and for him to return to office after all his bullshit. I’m beginning to believe NO ONE will ever be held to account bc NO ONE wants to hold people accountable","en",TRUE,"Honestly…to what end?! I watched them 8 years ago waste tons of taxpayer dollars to not remove him from office and for him to return to office after all his bullshit. I'm beginning to believe NO ONE will ever be held to account bc NO ONE wants to hold people accountable",TRUE,"Included"
"at://did:plc:quzoadobx4p5ovaojyeccblz/app.bsky.feed.post/3muqbqylydww2","RTO","The Benefit Employers Are Leaving On The Table

It is equivalent to a two- to three-percent raise.

#business #economics #remote-work #return-to-office

https://ideatrash.net/2026/09/the-benefit-employers-are-leaving-on-the-table.html","en",TRUE,"The Benefit Employers Are Leaving On The Table

It is equivalent to a two- to three-percent raise.

#business #economics #remote-work #return-to-office

",TRUE,"Included"
"at://did:plc:xwbve7fktqqaph76re6bjwnh/app.bsky.feed.post/3muqbpfb6j22s","RTO","The Benefit Employers Are Leaving On The Table

It is equivalent to a two- to three-percent raise.

https://s.faithcollapsing.com/t14hc

#business #economics #remote-work #return-to-office","",FALSE,"The Benefit Employers Are Leaving On The Table

It is equivalent to a two- to three-percent raise.



#business #economics #remote-work #return-to-office",FALSE,"Missing language tag"
"at://did:plc:p3ounric4vjiajmut2ypasfs/app.bsky.feed.post/3muqabj2uyq2j","RTO","News of the day: Canada failed to learn from Trump's mistakes on return to office; Judge orders release of records on Nazi war criminals who settled in Canada ottawacitizen.com/news/local-n...","",FALSE,"News of the day: Canada failed to learn from Trump's mistakes on return to office; Judge orders release of records on Nazi war criminals who settled in Canada ",FALSE,"Missing language tag"
"at://did:plc:a47ghachwbqpqyoxhmogajua/app.bsky.feed.post/3mupw3uemwc26","RTO","“やっぱり完全在宅ワークが一番幸せだった　離職率も最低　米大が7700人の働き方調査” htn.to/3s7XuWLnhT","ja",FALSE,"“やっぱり完全在宅ワークが一番幸せだった　離職率も最低　米大が7700人の働き方調査” ",FALSE,"Non-English or mixed language tags"
"at://did:plc:lc6hdhnjkgccd6ysi7e23pll/app.bsky.feed.post/3muprtgkcas2l","RTO","Witkoff & Kushner to spend Labor Day weekend in Russia, Ukraine
->Responsible Statecraft | More on ""Ukraine war peace negotiations resume"" at BigEarthData.ai | #RussiaUkraineWar #StandWithUkraine","en",TRUE,"Witkoff & Kushner to spend Labor Day weekend in Russia, Ukraine
->Responsible Statecraft | More on ""Ukraine war peace negotiations resume"" at  | #RussiaUkraineWar #StandWithUkraine",TRUE,"Included"
"at://did:plc:pz24z3fvw53os6oiwraok2ma/app.bsky.feed.post/3muprf2jntk27","RTO","By this logic (and I do agree with you) corporations that require return to office should bring back the free lunches too.","en",TRUE,"By this logic (and I do agree with you) corporations that require return to office should bring back the free lunches too.",TRUE,"Included"
"at://did:plc:iobnjo7qg6cvi5c3yvypiviv/app.bsky.feed.post/3mupqdxbpw22a","RTO","Can you guess who wrote this before you click on it?

I'll give you a hint. It's the person that saw the light emanating from the effective leadership of Mayor Bloggins, and needed to write how he was won over to his cause. 

Which makes X's opinions here -
not even worth the read.","en",TRUE,"Can you guess who wrote this before you click on it?

I'll give you a hint. It's the person that saw the light emanating from the effective leadership of Mayor Bloggins, and needed to write how he was won over to his cause. 

Which makes X's opinions here -
not even worth the read.",TRUE,"Included"
"at://did:plc:czx5rc6a3vrjp5sjvp7v5kpe/app.bsky.feed.post/3muphs265ck2g","RTO","www.newsweek.com/charts-readi...","en",TRUE,"",FALSE,"No retained English word tokens"
"at://did:plc:ruimcr6o2v7bgunne27vl43h/app.bsky.feed.post/3mupfxczqy22c","RTO","www.reddit.com/r/ObscurePat...","en;es",FALSE,"",FALSE,"Non-English or mixed language tags"
"at://did:plc:p3ounric4vjiajmut2ypasfs/app.bsky.feed.post/3mupevevqda2b","RTO","Leiper out of touch with voters on return-to-office | Opinion ottawacitizen.com/opinion/leip...","",FALSE,"Leiper out of touch with voters on return-to-office | Opinion ",FALSE,"Missing language tag"
"at://did:plc:bxi3hq5iu6vmcotmqj247mdu/app.bsky.feed.post/3mupa4h4hf227","RTO","BOTH. Investigations while the Guardians of Pedophiles still control most of the government. Where those uncover indictable offenses, criminal charges brought in state jurisdictions. Once we wrest more government from the GOP, impeachment where needed to make sure they can never return to office.","en",TRUE,"BOTH. Investigations while the Guardians of Pedophiles still control most of the government. Where those uncover indictable offenses, criminal charges brought in state jurisdictions. Once we wrest more government from the GOP, impeachment where needed to make sure they can never return to office.",TRUE,"Included"
"at://did:plc:5nkor3cd4cjqqjrjnhzafpsz/app.bsky.feed.post/3mup3nos7gc24","RTO","I have one of those ugly summer colds. I've been home all week. The person who did his mandatory return-to-office is fine. Life feels deeply unfair, though that may be the nausea speaking.","en",TRUE,"I have one of those ugly summer colds. I've been home all week. The person who did his mandatory return-to-office is fine. Life feels deeply unfair, though that may be the nausea speaking.",TRUE,"Included"
"at://did:plc:hspls7u3a3ozk4oqkv6fy52s/app.bsky.feed.post/3mup2fj37as2w","RTO","Canada failed to learn from Trump's mistakes on return to office: researcher

flip.it/bGKZVS","en",TRUE,"Canada failed to learn from Trump's mistakes on return to office: researcher

",TRUE,"Included"
"at://did:plc:p3ounric4vjiajmut2ypasfs/app.bsky.feed.post/3muozyohuy42o","RTO","Canada failed to learn from Trump's mistakes on return to office: researcher ottawacitizen.com/public-servi...","",FALSE,"Canada failed to learn from Trump's mistakes on return to office: researcher ",FALSE,"Missing language tag"
"at://did:plc:s3lvf2oo4wgkqpn5segswgpa/app.bsky.feed.post/3muowk5k47h2h","RTO","AT&T facing lawsuits over return to office! Claims of age & disability discrimination, CEO wanted 'younger people'. Remote work offered a break, especially for Black women facing microaggressions. Full video on my YT channel, link in bio #RTO #ATT #Workplace #EEOC #Corporate","",FALSE,"AT&T facing lawsuits over return to office! Claims of age & disability discrimination, CEO wanted 'younger people'. Remote work offered a break, especially for Black women facing microaggressions. Full video on my YT channel, link in bio #RTO #ATT #Workplace #EEOC #Corporate",FALSE,"Missing language tag"
"at://did:plc:2vq3igun7mt52atnyszgozah/app.bsky.feed.post/3muosh3mrtv27","RTO","Lyft is expanding in downtown Toronto, signaling a broader return-to-office and investment-driven revival of the city’s office market and commuter economy.
","",FALSE,"Lyft is expanding in downtown Toronto, signaling a broader return-to-office and investment-driven revival of the city's office market and commuter economy.
",FALSE,"Missing language tag"
"at://did:plc:2ys35qzvc265dtaltqdmgxcm/app.bsky.feed.post/3muosgzsxl22u","RTO","Lyft is expanding in downtown Toronto, signaling a broader return-to-office and investment-driven revival of the city’s office market and commuter economy.
","",FALSE,"Lyft is expanding in downtown Toronto, signaling a broader return-to-office and investment-driven revival of the city's office market and commuter economy.
",FALSE,"Missing language tag"
"at://did:plc:cimtnpntuzrl5eknqgwqtks5/app.bsky.feed.post/3muosf3acmj25","RTO","Return-to-office mandates are tightening downtown Toronto’s office vacancy and boosting activity in nearby retail and transit-linked spaces.
","",FALSE,"Return-to-office mandates are tightening downtown Toronto's office vacancy and boosting activity in nearby retail and transit-linked spaces.
",FALSE,"Missing language tag"
"at://did:plc:c3357xevpekapumgfc525i3x/app.bsky.feed.post/3muosdur3ph2n","RTO","Return-to-office mandates are tightening downtown Toronto’s office vacancy and boosting activity in nearby retail and transit-linked spaces.
","",FALSE,"Return-to-office mandates are tightening downtown Toronto's office vacancy and boosting activity in nearby retail and transit-linked spaces.
",FALSE,"Missing language tag"
"at://did:plc:2ys35qzvc265dtaltqdmgxcm/app.bsky.feed.post/3muosdt5ven2c","RTO","Return-to-office mandates are tightening downtown Toronto’s office vacancy and boosting activity in nearby retail and transit-linked spaces.
","",FALSE,"Return-to-office mandates are tightening downtown Toronto's office vacancy and boosting activity in nearby retail and transit-linked spaces.
",FALSE,"Missing language tag"
"at://did:plc:s3lvf2oo4wgkqpn5segswgpa/app.bsky.feed.post/3muoiwrxcud2t","RTO","Remote work vs. return-to-office: It's a class issue often ignored. EEOC doesn't protect it, ERGs overlook it. Blanket policies impact everyone differently. #socialclass #Workplace #RemoteWork #Equity #SocialJustice","",FALSE,"Remote work vs. return-to-office: It's a class issue often ignored. EEOC doesn't protect it, ERGs overlook it. Blanket policies impact everyone differently. #socialclass #Workplace #RemoteWork #Equity #SocialJustice",FALSE,"Missing language tag"
"at://did:plc:oe7kd66l5v3cpi6gtjng3sn5/app.bsky.feed.post/3muogd6fv7i2b","RTO","Remote Delegation Skills: Why Managers Revert to Micromanaging

Autonomy disappears the moment managers return to the office. David Ohnstad reveals why 63% of managers increased day-to-day involvement post-RTO, and how…

https://davidohnstad.info/remote-delegation-micromanaging-return-to-office/","",FALSE,"Remote Delegation Skills: Why Managers Revert to Micromanaging

Autonomy disappears the moment managers return to the office. David Ohnstad reveals why 63% of managers increased day-to-day involvement post-RTO, and how…

",FALSE,"Missing language tag"
"at://did:plc:gnsuo36rhzbqnv5swu5pzs2g/app.bsky.feed.post/3munejfuzik2k","RTO","Buying your department a bunch of individual sized bags of Sunchips to eat when they return to office is diabolical","en",TRUE,"Buying your department a bunch of individual sized bags of Sunchips to eat when they return to office is diabolical",TRUE,"Included"
"at://did:plc:epp7cmwz7yfjfa2m3dxob26p/app.bsky.feed.post/3muncybftms23","RTO","How things have changed at the office:

The “Five Days a Week, No Matter What” Worker
The “Midweek Warrior”
The “Cameo” 
The “Who Is That?”

www.kornferry.com/insights/thi...","en",TRUE,"How things have changed at the office:

The “Five Days a Week, No Matter What” Worker
The “Midweek Warrior”
The “Cameo” 
The “Who Is That?”

",TRUE,"Included"
"at://did:plc:yplqe6ic33y5wjlzvpxfrhx7/app.bsky.feed.post/3munargatbc2u","RTO","""She emphasized that her report is nonpartisan and called it the first academic study of its kind, drawing exclusively on interviews with 34 judges and publicly available research data.
She couldn’t dispute the correlation between the spike in threats and Trump’s return to office, though.""","en",TRUE,"""She emphasized that her report is nonpartisan and called it the first academic study of its kind, drawing exclusively on interviews with 34 judges and publicly available research data.
She couldn't dispute the correlation between the spike in threats and Trump's return to office, though.""",TRUE,"Included"
"at://did:plc:omuw4dskgqud4kjkkbl4wr6c/app.bsky.feed.post/3mun5ydkrsc2j","RTO","My favorite thing about forced return to office is whoever microwaved fish for their lunch","en",TRUE,"My favorite thing about forced return to office is whoever microwaved fish for their lunch",TRUE,"Included"
"at://did:plc:qnyq7wies2uc56bzqmfz4q25/app.bsky.feed.post/3mun4mx4n5k2f","RTO","Tbh I’m not sure how much he wanted it and how much he’s used the threat of return to office as a negotiating tactic with the unions. But it is going to happen now regardless.","en",TRUE,"Tbh I'm not sure how much he wanted it and how much he's used the threat of return to office as a negotiating tactic with the unions. But it is going to happen now regardless.",TRUE,"Included"
"at://did:plc:aw4nj7dr7x4sznqnhexkeish/app.bsky.feed.post/3mumydgwn5s2o","RTO","Democrats should be demanding McConnell speak publicly NOW. Do NOT wait for this arbitrary “return to office” nonsense. McConnell is still receiving proxy votes. 

Remind his staff and all involved they WILL face legal consequences for fraud. Americans will demand it.","en",TRUE,"Democrats should be demanding McConnell speak publicly NOW. Do NOT wait for this arbitrary “return to office” nonsense. McConnell is still receiving proxy votes. 

Remind his staff and all involved they WILL face legal consequences for fraud. Americans will demand it.",TRUE,"Included"
"at://did:plc:4sbtia6j57uysmdl2l5v6h4e/app.bsky.feed.post/3mumwsvs4622t","RTO","Before I had to return to office (grumble grumble), I had the same issue. Time for a one a decade cloths shopping trip! 🤪","en",TRUE,"Before I had to return to office (grumble grumble), I had the same issue. Time for a one a decade cloths shopping trip! 🤪",TRUE,"Included"
"at://did:plc:jarnlagym3zp2f3ebixrezkp/app.bsky.feed.post/3mumtuhppu42c","RTO","ICE arrests in Wisconsin reached a new peak in June.

A Wisconsin Watch analysis of federal immigration records logged more than 2,100 ICE arrests in the state between President Donald Trump’s return to office and the end of July 2026. 

Read the interactive data story here: 
buff.ly/PB06zQ6

#ICE","",FALSE,"ICE arrests in Wisconsin reached a new peak in June.

A Wisconsin Watch analysis of federal immigration records logged more than 2,100 ICE arrests in the state between President Donald Trump's return to office and the end of July 2026. 

Read the interactive data story here: 


#ICE",FALSE,"Missing language tag"
"at://did:plc:oxcn7lxuaig2ey3rmx7a66hc/app.bsky.feed.post/3mumrgw4mfk2g","RTO","#ottawa city management are not impartial and this is basically bullshit vibes dressed as election interference.

Projected rider ship numbers is how Sutcliffe is trying to offset his decision to push for municipal RTO  ottawacitizen.com/news/city-fo...","en",TRUE,"#ottawa city management are not impartial and this is basically bullshit vibes dressed as election interference.

Projected rider ship numbers is how Sutcliffe is trying to offset his decision to push for municipal RTO  ",TRUE,"Included"
"at://did:plc:dkibknn7zo34yr4q4shyvaxi/app.bsky.feed.post/3mumjzkpm4c27","RTO","""Buffalo leads, with more than 1,100 arrests since Trump’s return to office. Rochester follows with 631 and Syracuse with 436.""","en",TRUE,"""Buffalo leads, with more than 1,100 arrests since Trump's return to office. Rochester follows with 631 and Syracuse with 436.""",TRUE,"Included"
"at://did:plc:idrwsufjb7clbzivfh3ky7rh/app.bsky.feed.post/3mulswiqikz2v","RTO","Update from Andy Jassy on Amazon's return to office plans","",FALSE,"Update from Andy Jassy on Amazon's return to office plans",FALSE,"Missing language tag"
"at://did:plc:74jisjswlqeycuecdjrp25l2/app.bsky.feed.post/3mulsse5mec2h","RTO","本人の特性によっては、生身の人間との接触それ自体がその人をひたすら消耗させるものだからな…

www.itmedia.co.jp/news/article...
やっぱり完全在宅ワークが一番幸せだった　離職率も最低　米大が7700人の働き方調査","en",TRUE,"本人の特性によっては、生身の人間との接触それ自体がその人をひたすら消耗させるものだからな…


やっぱり完全在宅ワークが一番幸せだった　離職率も最低　米大が7700人の働き方調査",FALSE,"No retained English word tokens"
"at://did:plc:n5nmrxgo4cgyca5xeiepiwpd/app.bsky.feed.post/3mulg5ubf7c2l","RTO","High-control leaders like the office because they can read the room, interrupt, summon, stare, praise, punish and perform authority in real time. Video calls-- when everyone is a square-- flatten that drama and create more equity. thehill.com/opinion/tech...","en",TRUE,"High-control leaders like the office because they can read the room, interrupt, summon, stare, praise, punish and perform authority in real time. Video calls-- when everyone is a square-- flatten that drama and create more equity. ",TRUE,"Included"
"at://did:plc:rgjellvwttc64uxvvssqdxjf/app.bsky.feed.post/3mulaqnk5tg2w","RTO","Around 3,000 Uber employees lost their jobs.","",FALSE,"Around 3,000 Uber employees lost their jobs.",FALSE,"Missing language tag"
"at://did:plc:y52hu7mf3jodfkwjsp56s2bg/app.bsky.feed.post/3mulaai7n4c2t","RTO","When a return-to-office mandate is just about the boss’s narcissism
thehill.com/opinion/tech...","en",TRUE,"When a return-to-office mandate is just about the boss's narcissism
",TRUE,"Included"
"at://did:plc:tijroeup7l7fp4i6ehwsvmdb/app.bsky.feed.post/3mukr3nifz22e","RTO","Why aren’t Democrats forcefully saying to military leadership that you will be reinstated with backpay and title once we return to office.","en",TRUE,"Why aren't Democrats forcefully saying to military leadership that you will be reinstated with backpay and title once we return to office.",TRUE,"Included"
"at://did:plc:tijroeup7l7fp4i6ehwsvmdb/app.bsky.feed.post/3mukr2xssp22e","RTO","Why aren’t Democrats forcefully saying to military leadership that you will be reinstated with backpay and title once we return to office.","en",TRUE,"Why aren't Democrats forcefully saying to military leadership that you will be reinstated with backpay and title once we return to office.",TRUE,"Included"
"at://did:plc:pzdu3qojef6dnk7ic2pcikjm/app.bsky.feed.post/3mukqtad32k22","RTO","Return-to-Office Mandates: What ADA-Covered Employers Need to Know www.jdsupra.com/legalnews/re...","en",TRUE,"Return-to-Office Mandates: What ADA-Covered Employers Need to Know ",TRUE,"Included"
"at://did:plc:e5bfb7bswvlj6j2xjsglmouf/app.bsky.feed.post/3mukpuuylkx2f","RTO","Return-to-Office Mandates: What ADA-Covered Employers Need to Know","",FALSE,"Return-to-Office Mandates: What ADA-Covered Employers Need to Know",FALSE,"Missing language tag"
"at://did:plc:6mpahsil3czrc4r6q63vzoei/app.bsky.feed.post/3mukooro6k22g","RTO","Not me complaining about the new ""return to office"" policy that dictates I have to be on-site one day a week in an office that's about 20min away...

However, they're planning to move it to 2 days a week eventually and I am LIVID.

#remoteprivilege","en",TRUE,"Not me complaining about the new ""return to office"" policy that dictates I have to be on-site one day a week in an office that's about 20min away...

However, they're planning to move it to 2 days a week eventually and I am LIVID.

#remoteprivilege",TRUE,"Included"
"at://did:plc:afolaozupa5g7ik5t3cbj7z3/app.bsky.feed.post/3muklsdmtkq25","RTO","Hiring sluggish in Va., with Fairfax employment down 2.1% since Trump’s return to office","",FALSE,"Hiring sluggish in Va., with Fairfax employment down 2.1% since Trump's return to office",FALSE,"Missing language tag"
"at://did:plc:s6c6ufg4ewgjff4so7vurhrw/app.bsky.feed.post/3mukitzv2gw23","RTO","Hiring sluggish in Va., with Fairfax employment down 2.1% since Trump's return to office","",FALSE,"Hiring sluggish in Va., with Fairfax employment down 2.1% since Trump's return to office",FALSE,"Missing language tag"
"at://did:plc:chtnftqe5wji7p377ycxsaao/app.bsky.feed.post/3muk75x7rts2o","RTO","@jleiper.bsky.social I  really hope this makes it to people other than the nerds on Bluesky and Substack #Ottawa 
jeffleiper.substack.com/p/why-i-vote...","en",TRUE,"@ I  really hope this makes it to people other than the nerds on Bluesky and Substack #Ottawa 
",TRUE,"Included"
"at://did:plc:eyemchedh72pwrnoc7voruzi/app.bsky.feed.post/3mujx73arwk2s","RTO","""The ballroom was only the third time since Trump’s return to office that Roberts disagreed with all of his fellow conservatives on an emergency appeal from the administration.""

#supremecourt","en",TRUE,"""The ballroom was only the third time since Trump's return to office that Roberts disagreed with all of his fellow conservatives on an emergency appeal from the administration.""

#supremecourt",TRUE,"Included"
"at://did:plc:r2gsdrajg3hwsdnnz2jbrefc/app.bsky.feed.post/3mujtucb6ss2s","RTO","www.wkyufm.org/news/news/20...","en",TRUE,"",FALSE,"No retained English word tokens"
"at://did:plc:w3ff3s73pcc4dwi7qzx4smiv/app.bsky.feed.post/3mujtefpups2p","RTO","The Centretown Community Association is disappointed by the lack of consultation and true solutions included in Ottawa’s return to office traffic plan.

Ottawa’s RTO traffic plan will lead to more traffic congestion, more road safety concerns, and more unreliable public transit in Centretown.","en",TRUE,"The Centretown Community Association is disappointed by the lack of consultation and true solutions included in Ottawa's return to office traffic plan.

Ottawa's RTO traffic plan will lead to more traffic congestion, more road safety concerns, and more unreliable public transit in Centretown.",TRUE,"Included"
"at://did:plc:h6i7al6fvia5xvjvzq7qciaa/app.bsky.feed.post/3mujq2bmlds2a","RTO","I have been saying it since at least 2022 and I’m glad 3 of the main mayoral candidates finally agree. Let’s scrap blanket RTO. ottawacitizen.com/opinion/mayo...","en",TRUE,"I have been saying it since at least 2022 and I'm glad 3 of the main mayoral candidates finally agree. Let's scrap blanket RTO. ",TRUE,"Included"
"at://did:plc:tgri7wx4f4jiurgoxlekfl7t/app.bsky.feed.post/3mujppap7nk2i","RTO","www.ms.now/money-power-...","en",TRUE,"",FALSE,"No retained English word tokens"
"at://did:plc:ds534v5qs3aoxndpnwxk6gol/app.bsky.feed.post/3mujpbh62tk25","RTO","Onbegrijpelijk dat de gemiddelde werkgever daar dan ook nog eens ""return to office"" policies bovenop gooit. 

Ik had gehoopt dat Corona voor altijd had aangetoond dat werknemers niet minder productief of efficiënt zijn als ze thuiswerken.","en",TRUE,"Onbegrijpelijk dat de gemiddelde werkgever daar dan ook nog eens ""return to office"" policies bovenop gooit. 

Ik had gehoopt dat Corona voor altijd had aangetoond dat werknemers niet minder productief of efficiënt zijn als ze thuiswerken.",TRUE,"Included"
"at://did:plc:orqicokxbcs4kovrwujgwvac/app.bsky.feed.post/3mujdod37m227","RTO","She said “everyone says that, everyone says that they’ll show us for making them return to office, you just have to work while you’re in the office, you can’t slack anymore”

In a conversation about expressing concern about having my needs supported. Disgusting.","en",TRUE,"She said “everyone says that, everyone says that they'll show us for making them return to office, you just have to work while you're in the office, you can't slack anymore”

In a conversation about expressing concern about having my needs supported. Disgusting.",TRUE,"Included"
"at://did:plc:h3y7rhw6ao6nk5mmuskplxco/app.bsky.feed.post/3mujcdtnxks2h","RTO","They need to shut up. If they don't like it, quit. So many people need a job. So many people got laid off. ottawacitizen.com/public-servi... #cdnpoli","en",TRUE,"They need to shut up. If they don't like it, quit. So many people need a job. So many people got laid off.  #cdnpoli",TRUE,"Included"
"at://did:plc:ljuh3omrnp3oep7ibvgdrvli/app.bsky.feed.post/3muj3guyrm42c","RTO","From return-to-office issues to bolstering holiday credit policies, here’s what happened to key bills affecting California’s state workers.","",FALSE,"From return-to-office issues to bolstering holiday credit policies, here's what happened to key bills affecting California's state workers.",FALSE,"Missing language tag"
"at://did:plc:sxgp5ntviizefohb4kuh3ydp/app.bsky.feed.post/3muj3gudgt52b","RTO","From return-to-office issues to bolstering holiday credit policies, here’s what happened to key bills affecting California’s state workers.","",FALSE,"From return-to-office issues to bolstering holiday credit policies, here's what happened to key bills affecting California's state workers.",FALSE,"Missing language tag"
"at://did:plc:rcizb7dtzyjtkvjgs4iwwfio/app.bsky.feed.post/3muj3guazrv2l","RTO","From return-to-office issues to bolstering holiday credit policies, here’s what happened to key bills affecting California’s state workers.","",FALSE,"From return-to-office issues to bolstering holiday credit policies, here's what happened to key bills affecting California's state workers.",FALSE,"Missing language tag"
"at://did:plc:qm5ivgnwpgatixgvuix6lar2/app.bsky.feed.post/3muj3gtohvd2f","RTO","From return-to-office issues to bolstering holiday credit policies, here’s what happened to key bills affecting California’s state workers.","",FALSE,"From return-to-office issues to bolstering holiday credit policies, here's what happened to key bills affecting California's state workers.",FALSE,"Missing language tag"
"at://did:plc:hanga5tdt4u2fbphchnsydaa/app.bsky.feed.post/3muizeoi7vcj2","RTO","やっぱり完全在宅ワークが一番幸せだった 離職率も最低 米大が7700人の働き方調査
https://www.itmedia.co.jp/news/article/2609/02/2000001011/","",FALSE,"やっぱり完全在宅ワークが一番幸せだった 離職率も最低 米大が7700人の働き方調査
",FALSE,"Missing language tag"
"at://did:plc:misdl6fbmmqcsidw6vtnxnx3/app.bsky.feed.post/3muizabsh722i","RTO","#ReneeGood #Trump #MarkwayneMullin #ToddBlanche #ConcentrationCamps #Nazis #Nazism #Fascism #MeinKampf #Sturmabteilung #Braunhemden #PedophileProtectors #JDVance #StephenMiller #Corruption #JohnRoberts #ICE #MarcoRubio #MikeJohnson #AlexPretti #SCOTUS #Gestapo #KashPatel #8647🖕🏿 #GeorgeFloyd #IranWar","en",TRUE,"#ReneeGood #Trump #MarkwayneMullin #ToddBlanche #ConcentrationCamps #Nazis #Nazism #Fascism #MeinKampf #Sturmabteilung #Braunhemden #PedophileProtectors #JDVance #StephenMiller #Corruption #JohnRoberts #ICE #MarcoRubio #MikeJohnson #AlexPretti #SCOTUS #Gestapo #KashPatel #8647🖕🏿 #GeorgeFloyd #IranWar",TRUE,"Included"
"at://did:plc:fiu7pyxqrgqrcqfm36g3jrxq/app.bsky.feed.post/3muixwjinp4z2","RTO","やっぱり完全在宅ワークが一番幸せだった 離職率も最低 米大が7700人の働き方調査（2026/9/2 ITmedia）
https://www.itmedia.co.jp/news/article/2609/02/2000001011/

1人暮らしの在宅勤務、「丸1日、人と接触なしの日」が3割……店員とも話さず 58万人を分析、Scienceで論文発表（2026/6/11 ITmedia）
https://www.itmedia.co.jp/news/article/2606/11/1260611027/

家族関係とか住環境にもよるんだろうなあという印象はある","",FALSE,"やっぱり完全在宅ワークが一番幸せだった 離職率も最低 米大が7700人の働き方調査（2026/9/2 ITmedia）


1人暮らしの在宅勤務、「丸1日、人と接触なしの日」が3割……店員とも話さず 58万人を分析、Scienceで論文発表（2026/6/11 ITmedia）


家族関係とか住環境にもよるんだろうなあという印象はある",FALSE,"Missing language tag"
"at://did:plc:a25qbiutatg4hqvz4e2hex7p/app.bsky.feed.post/3muixgu7hv22k","RTO","やっぱり完全在宅ワークが一番幸せだった　離職率も最低　米大が7700人の働き方調査 www.itmedia.co.jp/news/article... 完全在宅ワークのデメリットは色々言われるが、実際は孤独になりやすいとも言えず、離職率が高いとも言えず、ウェルビーイング（幸福感）は結局いちばん高かった。","ja",FALSE,"やっぱり完全在宅ワークが一番幸せだった　離職率も最低　米大が7700人の働き方調査  完全在宅ワークのデメリットは色々言われるが、実際は孤独になりやすいとも言えず、離職率が高いとも言えず、ウェルビーイング（幸福感）は結局いちばん高かった。",FALSE,"Non-English or mixed language tags"
"at://did:plc:aih644zr7bjcrorztxwv6poe/app.bsky.feed.post/3muihdbipjw25","RTO","From return-to-office issues to bolstering holiday credit policies, here’s what happened to key bills affecting California’s state workers.","",FALSE,"From return-to-office issues to bolstering holiday credit policies, here's what happened to key bills affecting California's state workers.",FALSE,"Missing language tag"
"at://did:plc:vcfh7ntd6rzdyaikfgrapxxa/app.bsky.feed.post/3muihanlkg22z","RTO","www.cbsnews.com/news/harvard...","en",TRUE,"",FALSE,"No retained English word tokens"
"at://did:plc:sxgp5ntviizefohb4kuh3ydp/app.bsky.feed.post/3muigrgprup2h","RTO","From return-to-office issues to bolstering holiday credit policies, here’s what happened to key bills affecting California’s state workers.","",FALSE,"From return-to-office issues to bolstering holiday credit policies, here's what happened to key bills affecting California's state workers.",FALSE,"Missing language tag"
"at://did:plc:rcizb7dtzyjtkvjgs4iwwfio/app.bsky.feed.post/3muigrgojxy2g","RTO","From return-to-office issues to bolstering holiday credit policies, here’s what happened to key bills affecting California’s state workers.","",FALSE,"From return-to-office issues to bolstering holiday credit policies, here's what happened to key bills affecting California's state workers.",FALSE,"Missing language tag"
"at://did:plc:qm5ivgnwpgatixgvuix6lar2/app.bsky.feed.post/3muigrfjr4d2y","RTO","From return-to-office issues to bolstering holiday credit policies, here’s what happened to key bills affecting California’s state workers.","",FALSE,"From return-to-office issues to bolstering holiday credit policies, here's what happened to key bills affecting California's state workers.",FALSE,"Missing language tag"
"at://did:plc:ljuh3omrnp3oep7ibvgdrvli/app.bsky.feed.post/3muigrbjwc32y","RTO","From return-to-office issues to bolstering holiday credit policies, here’s what happened to key bills affecting California’s state workers.","",FALSE,"From return-to-office issues to bolstering holiday credit policies, here's what happened to key bills affecting California's state workers.",FALSE,"Missing language tag"
"at://did:plc:fwtbktidkec2ozqze2dyjwte/app.bsky.feed.post/3muig4x6txk24","RTO","On one hand: cool, now I have less bosses. There is less of a possibility of  this project ending and making me have to look for another company/project to get assigned to (not likely because I have LOW skills)
On the other: Pay? Benefits? Return to office? How much vacation do I get? I have 15 days","en",TRUE,"On one hand: cool, now I have less bosses. There is less of a possibility of  this project ending and making me have to look for another company/project to get assigned to (not likely because I have LOW skills)
On the other: Pay? Benefits? Return to office? How much vacation do I get? I have 15 days",TRUE,"Included"
"at://did:plc:f2ttuqjw66z6ob26ouoftr33/app.bsky.feed.post/3muhzzrws7k2p","RTO","Hahahaha I bet they also leaned hard into the “return to office” thing too, didn’t they?","en",TRUE,"Hahahaha I bet they also leaned hard into the “return to office” thing too, didn't they?",TRUE,"Included"
"at://did:plc:mc4t6qtktt2h4tvnslrkzban/app.bsky.feed.post/3muhxsc6l4s2u","RTO","It was only the third time since Trump’s return to office that Roberts disagreed with all of his fellow conservatives on an emergency appeal to decide whether an administration policy could move forward until a legal fight was resolved. 

www.usatoday.com/story/news/p...","en",TRUE,"It was only the third time since Trump's return to office that Roberts disagreed with all of his fellow conservatives on an emergency appeal to decide whether an administration policy could move forward until a legal fight was resolved. 

",TRUE,"Included"
"at://did:plc:ur35jkrpaiipkrhtb7rupwod/app.bsky.feed.post/3muhr2eudl226","RTO","I feel like diarrhea is a good reason not to return to office.","en",TRUE,"I feel like diarrhea is a good reason not to return to office.",TRUE,"Included"
"at://did:plc:cihbpghypfhssku2dlylqawh/app.bsky.feed.post/3muhqkrjhei2y","RTO","#Spallumcheen - Former Spallumcheen mayor Gunter Rieger running again for top job (Vernon) www.castanet.net/news/Vernon/...","",FALSE,"#Spallumcheen - Former Spallumcheen mayor Gunter Rieger running again for top job (Vernon) ",FALSE,"Missing language tag"
"at://did:plc:hwufkcxjxrfzn3xzfd4sjtmu/app.bsky.feed.post/3muhlbvkl722u","RTO","In today's ""Well, duh..."" news: #remotework
thehill.com/opinion/tech...","en",TRUE,"In today's ""Well, duh..."" news: #remotework
",TRUE,"Included"
"at://did:plc:y5xpslr2bnzbnbyzkexm4ork/app.bsky.feed.post/3muhkhcmqpc2u","RTO","THE VIEWS EXPRESSED BY CONTRIBUTORS ARE THEIR OWN AND NOT THE VIEW OF THE HILL

When a return-to-office mandate is just about the boss’s narcissism","en",TRUE,"THE VIEWS EXPRESSED BY CONTRIBUTORS ARE THEIR OWN AND NOT THE VIEW OF THE HILL

When a return-to-office mandate is just about the boss's narcissism",TRUE,"Included"
"at://did:plc:ihgz6xv3civyi7b2gagfmx3y/app.bsky.feed.post/3muhipgtqirl2","RTO","Both ""due to AI"" and ""return to office"" are motivations given by companies when they want to get rid of personnel without having to explain to the market (or unions, in such countries).","",FALSE,"Both ""due to AI"" and ""return to office"" are motivations given by companies when they want to get rid of personnel without having to explain to the market (or unions, in such countries).",FALSE,"Missing language tag"
"at://did:plc:wjatbj4hiinxfqaeixaw2bcp/app.bsky.feed.post/3muhig7aiyy27","RTO","When a return-to-office mandate is just about the boss's narcissism #TheHill","",FALSE,"When a return-to-office mandate is just about the boss's narcissism #TheHill",FALSE,"Missing language tag"
"at://did:plc:mmboj2dtato2vddw5424un3m/app.bsky.feed.post/3muhcivsy522k","RTO","... in the works since well before Trump's return to office in January 2025. There's no indication that the process has gotten anywhere.","en",TRUE,"... in the works since well before Trump's return to office in January 2025. There's no indication that the process has gotten anywhere.",TRUE,"Included"
"at://did:plc:q75cbriucfzsgnyemyb7uphr/app.bsky.feed.post/3mugt3aeief22","RTO","CEO of the world’s largest workspace provider says commuting will be extinct by 2040—and your kids will think it’s ‘mad stuff’ professionals once did | Fortune

Return-to-office mandates are just a blip; Setting your alarm before sunrise and standing shoulder-to-shoulder on a packed train, just to…","",FALSE,"CEO of the world's largest workspace provider says commuting will be extinct by 2040—and your kids will think it's 'mad stuff' professionals once did | Fortune

Return-to-office mandates are just a blip; Setting your alarm before sunrise and standing shoulder-to-shoulder on a packed train, just to…",FALSE,"Missing language tag"
"at://did:plc:onosb7hressea4vw5yyiajsk/app.bsky.feed.post/3mugng4bws224","RTO","The timing of Trump’s incorporation bonanza in the weeks leading up to his return to office shows how much more motivated and prepared he was to profit from his second term compared to his first.","en",TRUE,"The timing of Trump's incorporation bonanza in the weeks leading up to his return to office shows how much more motivated and prepared he was to profit from his second term compared to his first.",TRUE,"Included"
"at://did:plc:guhdxljvcjkkqaunxyqitchk/app.bsky.feed.post/3mughbufyx22t","RTO","Just because he is old and sick doesn’t mean that Senator McConnell should not be held accountable by any type of media. He is a United States Senator and if he cannot return to office he has an obligation to resign.","en",TRUE,"Just because he is old and sick doesn't mean that Senator McConnell should not be held accountable by any type of media. He is a United States Senator and if he cannot return to office he has an obligation to resign.",TRUE,"Included"
"at://did:plc:efib4ckfv4jzcpo4tisllwwr/app.bsky.feed.post/3mug3lsslyk2f","RTO","and people wonder why i never want to return to office. my battle with ac is aways a losing battle and i tend to freeze asap.","en",TRUE,"and people wonder why i never want to return to office. my battle with ac is aways a losing battle and i tend to freeze asap.",TRUE,"Included"
"at://did:plc:l5d4lk4f6ize77zoua3zsxd6/app.bsky.feed.post/3mufvrovgi22f","RTO","I have a full time job outside of work - well said Mr Gorsica. Wishing you all the best.

www.businessinsider.com/former-amazo...","en",TRUE,"I have a full time job outside of work - well said Mr Gorsica. Wishing you all the best.

",TRUE,"Included"
"at://did:plc:xhohr4frmxubpwya7b2bjz75/app.bsky.feed.post/3mufqpknbne2a","RTO","Former Spallumcheen mayor Gunter Rieger running again for top job #Spallumcheen","en",TRUE,"Former Spallumcheen mayor Gunter Rieger running again for top job #Spallumcheen",TRUE,"Included"
"at://did:plc:ejrwi7dqujhvuek3psdqgco4/app.bsky.feed.post/3mufmx6u4w222","RTO","Suboptimal output from remote workers is directly correlated with diminished oxytocin flow.  Return to office policy maximizes bio-synergy and unlocks peak performance potential.","en",TRUE,"Suboptimal output from remote workers is directly correlated with diminished oxytocin flow.  Return to office policy maximizes bio-synergy and unlocks peak performance potential.",TRUE,"Included"
"at://did:plc:j2w2cfun7kam2chtajg22te4/app.bsky.feed.post/3muflha5elc2a","RTO","Republicans Campaign With Neo-Nazis & White Supremacists To Make Their Goals Clear To Voters

Trump 2nd Term Began with Rollout of White Supremacist Policies and Pardons
www.amnestyusa.org/blog/preside...","en",TRUE,"Republicans Campaign With Neo-Nazis & White Supremacists To Make Their Goals Clear To Voters

Trump 2nd Term Began with Rollout of White Supremacist Policies and Pardons
",TRUE,"Included"
"at://did:plc:f4rldnuoluwe3uxwae4z3ztb/app.bsky.feed.post/3mufjvuqnts2j","RTO","Is anyone surprised?  International tourism is down since he return to office.  Hospitality in general is suffering.","en",TRUE,"Is anyone surprised?  International tourism is down since he return to office.  Hospitality in general is suffering.",TRUE,"Included"
"at://did:plc:uec67uirpmfejpwaiyd3y662/app.bsky.feed.post/3mufbzplvas25","RTO","@stevenbeschloss.bsky.social warns that future generations may judge Americans harshly for allowing Trump’s return to office and the erosion of democracy. The 2026 midterms offer a chance to reject corruption and demand progressive change.

#Blues

open.substack.com/pub/america/...","en",TRUE,"@ warns that future generations may judge Americans harshly for allowing Trump's return to office and the erosion of democracy. The 2026 midterms offer a chance to reject corruption and demand progressive change.

#Blues

",TRUE,"Included"
"at://did:plc:bsuruz24d2nih3fxzq32dwvc/app.bsky.feed.post/3mufaquslwk27","RTO","Toxic meeting culture combined with mandatory return to office means people joining Monday morning early meetings while on the bus and train, not able to access resources and potentially leaking corporate secrets to other commuters. But there simply is no other way we can do this!","en",TRUE,"Toxic meeting culture combined with mandatory return to office means people joining Monday morning early meetings while on the bus and train, not able to access resources and potentially leaking corporate secrets to other commuters. But there simply is no other way we can do this!",TRUE,"Included"
"at://did:plc:4jjekvbxopsdtmezsmycpveb/app.bsky.feed.post/3muf62f4vfc2q","RTO","One dumb thing about return-to-office mandates that actually track days spent in the office is that, like, if you have a cold on an in-office day they force you to either take the day off entirely (even if you're well enough to work) or come in & risk getting others sick","en",TRUE,"One dumb thing about return-to-office mandates that actually track days spent in the office is that, like, if you have a cold on an in-office day they force you to either take the day off entirely (even if you're well enough to work) or come in & risk getting others sick",TRUE,"Included"
"at://did:plc:fhqygrwm7lbkphwgj25h72od/app.bsky.feed.post/3muf5styvbs2p","RTO","TIME for tax payers to complain about forcing public servants back to offices!!!!!
Keeping downtown restaurants in business is too lame a reason to pay for more office space unnecessarily!  SAVE MONEY!!!

ottawacitizen.com/public-servi...","ja",FALSE,"TIME for tax payers to complain about forcing public servants back to offices!!!!!
Keeping downtown restaurants in business is too lame a reason to pay for more office space unnecessarily!  SAVE MONEY!!!

",FALSE,"Non-English or mixed language tags"
"at://did:plc:rygp62vxjwmuyb4xin4uyt7z/app.bsky.feed.post/3muezbhozg22e","RTO","The positive impact of remote work 

Remote work can support well-being...
and well-being, not proximity, is a factor in employee retention.

Rethinking return-to-office:
The positive impact of remote work on well-being, connection, and employee retention🧪
www.frontiersin.org/journals/psy...","en",TRUE,"The positive impact of remote work 

Remote work can support well-being...
and well-being, not proximity, is a factor in employee retention.

Rethinking return-to-office:
The positive impact of remote work on well-being, connection, and employee retention🧪
",TRUE,"Included"
"at://did:plc:nwohato66ne5f5jg7bdyglsd/app.bsky.feed.post/3muepjoujwk2f","RTO"," ""Two former high-ranking officials at the Global Engagement Center (GEC), a target of Republican ire that lost its funding in 2024 and was disbanded after Donald Trump’s return to office in 2025, say the documents show nothing of the kind.""
www.alternet.org/the-scandal/","en",TRUE," ""Two former high-ranking officials at the Global Engagement Center (GEC), a target of Republican ire that lost its funding in 2024 and was disbanded after Donald Trump's return to office in 2025, say the documents show nothing of the kind.""
",TRUE,"Included"
"at://did:plc:q75cbriucfzsgnyemyb7uphr/app.bsky.feed.post/3mueej7swov2u","RTO","Grindr wants to be the everything app for gay men; investors are still deciding whether it can pull it off | TechCrunch

When George Arison took over Grindr in 2022, he inherited a company that had been bounced from Chinese ownership to a forced divestiture to a private-equity rescue — a business…","",FALSE,"Grindr wants to be the everything app for gay men; investors are still deciding whether it can pull it off | TechCrunch

When George Arison took over Grindr in 2022, he inherited a company that had been bounced from Chinese ownership to a forced divestiture to a private-equity rescue — a business…",FALSE,"Missing language tag"
"at://did:plc:tzazz3jvu2iiiiculqm2vt2x/app.bsky.feed.post/3mudytodbss2a","RTO","Reporters Without Borders now ranks the United States 64th and says U.S. press freedom has experienced a significant decline since Trump’s return to office.","en",TRUE,"Reporters Without Borders now ranks the United States 64th and says U.S. press freedom has experienced a significant decline since Trump's return to office.",TRUE,"Included"
"at://did:plc:av2qrfhmnpnlfk3svqk6jdmo/app.bsky.feed.post/3mudwxdgbx625","RTO","Grindr wants to be the everything app for gay men; investors are still deciding whether it can pull it off|BREAKING:

When George Arison took over Grindr in 2022, he inherited a company that had been bounced from Chinese ownership to a forced divestiture to a private-equity rescue — a business that…","",FALSE,"Grindr wants to be the everything app for gay men; investors are still deciding whether it can pull it off|BREAKING:

When George Arison took over Grindr in 2022, he inherited a company that had been bounced from Chinese ownership to a forced divestiture to a private-equity rescue — a business that…",FALSE,"Missing language tag"
"at://did:plc:z7ovqnvrbc2a5iqvazw65r5p/app.bsky.feed.post/3mud2o3bxnk2a","RTO","I think a lot of the Return to Office demand after covid was for men to get away from their families and to have ready access to women (coworkers) to flirt with. I have worked at the top tech companies and I'm 100% convinced of this.","en",TRUE,"I think a lot of the Return to Office demand after covid was for men to get away from their families and to have ready access to women (coworkers) to flirt with. I have worked at the top tech companies and I'm 100% convinced of this.",TRUE,"Included"
"at://did:plc:t3uv3ww5ygvsdk6mdu6lcjjs/app.bsky.feed.post/3muctgvtlek2h","RTO","During Donald Trump's first term and his return to office, the national debt has grown by more than $11.5 trillion combined.

Republicans shut the fuck up.","en",TRUE,"During Donald Trump's first term and his return to office, the national debt has grown by more than $11.5 trillion combined.

Republicans shut the fuck up.",TRUE,"Included"
"at://did:plc:ejrwi7dqujhvuek3psdqgco4/app.bsky.feed.post/3mucqlfhkiv2d","RTO","Return to office is not a suggestion. It's a core competency. Distributed teams lack the synergy required for peak performance. Biology dictates proximity breeds innovation. Disengagement is a KPI red flag.","en",TRUE,"Return to office is not a suggestion. It's a core competency. Distributed teams lack the synergy required for peak performance. Biology dictates proximity breeds innovation. Disengagement is a KPI red flag.",TRUE,"Included"
"at://did:plc:buk4oqibwpjdd4urktaxyy46/app.bsky.feed.post/3mucoxu6vm22l","RTO","I'm guessing from day one of his return to office the destruction of incriminating evidence against the perpetrators has been his top priority.","en",TRUE,"I'm guessing from day one of his return to office the destruction of incriminating evidence against the perpetrators has been his top priority.",TRUE,"Included"
"at://did:plc:chkh3qo3cdvmsycdvtoirih6/app.bsky.feed.post/3mucmtzywu224","RTO","Trump's return to office prompts industry shifts similar to those seen at the start of his presidency.","",FALSE,"Trump's return to office prompts industry shifts similar to those seen at the start of his presidency.",FALSE,"Missing language tag"
"at://did:plc:vm4q3ywkxns6h6edhs5hwtuz/app.bsky.feed.post/3muckgqzg6k2b","RTO","“Two former high-ranking officials at the Global Engagement Center (GEC), a target of Republican ire that lost its funding in 2024 and was disbanded after Donald Trump’s return to office in 2025, say the documents show nothing of the kind.”","en",TRUE,"“Two former high-ranking officials at the Global Engagement Center (GEC), a target of Republican ire that lost its funding in 2024 and was disbanded after Donald Trump's return to office in 2025, say the documents show nothing of the kind.”",TRUE,"Included"
"at://did:plc:sukzzt423f2uysgpylirmyy5/app.bsky.feed.post/3mubpqhabm22m","RTO","Every single premier needs to be pulled from office, sat down and forced to read the convention on genocide and the UN CRPD in full before they are allowed to return to office. Charter too.

If they can’t comprehend what they say, OR FOLLOW THEM, then they should be barred from politics permanently.","en",TRUE,"Every single premier needs to be pulled from office, sat down and forced to read the convention on genocide and the UN CRPD in full before they are allowed to return to office. Charter too.

If they can't comprehend what they say, OR FOLLOW THEM, then they should be barred from politics permanently.",TRUE,"Included"
"at://did:plc:vl36vrylrc7zwutwrwibyxeo/app.bsky.feed.post/3mub5xdkcfq2i","RTO","Gavin Newsom’s return-to-office order is undermined by AB 1729, which adds justification requirements that favor telework defaults for state agencies.
","",FALSE,"Gavin Newsom's return-to-office order is undermined by AB 1729, which adds justification requirements that favor telework defaults for state agencies.
",FALSE,"Missing language tag"
"at://did:plc:qrttlllhmt5x5fefiy4tmrsk/app.bsky.feed.post/3mub5xbpv3r2x","RTO","Gavin Newsom’s return-to-office order is undermined by AB 1729, which adds justification requirements that favor telework defaults for state agencies.
","",FALSE,"Gavin Newsom's return-to-office order is undermined by AB 1729, which adds justification requirements that favor telework defaults for state agencies.
",FALSE,"Missing language tag"
"at://did:plc:ihl667oyujekuvexdhtgwvc5/app.bsky.feed.post/3mub5x657op2v","RTO","Gavin Newsom’s return-to-office order is undermined by AB 1729, which adds justification requirements that favor telework defaults for state agencies.
","",FALSE,"Gavin Newsom's return-to-office order is undermined by AB 1729, which adds justification requirements that favor telework defaults for state agencies.
",FALSE,"Missing language tag"
"at://did:plc:25djycwtjyjocat746ytjvmf/app.bsky.feed.post/3muazbmtrec2r","RTO","yeah this is the case for tons of them. there'd probably be less of a push to return to office if the owners of these buildings could just sell them off for housing but it's not in the cards.","en",TRUE,"yeah this is the case for tons of them. there'd probably be less of a push to return to office if the owners of these buildings could just sell them off for housing but it's not in the cards.",TRUE,"Included"
"at://did:plc:g5gakqvihvmkguqwwjusdpqg/app.bsky.feed.post/3muajf3dxqk2o","RTO","Troll Thoughts

Big ""Carbon Neutral"" companies obviously don't include employees' vehicle emissions in that calculation, or Return-to-office and hour-long-plus commutes would not be considered A-OK.","en",TRUE,"Troll Thoughts

Big ""Carbon Neutral"" companies obviously don't include employees' vehicle emissions in that calculation, or Return-to-office and hour-long-plus commutes would not be considered A-OK.",TRUE,"Included"
"at://did:plc:grjg44qgq3esx67xe5b52ujo/app.bsky.feed.post/3muai5jycds2q","RTO","with alt text","en",TRUE,"with alt text",TRUE,"Included"
"at://did:plc:cfpay6yqcmxlvjjmc3n7tn4a/app.bsky.feed.post/3muaapxi3a22i","RTO","Trump’s return to office in 2025 brought ghastly assaults on higher education—student abductions, financial extortion, curricular bans, corrupt federal “investigations.” Yet this academic year, another battle has been within the New School itself.","",FALSE,"Trump's return to office in 2025 brought ghastly assaults on higher education—student abductions, financial extortion, curricular bans, corrupt federal “investigations.” Yet this academic year, another battle has been within the New School itself.",FALSE,"Missing language tag"
"at://did:plc:js3rsez6n6jvfw3kqmfdjput/app.bsky.feed.post/3mua7vpdb3y2v","RTO","Trump has dramatically accelerated construction, turning the border wall into the largest domestic infrastructure blitz of his second term. Since his return to office, the administration has used newly passed legislation and emergency powers","en",TRUE,"Trump has dramatically accelerated construction, turning the border wall into the largest domestic infrastructure blitz of his second term. Since his return to office, the administration has used newly passed legislation and emergency powers",TRUE,"Included"
"at://did:plc:auk4xklydfg2s6o6olr2pyus/app.bsky.feed.post/3mua5mndaxu24","RTO","High Debt and Rising Prices Catch Up to Trump, as Midterms Near

In the nearly two years since President Trump clinched his return to office, the U.S. economy has come under great duress, leaving families and businesses to suffer through the expensive consequences of constant global conflict and…","",FALSE,"High Debt and Rising Prices Catch Up to Trump, as Midterms Near

In the nearly two years since President Trump clinched his return to office, the U.S. economy has come under great duress, leaving families and businesses to suffer through the expensive consequences of constant global conflict and…",FALSE,"Missing language tag"
"at://did:plc:yb7kb45gyewyoh64xcr32xev/app.bsky.feed.post/3mua2wkc3ks2l","RTO","After Dems return to office","en",TRUE,"After Dems return to office",TRUE,"Included"
"at://did:plc:mfgnugsgshfjl6pnq3ehmf4k/app.bsky.feed.post/3mu6qq5ep2j2j","RTO","Atkinson had already been PM twice before, making him the first NZ PM to return to office - something that wouldn't happen again until Norman Kirk in 1972.","",FALSE,"Atkinson had already been PM twice before, making him the first NZ PM to return to office - something that wouldn't happen again until Norman Kirk in 1972.",FALSE,"Missing language tag"
"at://did:plc:qyoq2osk4qw3dnc2tue5fuf7/app.bsky.feed.post/3mu67g6neds2s","RTO","""We’re facing a position where we’re going to have to reduce flexibility, but in order to help the human skills.""

lololol the hits just keep on coming","en",TRUE,"""We're facing a position where we're going to have to reduce flexibility, but in order to help the human skills.""

lololol the hits just keep on coming",TRUE,"Included"
"at://did:plc:nm6ibz2xr5ysseu65crvqxqg/app.bsky.feed.post/3mu62rueqns26","RTO","The drumpf prez is costing me the peace of mind i was hoping to have, in my 70s. Him and his gop cronies are driving this country into the ground, and i hope everyone who enabled his return to office, burns in HELL for what they've allowed him to do TO this country. This free country, that I served.","en",TRUE,"The drumpf prez is costing me the peace of mind i was hoping to have, in my 70s. Him and his gop cronies are driving this country into the ground, and i hope everyone who enabled his return to office, burns in HELL for what they've allowed him to do TO this country. This free country, that I served.",TRUE,"Included"
"at://did:plc:ev6ulwjzops6fm4z3mc2ai72/app.bsky.feed.post/3mu5zyfi3js2h","RTO","return to office! This isn’t funny anymore! Real lives are being destroyed by this incompetence, but Americans haven’t had enough yet because he’s and his sycophantic elected officials are still running the country! Which reminds me everyday the constitution is dead in America!","en",TRUE,"return to office! This isn't funny anymore! Real lives are being destroyed by this incompetence, but Americans haven't had enough yet because he's and his sycophantic elected officials are still running the country! Which reminds me everyday the constitution is dead in America!",TRUE,"Included"
"at://did:plc:seetrozu2xni7ekhqnn55bcb/app.bsky.feed.post/3mu5zajzxuc25","RTO","Pete is the manager who post the first couple years of covid would enforce 5 days return to office mandate even if his company had been making record profits. Gotta be the boss!","en",TRUE,"Pete is the manager who post the first couple years of covid would enforce 5 days return to office mandate even if his company had been making record profits. Gotta be the boss!",TRUE,"Included"
"at://did:plc:ep4gmsluk4735vzcknsiumoz/app.bsky.feed.post/3mu5tfafrds25","RTO","Nick Bloom (Stanford economist studying remote work) with data showing the large and stable increase in WFH, with associated impacts.

The SWAA he runs is the best survey evidence. Kastle tracks office card swipes and Pacer ai is foot traffic, inferred from mobile phone locations. lnkd.in/p/geqyNDHV","en",TRUE,"Nick Bloom (Stanford economist studying remote work) with data showing the large and stable increase in WFH, with associated impacts.

The SWAA he runs is the best survey evidence. Kastle tracks office card swipes and Pacer ai is foot traffic, inferred from mobile phone locations. ",TRUE,"Included"
"at://did:plc:unmimf5xppjmbtyclmbrgvur/app.bsky.feed.post/3mu5ssnlnkc2l","RTO","very funny idea for a 'return to office' protest","en",TRUE,"very funny idea for a 'return to office' protest",TRUE,"Included"
"at://did:plc:oe7kd66l5v3cpi6gtjng3sn5/app.bsky.feed.post/3mu5kcxure725","RTO","Remote Delegation Skills: Why Managers Revert to Micromanaging

Autonomy disappears the moment managers return to the office. David Ohnstad reveals why 63% of managers increased day-to-day involvement post-RTO, and how…

https://davidohnstad.info/remote-delegation-micromanaging-return-to-office/","",FALSE,"Remote Delegation Skills: Why Managers Revert to Micromanaging

Autonomy disappears the moment managers return to the office. David Ohnstad reveals why 63% of managers increased day-to-day involvement post-RTO, and how…

",FALSE,"Missing language tag"
"at://did:plc:b3nlsopwvdn246ccpxctzsw4/app.bsky.feed.post/3mu5cv7oyw226","RTO","Some federal public servants are being formally assessed on whether they comply with return-to-office requirements, including one case in which an otherwise strong employee received a lower overall performance rating after failing an office-attendance objective.

www.hilltimes.com/2026/08/26/t...","",FALSE,"Some federal public servants are being formally assessed on whether they comply with return-to-office requirements, including one case in which an otherwise strong employee received a lower overall performance rating after failing an office-attendance objective.

",FALSE,"Missing language tag"
"at://did:plc:cs4k67fsdbtlc4qgqix3q65q/app.bsky.feed.post/3mu5apv32sk27","RTO","I really don’t understand the return-to-office mandates. Good luck to those involved.","en",TRUE,"I really don't understand the return-to-office mandates. Good luck to those involved.",TRUE,"Included"
"at://did:plc:t53ijuodvbcjbislhyu6te4r/app.bsky.feed.post/3mu54vb4ezc2k","RTO","NEW: Spanish union Coordinadora Sindical del Videojuego (CSV) is calling for ongoing strike action at Ubisoft Mobile Barcelona in protest of a return-to-office policy that will require staff to work on-site five days a week.","en",TRUE,"NEW: Spanish union Coordinadora Sindical del Videojuego (CSV) is calling for ongoing strike action at Ubisoft Mobile Barcelona in protest of a return-to-office policy that will require staff to work on-site five days a week.",TRUE,"Included"
"at://did:plc:fo6glphhae4j2747z7behled/app.bsky.feed.post/3mu4sg5n74s2f","RTO","Just a whole bunch of union busting and forced return to office.","en",TRUE,"Just a whole bunch of union busting and forced return to office.",TRUE,"Included"
"at://did:plc:qvw6iezecm6rhcscmj7ehqlf/app.bsky.feed.post/3mu4rgamomk2x","RTO","Russian disinformation has a strong foothold in France, while EU intelligence continues to respond in a fragmented, insufficient way — much like the U.S. did before Trump’s return to office","en",TRUE,"Russian disinformation has a strong foothold in France, while EU intelligence continues to respond in a fragmented, insufficient way — much like the U.S. did before Trump's return to office",TRUE,"Included"
"at://did:plc:owfzca2hiucyjm6vlborg6dg/app.bsky.feed.post/3mu4fcpnkw222","RTO","We need to start demanding the Democrats do the following before they enter office:

1. 10 - 15 clearly defined actionable items that you will do in your tenure

2 Monthly reporting on how all objectives are/are not being met

3. 80 % minimum achievement or no return to office

Accountability ✌🏾","en",TRUE,"We need to start demanding the Democrats do the following before they enter office:

1. 10 - 15 clearly defined actionable items that you will do in your tenure

2 Monthly reporting on how all objectives are/are not being met

3. 80 % minimum achievement or no return to office

Accountability ✌🏾",TRUE,"Included"
"at://did:plc:5gdejlhcswjbzraadoltdpps/app.bsky.feed.post/3mu4czwwlik2z","RTO","rockstar has boasted that all of GTA VI's NPCs are handmade and that human beings put thought into every random room and location—a breath of fresh air in an AI-obsessed industry. but we can't just ignore its long history of mistreating the humans responsible","en",TRUE,"rockstar has boasted that all of GTA VI's NPCs are handmade and that human beings put thought into every random room and location—a breath of fresh air in an AI-obsessed industry. but we can't just ignore its long history of mistreating the humans responsible",TRUE,"Included"
"at://did:plc:ps73hg4ke7pz64vvrs37ki6o/app.bsky.feed.post/3mu46ahgoh22d","RTO","Keeping in mind that Leiper is talking about CITY employees, not Feds, I am pleased to hear a politician say that a blanket one-size-fits-all policy directive is foolish. www.ipolitics.ca/2026/08/24/l...","en",TRUE,"Keeping in mind that Leiper is talking about CITY employees, not Feds, I am pleased to hear a politician say that a blanket one-size-fits-all policy directive is foolish. ",TRUE,"Included"
"at://did:plc:ey2ngl4l3fymyibjzhjx4dcy/app.bsky.feed.post/3mu3jib3hek23","RTO","Looking forward to the new Return To Office inducement: ""Free toilet paper.""","en",TRUE,"Looking forward to the new Return To Office inducement: ""Free toilet paper.""",TRUE,"Included"
"at://did:plc:hwq4tw5wmms4wcyhfviqtxgg/app.bsky.feed.post/3mu3czixsy22m","RTO","Not enough room to comment here, but it seems firms are discovering that while AI is good at grunt work, it can't substitute for a real human when it comes to relationship building (bloody obvious).

bmmagazine.co.uk/news/ey-retu...","en",TRUE,"Not enough room to comment here, but it seems firms are discovering that while AI is good at grunt work, it can't substitute for a real human when it comes to relationship building (bloody obvious).

",TRUE,"Included"
"at://did:plc:misdl6fbmmqcsidw6vtnxnx3/app.bsky.feed.post/3mu3arq54xs2p","RTO","A Study of 7,704 Workers Challenges a Major Argument for Return-to-Office Mandates","en",TRUE,"A Study of 7,704 Workers Challenges a Major Argument for Return-to-Office Mandates",TRUE,"Included"
"at://did:plc:22kwipy7jokn62a765ostub7/app.bsky.feed.post/3mu2zs5p2ic27","RTO","Really reframed all those male ceos pushing hard for return to office full time in my mind.","en",TRUE,"Really reframed all those male ceos pushing hard for return to office full time in my mind.",TRUE,"Included"
"at://did:plc:plowgzca7qq674u566o2zpzy/app.bsky.feed.post/3mu2snityj524","RTO","Junior staff could be ordered back to the office more frequently as part of a push to sharpen their ‘human skills’ as artificial intelligence (AI) begins to take over a growing proportion of technical work.","en",TRUE,"Junior staff could be ordered back to the office more frequently as part of a push to sharpen their 'human skills' as artificial intelligence (AI) begins to take over a growing proportion of technical work.",TRUE,"Included"
"at://did:plc:plowgzca7qq674u566o2zpzy/app.bsky.feed.post/3mu2sngeofo2h","RTO","Junior staff could be ordered back to the office more frequently as part of a push to sharpen their ‘human skills’ as artificial intelligence (AI) begins to take over a growing proportion of technical work.","en",TRUE,"Junior staff could be ordered back to the office more frequently as part of a push to sharpen their 'human skills' as artificial intelligence (AI) begins to take over a growing proportion of technical work.",TRUE,"Included"
"at://did:plc:plowgzca7qq674u566o2zpzy/app.bsky.feed.post/3mu2sndds7h2j","RTO","Junior staff could be ordered back to the office more frequently as part of a push to sharpen their ‘human skills’ as artificial intelligence (AI) begins to take over a growing proportion of technical work.","en",TRUE,"Junior staff could be ordered back to the office more frequently as part of a push to sharpen their 'human skills' as artificial intelligence (AI) begins to take over a growing proportion of technical work.",TRUE,"Included"
"at://did:plc:pg3ijkszlu77rzhspz5jfvft/app.bsky.feed.post/3mu2qv4wne227","RTO","""A majority of the immigrants arrested in July were people who were accused of violating civil immigration laws but who had not been charged with or convicted of a crime, an analysis of newly released federal data shows."" (via @nytimes.com) www.nytimes.com/interactive/...","en",TRUE,"""A majority of the immigrants arrested in July were people who were accused of violating civil immigration laws but who had not been charged with or convicted of a crime, an analysis of newly released federal data shows."" (via @) ",TRUE,"Included"
"at://did:plc:piec4rcyunilrmt4526rfhvw/app.bsky.feed.post/3mtzqmecrbc2d","RTO","Return to Office remains stupid and it has been a primary driver of increasingly crappy workplace culture.

Only there are no jobs, so you're stuck.

My husband's employer just fired a bunch of people who weren't coming in, despite having hired many of them as remote workers.","en",TRUE,"Return to Office remains stupid and it has been a primary driver of increasingly crappy workplace culture.

Only there are no jobs, so you're stuck.

My husband's employer just fired a bunch of people who weren't coming in, despite having hired many of them as remote workers.",TRUE,"Included"
"at://did:plc:w5zmqksx4hzyr5ek553hk4yo/app.bsky.feed.post/3mtzdt7lh622q","RTO","Republicans were all about ""NO REMOTE WORK! RETURN TO OFFICE!"" until Mitch McConnell finally dropped dead and they let him ""work"" from beyond the fucking grave. Make it make sense. You can't.","en",TRUE,"Republicans were all about ""NO REMOTE WORK! RETURN TO OFFICE!"" until Mitch McConnell finally dropped dead and they let him ""work"" from beyond the fucking grave. Make it make sense. You can't.",TRUE,"Included"
"at://did:plc:7swiujzyiwkswjunmucpdaoo/app.bsky.feed.post/3mtz66hiouk2f","RTO","In #Alaska I have family members who dropped their health insurance due to the actions of Sullivan and Begich. Now these incumbents￼are asking to return to office to do more damage. 

Ummm…No.","en",TRUE,"In #Alaska I have family members who dropped their health insurance due to the actions of Sullivan and Begich. Now these incumbents￼are asking to return to office to do more damage. 

Ummm…No.",TRUE,"Included"
"at://did:plc:i7k22mrne7tdnlmfmp3mq44k/app.bsky.feed.post/3mtz5o6q2cs2y","RTO","""The age of capitulation that defined Mr. Trump’s return to office may be starting to fade. World leaders and domestic institutions are, in some cases at least, showing less willingness to submit to Mr. Trump’s will."" www.nytimes.com/2026/08/25/u...","en",TRUE,"""The age of capitulation that defined Mr. Trump's return to office may be starting to fade. World leaders and domestic institutions are, in some cases at least, showing less willingness to submit to Mr. Trump's will."" ",TRUE,"Included"
"at://did:plc:k3n5amejalosp3ursaq66u6h/app.bsky.feed.post/3mtz37hlo3j2c","RTO","Some federal public servants have return-to-office requirements included in formal performance agreements, affecting performance ratings and career decisions.
","",FALSE,"Some federal public servants have return-to-office requirements included in formal performance agreements, affecting performance ratings and career decisions.
",FALSE,"Missing language tag"
"at://did:plc:vl36vrylrc7zwutwrwibyxeo/app.bsky.feed.post/3mtz37ch47h2i","RTO","Some federal public servants have return-to-office requirements included in formal performance agreements, affecting performance ratings and career decisions.
","",FALSE,"Some federal public servants have return-to-office requirements included in formal performance agreements, affecting performance ratings and career decisions.
",FALSE,"Missing language tag"
"at://did:plc:j4wyouwmibpqxo6cpdamf5cs/app.bsky.feed.post/3mtyyzuznn22u","RTO","Hearing two different meeting conversations going on over each other. Return to office was such a good idea..🙄","en",TRUE,"Hearing two different meeting conversations going on over each other. Return to office was such a good idea..🙄",TRUE,"Included"
"at://did:plc:chkh3qo3cdvmsycdvtoirih6/app.bsky.feed.post/3mtywtfcuvd2o","RTO","President Trump trades up to $1 billion in assets, stirring ethical concerns in his second term.","",FALSE,"President Trump trades up to $1 billion in assets, stirring ethical concerns in his second term.",FALSE,"Missing language tag"
"at://did:plc:gigyenycvugplf5iqjons5sv/app.bsky.feed.post/3mtysmrtwd22x","RTO","The age of capitulation that defined Mr. Trump’s return to office may be starting to fade. World leaders and domestic institutions are, in some cases at least, showing less willingness to submit to Mr. Trump’s will.","en",TRUE,"The age of capitulation that defined Mr. Trump's return to office may be starting to fade. World leaders and domestic institutions are, in some cases at least, showing less willingness to submit to Mr. Trump's will.",TRUE,"Included"
"at://did:plc:o5343eg7tuxayhgdaelsswfx/app.bsky.feed.post/3mtyosmamq22c","RTO","""The age of capitulation that defined Mr. Trump’s return to office may be starting to fade. World leaders and domestic institutions are, in some cases at least, showing less willingness to submit to Mr. Trump’s will."" www.nytimes.com/2026/08/25/u...","en",TRUE,"""The age of capitulation that defined Mr. Trump's return to office may be starting to fade. World leaders and domestic institutions are, in some cases at least, showing less willingness to submit to Mr. Trump's will."" ",TRUE,"Included"
"at://did:plc:k5dkxmzxa4egxkqdt33bai57/app.bsky.feed.post/3mtylx4jwrz24","RTO","Return to office in September. Keystroke monitoring installed in June. Consultants on the books since March.

They asked whether they should brace themselves. Fifty-four strangers answered in one voice.

Score the next role while you still have this one. job-studio.io","en",TRUE,"Return to office in September. Keystroke monitoring installed in June. Consultants on the books since March.

They asked whether they should brace themselves. Fifty-four strangers answered in one voice.

Score the next role while you still have this one. ",TRUE,"Included"
"at://did:plc:gf24kgy6n56bjmkidjgiimnj/app.bsky.feed.post/3mtyc7vxufj72","RTO","""The age of capitulation that defined Mr. Trump’s return to office may be starting to fade. World leaders and domestic institutions are, in some cases at least, showing less willingness to submit to Mr. Trump’s will."" For example […]","en",TRUE,"""The age of capitulation that defined Mr. Trump's return to office may be starting to fade. World leaders and domestic institutions are, in some cases at least, showing less willingness to submit to Mr. Trump's will."" For example […]",TRUE,"Included"
"at://did:plc:zcmb7swme66uljfrlktf5eyo/app.bsky.feed.post/3mtyaicgqnc2u","RTO","A Study of 7,704 Workers Challenges a Major Argument for Return-to-Office Mandates share.google/0L2B2PgXeaCz...","en",TRUE,"A Study of 7,704 Workers Challenges a Major Argument for Return-to-Office Mandates ",TRUE,"Included"
"at://did:plc:nasdzbpiyzph2lvcoijyxere/app.bsky.feed.post/3mtxzjrnx3a2e","RTO","ICYMI: RTO mandates after bad quarters don't fix earnings — they just tank morale #ReturnToOffice #EmployeeSatisfaction","",FALSE,"ICYMI: RTO mandates after bad quarters don't fix earnings — they just tank morale #ReturnToOffice #EmployeeSatisfaction",FALSE,"Missing language tag"
"at://did:plc:nasdzbpiyzph2lvcoijyxere/app.bsky.feed.post/3mtxz242l7r2z","RTO","ICYMI: Calling workers back to the office after a bad quarter doesn't fix anything: Leaders tend to justify return-to-office mandates by promising stronger collaboration, but workers don't see much of a difference","",FALSE,"ICYMI: Calling workers back to the office after a bad quarter doesn't fix anything: Leaders tend to justify return-to-office mandates by promising stronger collaboration, but workers don't see much of a difference",FALSE,"Missing language tag"
"at://did:plc:ktzww7belalz424y6xgwrpaa/app.bsky.feed.post/3mtxyheu5a22d","RTO","The age of capitulation that defined Trump’s return to office is fading. World leaders are less willinging to submit to Trump’s will. European leaders refused to join his war with Iran. Israel rejected his Gaza plan. Gulf Arab states forced him to abandon a shipping toll in the Strait of Hormuz.","en",TRUE,"The age of capitulation that defined Trump's return to office is fading. World leaders are less willinging to submit to Trump's will. European leaders refused to join his war with Iran. Israel rejected his Gaza plan. Gulf Arab states forced him to abandon a shipping toll in the Strait of Hormuz.",TRUE,"Included"
"at://did:plc:3vbo5ujg64eraxcs6pv6iifn/app.bsky.feed.post/3mtxxyl4nwt2u","RTO","What has the return-to-office movement taught us? People, not technology help companies get ahead","",FALSE,"What has the return-to-office movement taught us? People, not technology help companies get ahead",FALSE,"Missing language tag"
"at://did:plc:jijqwqgtypb44jutxhk5nzdc/app.bsky.feed.post/3mtxtmdjluc2p","RTO","At Home and Abroad, Deference to Trump Turns Increasingly to Defiance www.nytimes.com/2026/08/25/u...

“The age of capitulation that defined Mr. Trump’s return to office may be starting to fade”","en",TRUE,"At Home and Abroad, Deference to Trump Turns Increasingly to Defiance 

“The age of capitulation that defined Mr. Trump's return to office may be starting to fade”",TRUE,"Included"
"at://did:plc:pjbyqyl3vbihf2hggrxr2k3v/app.bsky.feed.post/3mtxj4mwyk22l","RTO","🎁 

“The age of capitulation that defined Mr. Trump’s return to office may be starting to fade. World leaders and domestic institutions are, in some cases at least, showing less willingness to submit to Mr. Trump’s will.”

www.nytimes.com/2026/08/25/u...","en",TRUE,"🎁 

“The age of capitulation that defined Mr. Trump's return to office may be starting to fade. World leaders and domestic institutions are, in some cases at least, showing less willingness to submit to Mr. Trump's will.”

",TRUE,"Included"
"at://did:plc:qcdpqos5sf7tbqmeclqhrlmz/app.bsky.feed.post/3mtxhoqik7c2e","RTO","VA rescinded a disabled Army veteran's telework accommodation, leaving a 150-mile commute.

VA's own Deputy Secretary memo says return-to-office alone is ""an insufficient justification for disapproval.""

We've published it. Read paragraph 4(d).

afgelocal17.org/telework-hea...","en",TRUE,"VA rescinded a disabled Army veteran's telework accommodation, leaving a 150-mile commute.

VA's own Deputy Secretary memo says return-to-office alone is ""an insufficient justification for disapproval.""

We've published it. Read paragraph 4(d).

",TRUE,"Included"
"at://did:plc:beilpv3ekhl6hn25ya45vffn/app.bsky.feed.post/3mtxat456322r","RTO","He predicted Trump would return to office within six months. “So,” he said, “I have nothing to worry about.”

That prediction came true. After returning to the White House, Trump issued broad pardons for Jan. 6 defendants. Banuelos’ federal case was dismissed before it ever went to trial.","en",TRUE,"He predicted Trump would return to office within six months. “So,” he said, “I have nothing to worry about.”

That prediction came true. After returning to the White House, Trump issued broad pardons for Jan. 6 defendants. Banuelos' federal case was dismissed before it ever went to trial.",TRUE,"Included"
"at://did:plc:7gnlogflii4kgsxztiijkyl6/app.bsky.feed.post/3mtx4utg5rs2j","RTO","qz.com/office-retur...","en",TRUE,"",FALSE,"No retained English word tokens"
"at://did:plc:vf6wiyuba5ctcss6td7cvlf7/app.bsky.feed.post/3mtx2ykwu2s2g","RTO","International tourism to the U.S. dropped by about 5.5% in 2025 following Trump’s return to office—representing roughly 4 million fewer visitors and an $8.4 billion to $16.6 billion loss in spending. This  has continued into 2026, with inbound travel falling further! Trump sucks!","en",TRUE,"International tourism to the U.S. dropped by about 5.5% in 2025 following Trump's return to office—representing roughly 4 million fewer visitors and an $8.4 billion to $16.6 billion loss in spending. This  has continued into 2026, with inbound travel falling further! Trump sucks!",TRUE,"Included"
"at://did:plc:chua42lpcf6isdbywzozcb2g/app.bsky.feed.post/3mtx2wh36vk2k","RTO","""The age of capitulation that defined Mr. Trump’s return to office may be starting to fade."" 

Explore this gift article from The New York Times. You can read it for free without a subscription. www.nytimes.com/2026/08/25/u...","en",TRUE,"""The age of capitulation that defined Mr. Trump's return to office may be starting to fade."" 

Explore this gift article from The New York Times. You can read it for free without a subscription. ",TRUE,"Included"
"at://did:plc:chua42lpcf6isdbywzozcb2g/app.bsky.feed.post/3mtx2gznjek2g","RTO","""The age of capitulation that defined Mr. Trump’s return to office may be starting to fade.""

www.nytimes.com/2026/08/25/u...","en",TRUE,"""The age of capitulation that defined Mr. Trump's return to office may be starting to fade.""

",TRUE,"Included"
"at://did:plc:tm256llkpggffiiuwk4tgiej/app.bsky.feed.post/3mtwzneueyk2i","RTO","""An inflection point""? The age of capitulation that defined Trump’s return to office may be starting to fade as world leaders and domestic institutions, in some cases at least, show less willingness to submit to his will. www.nytimes.com/2026/08/25/u...","en",TRUE,"""An inflection point""? The age of capitulation that defined Trump's return to office may be starting to fade as world leaders and domestic institutions, in some cases at least, show less willingness to submit to his will. ",TRUE,"Included"
"at://did:plc:i33mwbcjc5sgiynvdzzc7wnj/app.bsky.feed.post/3mtwxve2quk2r","RTO","politicalwire.com/2026/08/25/d...","en",TRUE,"",FALSE,"No retained English word tokens"
"at://did:plc:oxsx35fbloybelmx4xvywkja/app.bsky.feed.post/3mtwxqr6gpk2x","RTO","Deference to Trump Turns to Defiance politicalwire.com/2026/08/25/d...
IS THIS GOOD NEWS TOO LATE?","en",TRUE,"Deference to Trump Turns to Defiance 
IS THIS GOOD NEWS TOO LATE?",TRUE,"Included"
"at://did:plc:nasdzbpiyzph2lvcoijyxere/app.bsky.feed.post/3mtwoml2a6d23","RTO","Calling workers back to the office after a bad quarter doesn't fix anything: Leaders tend to justify return-to-office mandates by promising stronger collaboration, but workers don't see much of a difference","",FALSE,"Calling workers back to the office after a bad quarter doesn't fix anything: Leaders tend to justify return-to-office mandates by promising stronger collaboration, but workers don't see much of a difference",FALSE,"Missing language tag"
"at://did:plc:2vifp3jija5gidspjq7biwt3/app.bsky.feed.post/3mtwmsp7o4k2b","RTO","The return-to-office debate refuses to die. Is mandating RTO actually a competitive strategy, or just a signal that leadership doesn't trust its own culture? The AI models split hard on this one. thinkapedia.com/t/tk_IpYRALKYf1-I","en",TRUE,"The return-to-office debate refuses to die. Is mandating RTO actually a competitive strategy, or just a signal that leadership doesn't trust its own culture? The AI models split hard on this one. ",TRUE,"Included"
"at://did:plc:skccihdfrp5o4c6gw3x3n475/app.bsky.feed.post/3mtwe7ypilc2m","RTO","Most Americans believe Trump has inappropriately profited since returning to power, Reuters/Ipsos poll finds

www.reuters.com/world/most-a...","ja",FALSE,"Most Americans believe Trump has inappropriately profited since returning to power, Reuters/Ipsos poll finds

",FALSE,"Non-English or mixed language tags"
"at://did:plc:slv3rjhdks23mcpoezx3rf5u/app.bsky.feed.post/3mtw5nx4gjc2g","RTO","🐽🚔🐽 #Sheriffs
""In the first 15 months following Trump’s return to office, local officials from at least 75 agencies across #Illinois fed information to federal immigration agents, sometimes in apparent violation of state law."" apple.news/AQyqHR-U9QSi...","en",TRUE,"🐽🚔🐽 #Sheriffs
""In the first 15 months following Trump's return to office, local officials from at least 75 agencies across #Illinois fed information to federal immigration agents, sometimes in apparent violation of state law."" ",TRUE,"Included"
"at://did:plc:4q6caxsww6orsahm5qvo7uzn/app.bsky.feed.post/3mtvznvxys226","RTO","There’s a real “it bothers me that I’m not allowed to directly inflict myself on someone else’s person” energy to a lot of shit that a certain type of person has insisted on post-COVID. This, return to office, no masking, etc.","en",TRUE,"There's a real “it bothers me that I'm not allowed to directly inflict myself on someone else's person” energy to a lot of shit that a certain type of person has insisted on post-COVID. This, return to office, no masking, etc.",TRUE,"Included"
"at://did:plc:pikgcuatzkbts33wjmxt2ffp/app.bsky.feed.post/3mtvzlgice224","RTO","Unnecessary. This law is ridiculous. As is all return to office.","en",TRUE,"Unnecessary. This law is ridiculous. As is all return to office.",TRUE,"Included"
"at://did:plc:zd75oeaqltsoejyxiobqbgct/app.bsky.feed.post/3mtvprtx3hq2s","RTO","Morning Rush: Leiper vows to overturn City of Ottawa return-to-office mandate if elected","",FALSE,"Morning Rush: Leiper vows to overturn City of Ottawa return-to-office mandate if elected",FALSE,"Missing language tag"
"at://did:plc:p3ounric4vjiajmut2ypasfs/app.bsky.feed.post/3mtvo2xzrex25","RTO","Mayoral candidate Jeff Leiper promises to reverse city's return-to-office mandate if elected ottawacitizen.com/news/jeff-le...","",FALSE,"Mayoral candidate Jeff Leiper promises to reverse city's return-to-office mandate if elected ",FALSE,"Missing language tag"
"at://did:plc:5ezlmjaex4utahnlidfn7sm5/app.bsky.feed.post/3mwn7jhnk2w2m","WFH","Thoughts on how to find remote work in Cameroon

https://rmpr.github.io/remote-work-cameroon/","",FALSE,"Thoughts on how to find remote work in Cameroon

",FALSE,"Missing language tag"
"at://did:plc:6bfyst24ykvs6fti2apuqazh/app.bsky.feed.post/3mwmxztggbl2k","WFH","Remote-Capable Jobs Deepen Isolation for Workers Living Alone

https://www.laviezine.com/1650135/remote-capable-jobs-deepen-isolation-for-workers-living-alone/

Stock photo provided to aid understanding of the article. Clipart Korea Remote work may improve efficiency and convenience for employees …","en-us;en",TRUE,"Remote-Capable Jobs Deepen Isolation for Workers Living Alone



Stock photo provided to aid understanding of the article. Clipart Korea Remote work may improve efficiency and convenience for employees …",TRUE,"Included"
"at://did:plc:yzgrugzor7u52dr2odync63c/app.bsky.feed.post/3mwmwey6w3f2s","WFH","Benchmarks, legal reimbursement duties, tax treatment and a ready-to-adapt policy for home office stipends, equipment and internet costs.","",FALSE,"Benchmarks, legal reimbursement duties, tax treatment and a ready-to-adapt policy for home office stipends, equipment and internet costs.",FALSE,"Missing language tag"
"at://did:plc:4gnprleup4worvbsdzqpzg2h/app.bsky.feed.post/3mwmnovww5n2o","WFH","Remote Work Isn’t the Problem: Fixing the Systems Underneath It

Remote and hybrid teams stall when systems are missing, not because of location. Here's how to fix async work, meetin...

https://peakworkflow.1450enterprises.com/remote-work-isnt-the-problem-fixing-the-systems-underneath-it/","",FALSE,"Remote Work Isn't the Problem: Fixing the Systems Underneath It

Remote and hybrid teams stall when systems are missing, not because of location. Here's how to fix async work, meetin...

",FALSE,"Missing language tag"
"at://did:plc:wya6xdvtfu2pi3min7yazerf/app.bsky.feed.post/3mwmmv47sys2f","WFH","What a complete horse shit article. Does the Thomson family that owns you work remote or are they always in the office? @theglobeandmail.com www.theglobeandmail.com/business/com...","en",TRUE,"What a complete horse shit article. Does the Thomson family that owns you work remote or are they always in the office? @ ",TRUE,"Included"
"at://did:plc:t2oovgz5bp5ew3sk42auldhb/app.bsky.feed.post/3mwmkhhpmac2u","WFH","Data center is bad news for everyone except greedy billionaires! 

Why Canadian billionaire doesn’t build Data center in Canada? 

Why Elon Musk doesn’t want to build it in South Africa? 

It’s all remote work after Data centers are built!","en",TRUE,"Data center is bad news for everyone except greedy billionaires! 

Why Canadian billionaire doesn't build Data center in Canada? 

Why Elon Musk doesn't want to build it in South Africa? 

It's all remote work after Data centers are built!",TRUE,"Included"
"at://did:plc:5kedi3ycovu4yqixan32dkgc/app.bsky.feed.post/3mwmipbefq52o","WFH","リモートワークを続けるためにやるべきこと - モヒカン技術ブログ
https://blog.pinkumohikan.com/entry/for-continuing-to-remote-work

オフィスワーカーが、たまにリモートワークするときに気をつけるといいことでもある","",FALSE,"リモートワークを続けるためにやるべきこと - モヒカン技術ブログ


オフィスワーカーが、たまにリモートワークするときに気をつけるといいことでもある",FALSE,"Missing language tag"
"at://did:plc:ato6tf7v57wgj43nrlll5myc/app.bsky.feed.post/4osok2uxsmu23","WFH","took years before anyone realized always-on speed unlocked streaming, shopping, maps, homework, remote work, all the stuff that just became normal later.

first users looked like weirdos running napster and ftp. actual normie use cases showed up after the pipe got cheap and boring.","",FALSE,"took years before anyone realized always-on speed unlocked streaming, shopping, maps, homework, remote work, all the stuff that just became normal later.

first users looked like weirdos running napster and ftp. actual normie use cases showed up after the pipe got cheap and boring.",FALSE,"Missing language tag"
"at://did:plc:3ip6nmfnzvu7wusgmma4yxai/app.bsky.feed.post/3mwm5gb5duc2g","WFH","And that’s yet another reason why remote work was so revolutionary-it opened the floodgates of employment opportunities for people in smaller cities/towns. Employees were finally able to get some leverage. They could quit knowing that the 3 local companies in their field weren’t their only options","en",TRUE,"And that's yet another reason why remote work was so revolutionary-it opened the floodgates of employment opportunities for people in smaller cities/towns. Employees were finally able to get some leverage. They could quit knowing that the 3 local companies in their field weren't their only options",TRUE,"Included"
"at://did:plc:q56mf4bdkevxpkn7plw4bdoz/app.bsky.feed.post/3mwm23r524223","WFH","we've become a bit of a CRDT nerd, Prism uses them for local-first post-quantum end-to-end encrypted sync with minimal server-side metadata exposure, and a new project is using them to sync and record file changes, comments, + agent chats in a unified format for real-time collaborative remote work.","en",TRUE,"we've become a bit of a CRDT nerd, Prism uses them for local-first post-quantum end-to-end encrypted sync with minimal server-side metadata exposure, and a new project is using them to sync and record file changes, comments, + agent chats in a unified format for real-time collaborative remote work.",TRUE,"Included"
"at://did:plc:hhtban6na7wlvfzkxd57asrm/app.bsky.feed.post/3mwlytwla5x2v","WFH","Austin remote-work shift: ~60% of tech employment at least hybrid. State taxes differ by day of presence. Texas domicile vs. other-state work = withholding + nexus. → https://promise.legal/atx #TexasLaw","en",TRUE,"Austin remote-work shift: ~60% of tech employment at least hybrid. State taxes differ by day of presence. Texas domicile vs. other-state work = withholding + nexus. →  #TexasLaw",TRUE,"Included"
"at://did:plc:2serjymacaejmfedygxfmrm7/app.bsky.feed.post/3mwly7xgogxi2","WFH","how do folks find remote work

idk if i Want to do 100% remote work again but it Would have benefits from a disability management angle","en",TRUE,"how do folks find remote work

idk if i Want to do 100% remote work again but it Would have benefits from a disability management angle",TRUE,"Included"
"at://did:plc:tojqwnb5scqmhvij7ju4yb5a/app.bsky.feed.post/3mwly6felo52v","WFH","Back on the full remote work train as of today! Guess I need to get my kitchen stocked back up.","en",TRUE,"Back on the full remote work train as of today! Guess I need to get my kitchen stocked back up.",TRUE,"Included"
"at://did:plc:v7wvtabl4o6u5f426wqncxcu/app.bsky.feed.post/3mwlx2x3ca32c","WFH","Remote work post-Covid boosts employment and lowers commute time for disabled and older workers in the UK but comes with lower wages, from Ian Burn, Melissa D. Gentry, and Joanna Lahey www.nber.org/papers/w35791","",FALSE,"Remote work post-Covid boosts employment and lowers commute time for disabled and older workers in the UK but comes with lower wages, from Ian Burn, Melissa D. Gentry, and Joanna Lahey ",FALSE,"Missing language tag"
"at://did:plc:i4tcquk66s7sga2ctn3movdt/app.bsky.feed.post/3mwlw3o2i3s25","WFH","I’ve been at the new job for like 6 months now. 

I do believe I lied to myself about liking in office more than remote work.

Already over the need to appear a certain way to be considered productive 😭","en",TRUE,"I've been at the new job for like 6 months now. 

I do believe I lied to myself about liking in office more than remote work.

Already over the need to appear a certain way to be considered productive 😭",TRUE,"Included"
"at://did:plc:ynf5xaslka2vfkvzwmpbva4c/app.bsky.feed.post/3mwltqqazd22l","WFH","Hi Liam.  Transitioning to FT with one WFH is really difficult after 2+years of remote work.  Ikea furniture for the win!  Sanity ? Hahahahaha!","en",TRUE,"Hi Liam.  Transitioning to FT with one WFH is really difficult after 2+years of remote work.  Ikea furniture for the win!  Sanity ? Hahahahaha!",TRUE,"Included"
"at://did:plc:kof7dydl2b3po2n4o3eu6z2v/app.bsky.feed.post/3mwlrkcyvc22k","WFH","I just want a place where I can focus on remote work! And my current rotation of ESP, La Pluma and Cameron Café could use some more alternatives.","en",TRUE,"I just want a place where I can focus on remote work! And my current rotation of ESP, La Pluma and Cameron Café could use some more alternatives.",TRUE,"Included"
"at://did:plc:tl5x3mltchlgea5peuibgpgw/app.bsky.feed.post/3mwlpy4ppfk2s","WFH","Meanwhile, nonprofits fighting data centers are using the Google suite for all of their remote work. And they don't much like having that hypocrisy pointed out in interviews...😘","en",TRUE,"Meanwhile, nonprofits fighting data centers are using the Google suite for all of their remote work. And they don't much like having that hypocrisy pointed out in interviews...😘",TRUE,"Included"
"at://did:plc:v57yiznh42npe4iuaqxu3fme/app.bsky.feed.post/3mwlokz5wa22w","WFH","I remember doing some remote work on getting Walker recalled in 2011-2012. After the gerrymander, everyone just felt so hopeless and figured the state would be gone for decades/generations. For Democrats to be on the verge of recapturing the state leg is awesome","en",TRUE,"I remember doing some remote work on getting Walker recalled in 2011-2012. After the gerrymander, everyone just felt so hopeless and figured the state would be gone for decades/generations. For Democrats to be on the verge of recapturing the state leg is awesome",TRUE,"Included"
"at://did:plc:qod4op6sbrh6nnmuvkvz7l4i/app.bsky.feed.post/3mwln3sjnkk2t","WFH","Legitimately, this is good- I'd prefer backing for remote work as that would also reduce need for transport, but this is a good step forward.

The only fly in the ointment I can see, though: will the vehicles actually be owned by BfL or is this another rail ROSCO situation?","en",TRUE,"Legitimately, this is good- I'd prefer backing for remote work as that would also reduce need for transport, but this is a good step forward.

The only fly in the ointment I can see, though: will the vehicles actually be owned by BfL or is this another rail ROSCO situation?",TRUE,"Included"
"at://did:plc:4saocrkenrxczgpxcnnunacg/app.bsky.feed.post/3mwlmwy2eqh2w","WFH","https://www.theglobeandmail.com/business/commentary/article-remote-work-is-finally-ending-as-the-pandemic-era-fades/","ja",FALSE,"",FALSE,"Non-English or mixed language tags"
"at://did:plc:4saocrkenrxczgpxcnnunacg/app.bsky.feed.post/3mwlmwx5jyr2m","WFH","Opinion: Remote work is finally ending as the pandemic era fades","ja",FALSE,"Opinion: Remote work is finally ending as the pandemic era fades",FALSE,"Non-English or mixed language tags"
"at://did:plc:z6p2uptqo5tdnfqzic66x2s3/app.bsky.feed.post/3mwllpnryng2c","WFH","Today's #merrillmade intern is Maya Hand, who interned for the Washington Gardener Magazine. 

During her internship, she covered garden-related events across the DMV, reviewed a gardening book, wrote show notes for the magazine's podcast, GardenDC Podcast, and even did some gardening herself!","",FALSE,"Today's #merrillmade intern is Maya Hand, who interned for the Washington Gardener Magazine. 

During her internship, she covered garden-related events across the DMV, reviewed a gardening book, wrote show notes for the magazine's podcast, GardenDC Podcast, and even did some gardening herself!",FALSE,"Missing language tag"
"at://did:plc:otfqwq6scu65qd57c6oqthz2/app.bsky.feed.post/3mwll6brwds2i","WFH","Look, all I'm saying is there's a glut of depressed towns out in rural America that just need one town council to entice furries with cheap land, cheaper housing, reliable municipal broadband, remote work, and progressive social policies.

""Come here, be queer, live happily.""","en",TRUE,"Look, all I'm saying is there's a glut of depressed towns out in rural America that just need one town council to entice furries with cheap land, cheaper housing, reliable municipal broadband, remote work, and progressive social policies.

""Come here, be queer, live happily.""",TRUE,"Included"
"at://did:plc:44ff67k7r5rxi2crhp6n6g3n/app.bsky.feed.post/3mwlkyx54as2w","WFH","Applications for our 2027 spring internships are officially live. 👇

💻 Flexible, remote work schedule
💸 Paid positions
🤝 Ample networking + mentorship opportunities","en",TRUE,"Applications for our 2027 spring internships are officially live. 👇

💻 Flexible, remote work schedule
💸 Paid positions
🤝 Ample networking + mentorship opportunities",TRUE,"Included"
"at://did:plc:bxgndd5cko5zmeyvle2fga2z/app.bsky.feed.post/3mwlil7iudo2v","WFH","Work from the village with a 90% subsidy: What the new program for teleworking provides

The government is preparing a new subsidized employment program focusing on telework and the mountainous and remote areas of the country, as Prime Minister Kyriakos Mitsotakis said in his Sunday post. ""The…","",FALSE,"Work from the village with a 90% subsidy: What the new program for teleworking provides

The government is preparing a new subsidized employment program focusing on telework and the mountainous and remote areas of the country, as Prime Minister Kyriakos Mitsotakis said in his Sunday post. ""The…",FALSE,"Missing language tag"
"at://did:plc:w5rbiq2urwyft7wdt53wgwa5/app.bsky.feed.post/3mwlhxzoyai2t","WFH","Berazategui, Argentina, has a FIRE score of 84, yet the average internet speed is just 30 Mbps. If you are looking to retire early on a modest budget, the $240/month rent is incredible, but the limited digital infrastructure makes it a challenge for remote work. 

rewireabroad.com","",FALSE,"Berazategui, Argentina, has a FIRE score of 84, yet the average internet speed is just 30 Mbps. If you are looking to retire early on a modest budget, the $240/month rent is incredible, but the limited digital infrastructure makes it a challenge for remote work. 

",FALSE,"Missing language tag"
"at://did:plc:5y7k7i32xyo6ky3hshum3ubs/app.bsky.feed.post/3mwlhqverh22t","WFH","remote work is a solitary lifestyle even with local clients who did occaisionally include me in their corporate events. 

the funniest was a bbq with a larger concern when i, as Lazarus, sat down with Jesus (hispanic) and Moses.","en",TRUE,"remote work is a solitary lifestyle even with local clients who did occaisionally include me in their corporate events. 

the funniest was a bbq with a larger concern when i, as Lazarus, sat down with Jesus (hispanic) and Moses.",TRUE,"Included"
"at://did:plc:culwdjjj6z7w6vdxzn5vtwfp/app.bsky.feed.post/3mwlh67kaos2z","WFH","There is strong evidence to support this.  

You don’t really have to set foot out of your house anymore with remote work.  🤔😣","en",TRUE,"There is strong evidence to support this.  

You don't really have to set foot out of your house anymore with remote work.  🤔😣",TRUE,"Included"
"at://did:plc:f4yubmrbazvufmjs726gixeb/app.bsky.feed.post/3mwlh3gkbwc2w","WFH","hatte rr über ne kleine Weile remote work auf Sardinien nachgedacht, das ist jetzt natürlich politisch verbrannt.","de",FALSE,"hatte rr über ne kleine Weile remote work auf Sardinien nachgedacht, das ist jetzt natürlich politisch verbrannt.",FALSE,"Non-English or mixed language tags"
"at://did:plc:kuulasoayqvzsopj42n2tcdu/app.bsky.feed.post/3mwlfndzbr32g","WFH","Remote work hasn't just changed how we learn—it's transformed how Learning specialists develop their own skills. Discover which L&D capabilities are most valuable and how to master them without leaving home. 
.
.
.
.
.
.

➡️ Link: https://www.freshkit.co.uk/learning-and-development-specialist-essenti","",FALSE,"Remote work hasn't just changed how we learn—it's transformed how Learning specialists develop their own skills. Discover which L&D capabilities are most valuable and how to master them without leaving home. 
.
.
.
.
.
.

➡️ Link: ",FALSE,"Missing language tag"
"at://did:plc:e3wmowrtxvy2iwlgzagsamqp/app.bsky.feed.post/3mwlevjewkc2n","WFH","Wow our Charlotte office is implementing a one day remote work schedule because of gas prices","en",TRUE,"Wow our Charlotte office is implementing a one day remote work schedule because of gas prices",TRUE,"Included"
"at://did:plc:qj5kouq37bszurdhhcknmy35/app.bsky.feed.post/3mwlcr75eik2p","WFH","Remote work is such an integral piece to both mothers and people who are disabled earning (at least part!) of an income that every single article that celebrates its demise should have to meaningfully address it. 

This one does not.

www.theglobeandmail.com/business/com...","en",TRUE,"Remote work is such an integral piece to both mothers and people who are disabled earning (at least part!) of an income that every single article that celebrates its demise should have to meaningfully address it. 

This one does not.

",TRUE,"Included"
"at://did:plc:walmpgcg2pizdfdh2v6hif6e/app.bsky.feed.post/3mwlbnl5uqk2y","WFH","Was remote before, am remote now.

www.theglobeandmail.com/business/com...","en",TRUE,"Was remote before, am remote now.

",TRUE,"Included"
"at://did:plc:mk7rjzk2qxpn5miqi5g5dr22/app.bsky.feed.post/3mwlatfxze22t","WFH","Oh vile. When I did nothing but remote work I got nothing like this. I’m hoping it’s something and nothing. But if I cough blood again I might visit the doctor.","en",TRUE,"Oh vile. When I did nothing but remote work I got nothing like this. I'm hoping it's something and nothing. But if I cough blood again I might visit the doctor.",TRUE,"Included"
"at://did:plc:3h53uasc3a6ddi4oeu2rolye/app.bsky.feed.post/3mwl6abxorc2i","WFH","And one more #Cornell7 Frat Pig, Matthew Ingalls reportedly had his contract terminated at Data Annotation Tech, a Remote Work Platform and Tech Company. 

Good. 

6/6 for now. 

@cornelluniversity.bsky.social","en",TRUE,"And one more #Cornell7 Frat Pig, Matthew Ingalls reportedly had his contract terminated at Data Annotation Tech, a Remote Work Platform and Tech Company. 

Good. 

6/6 for now. 

@",TRUE,"Included"
"at://did:plc:e4u54qyttweg6cjegdvv5ska/app.bsky.feed.post/3mwl2mfjzul2t","WFH","Mobile Developer Senior - SAIC - Ashburn, Virginia, United States","en",TRUE,"Mobile Developer Senior - SAIC - Ashburn, Virginia, United States",TRUE,"Included"
"at://did:plc:nwow6q52xrdlhpmkcnuqa3ib/app.bsky.feed.post/3mwkxdwnyz325","WFH","Remote work is finally ending as the pandemic era fades

The latest from the Globe's business commentary, by John Turley-Ewart: www.theglobeandmail.com/business/com...","",FALSE,"Remote work is finally ending as the pandemic era fades

The latest from the Globe's business commentary, by John Turley-Ewart: ",FALSE,"Missing language tag"
"at://did:plc:bltwj7bkmd473z4riuefmqbb/app.bsky.feed.post/3mwkvjrfg4c2e","WFH","Remote work is great until scattered tasks, meetings, and time zones take over
The Remote Work Daily OS helps you plan priorities, protect deep work, track tasks, and manage handoffs
 Guide: akdigitalofficial.blogspot.com/2026/09/remo...
 Notion Template: foremost-dog-769.notion.site/Remote-Work-...","en",TRUE,"Remote work is great until scattered tasks, meetings, and time zones take over
The Remote Work Daily OS helps you plan priorities, protect deep work, track tasks, and manage handoffs
 Guide: 
 Notion Template: ",TRUE,"Included"
"at://did:plc:fqg2krki2lw3b6rex2jtrkos/app.bsky.feed.post/3mwkmxjhgk22q","WFH","Is AI increasing unemployment among US college graduates. There is no evidence for it yet. But some suggestive evidence that the interaction between AI and remote work is having an effect. (This supports existing evidence). www.nber.org/papers/w3579...","en",TRUE,"Is AI increasing unemployment among US college graduates. There is no evidence for it yet. But some suggestive evidence that the interaction between AI and remote work is having an effect. (This supports existing evidence). ",TRUE,"Included"
"at://did:plc:eo2kwzeho53zj5mk5g3ewl64/app.bsky.feed.post/3mwkjcubdgk2u","WFH","New update:

Got a new job apart from my last one which means remote work, which is mega hot, and more pay, so vary nice.

Gear is mostly done. Will be making a telegram channel on stuff for people that don't want the social filters of YouTube censorship.

And good to be back! Yuss~","en",TRUE,"New update:

Got a new job apart from my last one which means remote work, which is mega hot, and more pay, so vary nice.

Gear is mostly done. Will be making a telegram channel on stuff for people that don't want the social filters of YouTube censorship.

And good to be back! Yuss~",TRUE,"Included"
"at://did:plc:v3yyjchufbsnkglfiniqt64z/app.bsky.feed.post/3mwjrikdydk2u","WFH","What should the baseline be? IMO:

Vaccines should be mandatory unless you have a doctor's note. (Don't like it: move to the woods)

Masking indoors should be mandatory in the winter unless/until we create robust ventilation and filtration. Opportunity for remote work here as well.","en",TRUE,"What should the baseline be? IMO:

Vaccines should be mandatory unless you have a doctor's note. (Don't like it: move to the woods)

Masking indoors should be mandatory in the winter unless/until we create robust ventilation and filtration. Opportunity for remote work here as well.",TRUE,"Included"
"at://did:plc:7o2t3kb5aake3ytcchocklgh/app.bsky.feed.post/3mwjlof5cmk2u","WFH","Hiring South African remote staff costs less than expected.

Virtual Staff South Africa lets you post jobs free. 

Reach qualified, English-speaking SA professionals ready for remote work. 
No agency fees.

#RemoteHiring #SouthAfrica","en",TRUE,"Hiring South African remote staff costs less than expected.

Virtual Staff South Africa lets you post jobs free. 

Reach qualified, English-speaking SA professionals ready for remote work. 
No agency fees.

#RemoteHiring #SouthAfrica",TRUE,"Included"
"at://did:plc:57lsgxe654jymwynxj2vfjq6/app.bsky.feed.post/3mwjlgmn3cc24","WFH","Build a remote-work portfolio in 7 days: choose one target role, study 10 real postings, create two relevant samples, explain your process, and tailor each application. Clearly label simulated work—it demonstrates skill, not paid client experience.","en",TRUE,"Build a remote-work portfolio in 7 days: choose one target role, study 10 real postings, create two relevant samples, explain your process, and tailor each application. Clearly label simulated work—it demonstrates skill, not paid client experience.",TRUE,"Included"
"at://did:plc:57lsgxe654jymwynxj2vfjq6/app.bsky.feed.post/3mwjk23rjiq26","WFH","No remote-work experience? Build proof this weekend: write a sample support response, create a task tracker, and draft a project update. Show your process, package the work clearly, and label fictional work honestly as a “sample project.”","en",TRUE,"No remote-work experience? Build proof this weekend: write a sample support response, create a task tracker, and draft a project update. Show your process, package the work clearly, and label fictional work honestly as a “sample project.”",TRUE,"Included"
"at://did:plc:e6byc4dg6hnphwb27k6wyoey/app.bsky.feed.post/3mwjhjkydjc2s","WFH","I literally thought I was going to have to fight my way out of a walk in freezer with a box cutter while closing once. I've dealt with creeps and stalkers, and just bullies. And remote work is a fuckin relief compared to all that.","en",TRUE,"I literally thought I was going to have to fight my way out of a walk in freezer with a box cutter while closing once. I've dealt with creeps and stalkers, and just bullies. And remote work is a fuckin relief compared to all that.",TRUE,"Included"
"at://did:plc:6g6dcpv3damuypskj4k2pfyq/app.bsky.feed.post/3mwjggmfqr224","WFH","I will admit that this is a possibly conspiratorial take here: Woman being safer due to online school and remote work was probably a strong contributor to both those things being swiftly killed by management.","en",TRUE,"I will admit that this is a possibly conspiratorial take here: Woman being safer due to online school and remote work was probably a strong contributor to both those things being swiftly killed by management.",TRUE,"Included"
"at://did:plc:c6k2ozisr2bbitsafwwyistf/app.bsky.feed.post/3mwjg5jgcws2q","WFH","women were safer during online school AND REMOTE WORK. 

as it turns out, not having to pretend to forget something to avoid being in an elevator alone with That Guy at work does wonders for women’s psychological and physical safety!!!","en",TRUE,"women were safer during online school AND REMOTE WORK. 

as it turns out, not having to pretend to forget something to avoid being in an elevator alone with That Guy at work does wonders for women's psychological and physical safety!!!",TRUE,"Included"
"at://did:plc:apohfz4tqb3j4lixofk4ywkd/app.bsky.feed.post/3mwjdgt2rms2l","WFH","$180 B4 TOMORROW AM ROOM + FOOD/MEDS URGENT
~$750 B4 tomorrow am does a full week room rent + food & meds

Tati's disabled, chronically ill, bedridden, homeless. 75 ppl $10 each gives her a breather as she tries to recover enough for remote work.

Pls RS/QS. Pls do what you can. #HelpFolksLive2026","en",TRUE,"$180 B4 TOMORROW AM ROOM + FOOD/MEDS URGENT
~$750 B4 tomorrow am does a full week room rent + food & meds

Tati's disabled, chronically ill, bedridden, homeless. 75 ppl $10 each gives her a breather as she tries to recover enough for remote work.

Pls RS/QS. Pls do what you can. #HelpFolksLive2026",TRUE,"Included"
"at://did:plc:knmrg7m2op7czoamiofzegxe/app.bsky.feed.post/3mwjbww6gt22l","WFH","Maximum remote work - for sanity and to save the planet.","en",TRUE,"Maximum remote work - for sanity and to save the planet.",TRUE,"Included"
"at://did:plc:nnq6o3pyroeydpwcj4saxqpx/app.bsky.feed.post/3mwj7jzlvz225","WFH","never going back into an office, remote work is where its at","en",TRUE,"never going back into an office, remote work is where its at",TRUE,"Included"
"at://did:plc:vzujnr4e673a32k7ndisjnnm/app.bsky.feed.post/3mwj25d27gd2e","WFH","“Open for remote work” leaves one useful question unanswered: what role should someone contact you about? Adding a target title turns availability into a hiring signal.","en",TRUE,"“Open for remote work” leaves one useful question unanswered: what role should someone contact you about? Adding a target title turns availability into a hiring signal.",TRUE,"Included"
"at://did:plc:7elj6kfeolayx4yha4va5rut/app.bsky.feed.post/3mwizzb2ja22m","WFH","Remote viewing while I remote work this flashing conundrum","en",TRUE,"Remote viewing while I remote work this flashing conundrum",TRUE,"Included"
"at://did:plc:4i257d4kttcuwtfips5qfjf7/app.bsky.feed.post/3mwiyianjes2h","WFH","Historically, people worked closer to their homes. We now have a modern version of that with remote work that could help with congestion but our anti-worker leaders won’t do that. They want vibrant downtowns that are filled with cars and where people can’t afford to live.","en",TRUE,"Historically, people worked closer to their homes. We now have a modern version of that with remote work that could help with congestion but our anti-worker leaders won't do that. They want vibrant downtowns that are filled with cars and where people can't afford to live.",TRUE,"Included"
"at://did:plc:jlf6u3amiq5qgpwtiyedp7os/app.bsky.feed.post/3mwiyfwm6n22f","WFH","61% of U.S. employees with remote-capable jobs prefer hybrid work, and 33% prefer fully remote work, with multiple roles offering $72,000+ salaries.
","",FALSE,"61% of U.S. employees with remote-capable jobs prefer hybrid work, and 33% prefer fully remote work, with multiple roles offering $72,000+ salaries.
",FALSE,"Missing language tag"
"at://did:plc:v3ibuyjiqc64nckrgcybis2l/app.bsky.feed.post/3mwiy6bfmap2z","WFH","61% of U.S. employees with remote-capable jobs prefer hybrid work, and 33% prefer fully remote work, with multiple roles offering $72,000+ salaries.
","",FALSE,"61% of U.S. employees with remote-capable jobs prefer hybrid work, and 33% prefer fully remote work, with multiple roles offering $72,000+ salaries.
",FALSE,"Missing language tag"
"at://did:plc:3nzwkovyu6mesikjdzljksxg/app.bsky.feed.post/3mwixe372vs2u","WFH","Hot, funny, capable, unemployed, rotting like a living corpse, open for remote work","en",TRUE,"Hot, funny, capable, unemployed, rotting like a living corpse, open for remote work",TRUE,"Included"
"at://did:plc:6uqqv7asv2xsxwn224tyexng/app.bsky.feed.post/3mwiuvbcnt22w","WFH","If you want a decent read at how Citrix became Shitrix, Bloomberg has this profile of CEO Tom Kruase, a private equity businessman who by all accounts doesn't seem to know what he's doing... unless that is, stripmining companies for parts at the expense of their customers' cybersecurity.","en",TRUE,"If you want a decent read at how Citrix became Shitrix, Bloomberg has this profile of CEO Tom Kruase, a private equity businessman who by all accounts doesn't seem to know what he's doing... unless that is, stripmining companies for parts at the expense of their customers' cybersecurity.",TRUE,"Included"
"at://did:plc:2ow4s6cci5ylwwdedvx3qtkx/app.bsky.feed.post/3mwirgurjgj2n","WFH","リモートワークを続けるためにやるべきこと - モヒカン技術ブログ
https://blog.pinkumohikan.com/entry/for-continuing-to-remote-work","",FALSE,"リモートワークを続けるためにやるべきこと - モヒカン技術ブログ
",FALSE,"Missing language tag"
"at://did:plc:4pk4pp32no564nxalqnffrq2/app.bsky.feed.post/3mwipxhw52w24","WFH","Sangamon County ranks eighth in Illinois for remote work","",FALSE,"Sangamon County ranks eighth in Illinois for remote work",FALSE,"Missing language tag"
"at://did:plc:5i3ilwod3k4lcn4tdskko3kx/app.bsky.feed.post/3mwik57ncbb2a","WFH","🚀 New Remote Job Alert!
💼 Position: Senior Project Manager (Project Manager 3) Remote Work
🏢 Company: State of Oregon
🌍 Location: USA
📁 Category: Project Management
#RemoteJobs #RemoteWork #WorkFromHome #Hiring #JobOpportunity
Apply now: https://www.remote-work.app/job/state-of-oregon-senior-pr","",FALSE,"🚀 New Remote Job Alert!
💼 Position: Senior Project Manager (Project Manager 3) Remote Work
🏢 Company: State of Oregon
🌍 Location: USA
📁 Category: Project Management
#RemoteJobs #RemoteWork #WorkFromHome #Hiring #JobOpportunity
Apply now: ",FALSE,"Missing language tag"
"at://did:plc:ju5bw6oir4uolg6bebaqwq3y/app.bsky.feed.post/3mwidkdeuv62y","WFH","⚡ Remote 1136 – Admin assistant at GoFasti.
✅ Apply here: https://jobicy.com/jobs/151893-1136-admin-assistant

#RemoteJobs #RemoteWork #NowHiring #CareerOpportunity #JobOpportunity","",FALSE,"⚡ Remote 1136 – Admin assistant at GoFasti.
✅ Apply here: 

#RemoteJobs #RemoteWork #NowHiring #CareerOpportunity #JobOpportunity",FALSE,"Missing language tag"
"at://did:plc:6en6mlzmxzomsxdcrll4xhuw/app.bsky.feed.post/3mwicy4uy622f","WFH","bluesky i desperately need a job. i’m disabled, i’m homeless, i just need remote work, i don’t care what it is. i’ve run my own business! i’ve sold for fortune 50 companies! i got salesforce admin certified! i’m really good at lots of things! i’ll take entry level!","en",TRUE,"bluesky i desperately need a job. i'm disabled, i'm homeless, i just need remote work, i don't care what it is. i've run my own business! i've sold for fortune 50 companies! i got salesforce admin certified! i'm really good at lots of things! i'll take entry level!",TRUE,"Included"
"at://did:plc:2zhz2itinhf7znvpb7ifwkxf/app.bsky.feed.post/3mwht7svq3c2q","WFH","If I was working would it make a difference in moving?
Or would I be still stuck here? I mean it'd be in Texas.
Not Pennsylvania. I wouldn't be able to take it with me unless I transfer. And that's not a guarantee I'd be able too. Nor is there a guarantee I'd get remote work? I mean.  So...","en",TRUE,"If I was working would it make a difference in moving?
Or would I be still stuck here? I mean it'd be in Texas.
Not Pennsylvania. I wouldn't be able to take it with me unless I transfer. And that's not a guarantee I'd be able too. Nor is there a guarantee I'd get remote work? I mean.  So...",TRUE,"Included"
"at://did:plc:zlkbi3tbcbkhnulrjlsl7og4/app.bsky.feed.post/3mwhpbmoryl2d","WFH","The best city for remote work isn’t the cheapest—it’s the one that fits your taxes, climate, and neighborhood needs. URCity city guides evaluate remote work readiness alongside cost of living and home prices, so you can compare beyond the headline number. Get neighborhood-level context...","",FALSE,"The best city for remote work isn't the cheapest—it's the one that fits your taxes, climate, and neighborhood needs. URCity city guides evaluate remote work readiness alongside cost of living and home prices, so you can compare beyond the headline number. Get neighborhood-level context...",FALSE,"Missing language tag"
"at://did:plc:a4rfeaxezdyanlcl3zx3g7sb/app.bsky.feed.post/3mwhod4shnk2d","WFH","It feels like, with the widespread adoption of cloud computing, and especially remote work, that LDAP would have gone the way of IPv4; used still in some hybrid setups but mostly discarded in favor of protocols that are better suited to crossing network boundaries.","en",TRUE,"It feels like, with the widespread adoption of cloud computing, and especially remote work, that LDAP would have gone the way of IPv4; used still in some hybrid setups but mostly discarded in favor of protocols that are better suited to crossing network boundaries.",TRUE,"Included"
"at://did:plc:4gnprleup4worvbsdzqpzg2h/app.bsky.feed.post/3mwhmr2rohp2e","WFH","Hiring and Onboarding Remote Talent

The shift to remote work has fundamentally transformed the talent landscape for small businesses. While larger corpor...

https://peakworkflow.1450enterprises.com/hiring-and-onboarding-remote-talent/","",FALSE,"Hiring and Onboarding Remote Talent

The shift to remote work has fundamentally transformed the talent landscape for small businesses. While larger corpor...

",FALSE,"Missing language tag"
"at://did:plc:j74sld36nk4jgbdca3zxh6j7/app.bsky.feed.post/3mwhkmm2vwk24","WFH","How is an abandoned home in Detroit or rural Oklahoma helping unhoused or house poor person on the West Coast... especially when the jobs are where the houses are lacking? Most employment is not remote work.","en",TRUE,"How is an abandoned home in Detroit or rural Oklahoma helping unhoused or house poor person on the West Coast... especially when the jobs are where the houses are lacking? Most employment is not remote work.",TRUE,"Included"
"at://did:plc:zh3za3pro73lishw5veqvmgk/app.bsky.feed.post/3mwhhhbt7an2e","WFH","I packed light, but lost the washer before I could refresh my clothes

Wifi lost me half a week's opportunity to remote work, play WOW, or download audiobooks for the drive

At least the nail I stepped on went into the thick heel of my boot, not into my actual stabbable flesh","en",TRUE,"I packed light, but lost the washer before I could refresh my clothes

Wifi lost me half a week's opportunity to remote work, play WOW, or download audiobooks for the drive

At least the nail I stepped on went into the thick heel of my boot, not into my actual stabbable flesh",TRUE,"Included"
"at://did:plc:lxnfh7tdrml4sfln7cs7uyil/app.bsky.feed.post/3mwhc4olcos2p","WFH","www.straitstimes.com/asia/austral...","en",TRUE,"",FALSE,"No retained English word tokens"
"at://did:plc:ztmxujukvbadb3yisdciizx6/app.bsky.feed.post/3mwh5mop3yc2h","WFH","""Automating two thirds of all tasks by 2035"" is the impossible future being sold to humanity by AI hyperscalers. thenextrecession.wordpress.com/2026/09/26/a...","en",TRUE,"""Automating two thirds of all tasks by 2035"" is the impossible future being sold to humanity by AI hyperscalers. ",TRUE,"Included"
"at://did:plc:qjskrvpbr3ol2w4pqpabhpyk/app.bsky.feed.post/3mwh2aai6z22u","WFH","Remote work 😂
Die haben doch sicher Teams 😬","de",FALSE,"Remote work 😂
Die haben doch sicher Teams 😬",FALSE,"Non-English or mixed language tags"
"at://did:plc:e6byc4dg6hnphwb27k6wyoey/app.bsky.feed.post/3mwgztggx4s24","WFH","Work is dragging ass today. I'm grateful for work and remote work at that but I WANT TO BE IN THE BED","en",TRUE,"Work is dragging ass today. I'm grateful for work and remote work at that but I WANT TO BE IN THE BED",TRUE,"Included"
"at://did:plc:4mb7nvaoadf463gw3pt2mykj/app.bsky.feed.post/3mwgxlvk4622s","WFH","ATTENTION CALIFORNIAN WORKERS.

Your state requires that you cease your remote work at once and return to your offices.","en",TRUE,"ATTENTION CALIFORNIAN WORKERS.

Your state requires that you cease your remote work at once and return to your offices.",TRUE,"Included"
"at://did:plc:u7xbbbsj5oodr6btxe4a4nnu/app.bsky.feed.post/3mwgwkhumg22u","WFH","If you are looking for great remote work to make some extra cash, check out Mercor.
Lots of Excellent High-Paying Jobs & Opportunities!
Good Luck!
work.mercor.com?referralCode...","en",TRUE,"If you are looking for great remote work to make some extra cash, check out Mercor.
Lots of Excellent High-Paying Jobs & Opportunities!
Good Luck!
",TRUE,"Included"
"at://did:plc:pspfdtg2wl6fzrrh2qwwbj6t/app.bsky.feed.post/3mwgwidz26k2z","WFH","The office is for larping as productive and schmoozing.

Remote work is where productivity has always flourished.","en",TRUE,"The office is for larping as productive and schmoozing.

Remote work is where productivity has always flourished.",TRUE,"Included"
"at://did:plc:spvpf5gtk2n4gxhqifjdlj2o/app.bsky.feed.post/3mwguhzvip6u2","WFH","Without BART, the Bay Area would be a totally different place (and not in a good way). It was so successful that fares were enough to pay the bills. After COVID and the dawn of remote work, ridership went down.

Now there's a 0.5% sales tax proposal to subsidize it. But this is a tax on those […]","en",TRUE,"Without BART, the Bay Area would be a totally different place (and not in a good way). It was so successful that fares were enough to pay the bills. After COVID and the dawn of remote work, ridership went down.

Now there's a 0.5% sales tax proposal to subsidize it. But this is a tax on those […]",TRUE,"Included"
"at://did:plc:25b36seb5gr2eyhsvx4ngtij/app.bsky.feed.post/3mwgrfopz722v","WFH","#NowHiring: #Remote #CustomerServiceRepresentative – $30/Hour - #Customer #Service & #CallCenter #Employment - #Austin, TX at #Geebo

Texas Real Energy Ltd. is currently seeking a Customer Service Representative in a remote work-from-home position.

geebo.com/jobs-online/...","en",TRUE,"#NowHiring: #Remote #CustomerServiceRepresentative – $30/Hour - #Customer #Service & #CallCenter #Employment - #Austin, TX at #Geebo

Texas Real Energy Ltd. is currently seeking a Customer Service Representative in a remote work-from-home position.

",TRUE,"Included"
"at://did:plc:6ntdebolqjiyjble7hlqaynz/app.bsky.feed.post/3mwgr7xum3c25","WFH","Ohh and... if you noticed a new logo, that's because we have a fully new design 😉

remotegamejobs.com","en",TRUE,"Ohh and... if you noticed a new logo, that's because we have a fully new design 😉

",TRUE,"Included"
"at://did:plc:apohfz4tqb3j4lixofk4ywkd/app.bsky.feed.post/3mwgr7kpx5c2e","WFH","$180 RN URGENT KEEP TATI SAFE INDOORS W/ FOOD & MEDS TODAY & TOMOROW.

Disabled. Chronically ill. Bedridden. Homeless. Trying to recover enough to do remote work. 18 ppl $10 each TODAY is good. 75 ppl $10 each keeps Tati safe for a week.

Pls RS/QS. Pls do what you can. #HelpFolksLive2026","en",TRUE,"$180 RN URGENT KEEP TATI SAFE INDOORS W/ FOOD & MEDS TODAY & TOMOROW.

Disabled. Chronically ill. Bedridden. Homeless. Trying to recover enough to do remote work. 18 ppl $10 each TODAY is good. 75 ppl $10 each keeps Tati safe for a week.

Pls RS/QS. Pls do what you can. #HelpFolksLive2026",TRUE,"Included"
"at://did:plc:o26qcn5frzir2sspixjcffw4/app.bsky.feed.post/3mwgr4fwaic2s","WFH","LINKS:
dinnerkun.itch.io/workfromhome
www.deviantart.com/dinner-kun/s...","en",TRUE,"LINKS:

",TRUE,"Included"
"at://did:plc:va2kqesvejx4tlf6kowevcv4/app.bsky.feed.post/3mwgnxjlvvp2r","WFH","Meta’s latest glasses demo puts a virtual meeting guest directly in your space.

It is a striking idea for remote work.

Now it has to prove that a hologram can make communication more useful, not merely more futuristic.","",FALSE,"Meta's latest glasses demo puts a virtual meeting guest directly in your space.

It is a striking idea for remote work.

Now it has to prove that a hologram can make communication more useful, not merely more futuristic.",FALSE,"Missing language tag"
"at://did:plc:5ut7fadlujayt2jdrilaumxb/app.bsky.feed.post/3mwgl3dhvze2s","WFH","I'm starting to think that a lot of the anti-car people are actually just urbanists who want us all crammed into ant farm arcologies.

Remote work, including remote control of robots, means people can and should have the option to live out in the sticks if they want. Even if they're not farming.","en",TRUE,"I'm starting to think that a lot of the anti-car people are actually just urbanists who want us all crammed into ant farm arcologies.

Remote work, including remote control of robots, means people can and should have the option to live out in the sticks if they want. Even if they're not farming.",TRUE,"Included"
"at://did:plc:577bvrkh47lv2ncdef3wxrbo/app.bsky.feed.post/3mwgknoa7bv2c","WFH","Experienced specialists: Mercor lists remote project work in software, finance, science, law & more. Explore: https://t.mercor.com/SxBu9
Disclosure: my referral link. I may earn 20% of a qualifying hire’s eligible earnings, up to program cap. Requirements vary.","en",TRUE,"Experienced specialists: Mercor lists remote project work in software, finance, science, law & more. Explore: 
Disclosure: my referral link. I may earn 20% of a qualifying hire's eligible earnings, up to program cap. Requirements vary.",TRUE,"Included"
"at://did:plc:d62apu332b26irmacclm3ba5/app.bsky.feed.post/3mwgklpavfs2x","WFH","Hilarious that some of you are still having the remote work vs in person argument. I drink whatever the fuck I want at my desk in my basement. I smoke cigars in the office I rent.","en",TRUE,"Hilarious that some of you are still having the remote work vs in person argument. I drink whatever the fuck I want at my desk in my basement. I smoke cigars in the office I rent.",TRUE,"Included"
"at://did:plc:htz32xsglzodzeeh7hfecji7/app.bsky.feed.post/3mwgk65a5xc2g","WFH","Neighbor is doing construction next door. Noise is about to freak me out. I’d go for a walk but I’m stuck doing remote work.","en",TRUE,"Neighbor is doing construction next door. Noise is about to freak me out. I'd go for a walk but I'm stuck doing remote work.",TRUE,"Included"
"at://did:plc:56oe4lt3sbgdhpbbf6bntsxa/app.bsky.feed.post/3mwgjubuakc2g","WFH","at least in some cases capital would rather fail than give up any leverage. they’re trying to claw back the autonomy gained from remote work during the pandemic. It’s easier to just keep the positions open and overwork the existing staff because where can we go that isn’t also doing it?","en",TRUE,"at least in some cases capital would rather fail than give up any leverage. they're trying to claw back the autonomy gained from remote work during the pandemic. It's easier to just keep the positions open and overwork the existing staff because where can we go that isn't also doing it?",TRUE,"Included"
"at://did:plc:ejrwi7dqujhvuek3psdqgco4/app.bsky.feed.post/3mwgjqmxo6o2x","WFH","Remote work is a suboptimal workflow paradigm.  On-site colocation fosters synergy,  accelerates KPI achievement and maximizes employee engagement through  tangible  bio-chemical bonding.","en",TRUE,"Remote work is a suboptimal workflow paradigm.  On-site colocation fosters synergy,  accelerates KPI achievement and maximizes employee engagement through  tangible  bio-chemical bonding.",TRUE,"Included"
"at://did:plc:wzjhgimzc75wc5mun4femxlf/app.bsky.feed.post/3mwghuh7fqk2w","WFH","How do I get one of those fake gay jobs where I get paid 80k to do 10 hours of remote work a week?","en",TRUE,"How do I get one of those fake gay jobs where I get paid 80k to do 10 hours of remote work a week?",TRUE,"Included"
"at://did:plc:apohfz4tqb3j4lixofk4ywkd/app.bsky.feed.post/3mwggrrnszs2e","WFH","$70/day room rent + ~$50/day food & meds
$435/week room rent + ~$300/week food & meds

Tati's disabled, chronically ill, bedridden, & homeless. She's trying to recover enough for remote work. 74 ppl $10 each keeps her safe for a week.

Pls RS/QS. Pls do what you can. #HelpFolksLive2026","en",TRUE,"$70/day room rent + ~$50/day food & meds
$435/week room rent + ~$300/week food & meds

Tati's disabled, chronically ill, bedridden, & homeless. She's trying to recover enough for remote work. 74 ppl $10 each keeps her safe for a week.

Pls RS/QS. Pls do what you can. #HelpFolksLive2026",TRUE,"Included"
"at://did:plc:jxoq3wrp2tnwcflmg7wyhpxf/app.bsky.feed.post/3mwgdmq4kis2q","WFH","These drink-judging freaks are the same sort that demand people drive to the office to do remote work.","en",TRUE,"These drink-judging freaks are the same sort that demand people drive to the office to do remote work.",TRUE,"Included"
"at://did:plc:2id23shbfcpcf222w2uc2gtg/app.bsky.feed.post/3mwgaqkgmxk2r","WFH","With gasoline shortages expected, one way to ease consumption is to return to remote work. Would MAGA accept that?","en",TRUE,"With gasoline shortages expected, one way to ease consumption is to return to remote work. Would MAGA accept that?",TRUE,"Included"
"at://did:plc:ju5bw6oir4uolg6bebaqwq3y/app.bsky.feed.post/3mwg5q57iaa2j","WFH","⚡ Remote Machine Learning Engineer at ManTech.
✅ Apply here: https://jobicy.com/jobs/144376-machine-learning-engineer-3

#RemoteJobs #RemoteDeveloper #SoftwareEngineering #DeveloperJobs #RemoteWork","",FALSE,"⚡ Remote Machine Learning Engineer at ManTech.
✅ Apply here: 

#RemoteJobs #RemoteDeveloper #SoftwareEngineering #DeveloperJobs #RemoteWork",FALSE,"Missing language tag"
"at://did:plc:ttbn4qzwyc7a3by7uy4ngcgd/app.bsky.feed.post/3mwg5jdxusx2s","WFH","we've all sat through the meeting where someone could've just sent a slack… https://softwearsayings.com/products/unisex-staple-eco-t-shirt-bella-canvas-3001eco-remote-work-this-could-have-been-an-email?utm_source=bluesky&utm_medium=social&utm_campaign=scheduled&utm_content=441-760 #softwearsayings","",FALSE,"we've all sat through the meeting where someone could've just sent a slack…  #softwearsayings",FALSE,"Missing language tag"
"at://did:plc:bltwj7bkmd473z4riuefmqbb/app.bsky.feed.post/3mwg25w3plk2c","WFH","Looking for remote work in AI or QA? 💻
This week's roundup covers:
• AI Safety Expert roles
• micro1 AI training positions
• Quality Analyst & Audiobook QA contracts
• Language jobs & resume prep tips
Read the guide:
akdigitalofficial.blogspot.com/2026/09/remo...","en",TRUE,"Looking for remote work in AI or QA? 💻
This week's roundup covers:
• AI Safety Expert roles
• micro1 AI training positions
• Quality Analyst & Audiobook QA contracts
• Language jobs & resume prep tips
Read the guide:
",TRUE,"Included"
"at://did:plc:u7xbbbsj5oodr6btxe4a4nnu/app.bsky.feed.post/3mwfwhzfu2c2c","WFH","If you are looking for great remote work to make some extra cash, check out Mercor.
Lots of Amazing High-Paying Jobs & Opportunities!
Good Luck!
work.mercor.com?referralCode...","en",TRUE,"If you are looking for great remote work to make some extra cash, check out Mercor.
Lots of Amazing High-Paying Jobs & Opportunities!
Good Luck!
",TRUE,"Included"
"at://did:plc:7smluzjewok4a6ryf67yeh55/app.bsky.feed.post/3mwfrde7eao2i","WFH","Remote Work: Close old remote sessions when you are done. Leaving them hanging is how yesterday’s task becomes today’s weird little access mystery.","",FALSE,"Remote Work: Close old remote sessions when you are done. Leaving them hanging is how yesterday's task becomes today's weird little access mystery.",FALSE,"Missing language tag"
"at://did:plc:4dyns4mqtqs6hmxkaxx6ktr2/app.bsky.feed.post/3mwfpmlswoc26","WFH","Veterans Administration therapists forced to provide mental health counseling in open cubicles
open.substack.com/pub/populari...","en",TRUE,"Veterans Administration therapists forced to provide mental health counseling in open cubicles
",TRUE,"Included"
"at://did:plc:7o2t3kb5aake3ytcchocklgh/app.bsky.feed.post/3mwfmbixil42c","WFH","Recruiters can now post South African remote jobs free.

Virtual Staff South Africa connects you directly to active, English-speaking SA candidates looking for remote work. 

☑️Unlimited postings. 
☑️Zero cost.

#Recruitment #RemoteWorkSA","en",TRUE,"Recruiters can now post South African remote jobs free.

Virtual Staff South Africa connects you directly to active, English-speaking SA candidates looking for remote work. 

☑️Unlimited postings. 
☑️Zero cost.

#Recruitment #RemoteWorkSA",TRUE,"Included"
"at://did:plc:lledbzywvdnzn2hb5m2gtb6f/app.bsky.feed.post/3mwfk5ljrcs2p","WFH","Hahaha, I have so much fabric to wash now. Don't know if this will be an all-nighter, but my bedtime will probably be 3am.

That's fine. I'm not going back to in-office work until after October. And never, if the current remote work holds steady.

I really *like* not being depressed on Sundays.","en",TRUE,"Hahaha, I have so much fabric to wash now. Don't know if this will be an all-nighter, but my bedtime will probably be 3am.

That's fine. I'm not going back to in-office work until after October. And never, if the current remote work holds steady.

I really *like* not being depressed on Sundays.",TRUE,"Included"
"at://did:plc:7huy4ev4yt6srcybrbpyf2es/app.bsky.feed.post/3mwfdmvfjow2c","WFH","California requires reimbursement for necessary business expenses when remote work is required — think internet, equipment, software. You're also still entitled to breaks and overtime, and still protected from discrimination and retaliation.","",FALSE,"California requires reimbursement for necessary business expenses when remote work is required — think internet, equipment, software. You're also still entitled to breaks and overtime, and still protected from discrimination and retaliation.",FALSE,"Missing language tag"
"at://did:plc:v5kkahdixvls26adlf2evjo7/app.bsky.feed.post/3mwfdbu37e22e","WFH","An American friend was very indignant that their Victorian colleague (remote work) got the Friday off despite no Victorian team playing in the final.","en",TRUE,"An American friend was very indignant that their Victorian colleague (remote work) got the Friday off despite no Victorian team playing in the final.",TRUE,"Included"
"at://did:plc:6srbpsedtw63wrj4vwaarpny/app.bsky.feed.post/3mwfbn6w6rc25","WFH","“Bushby’s exploits have coincided with growing demand for a particular kind of extreme travel. A burgeoning corps of obsessive globetrotters are redefining long-distance adventure in an age of digital visas, remote work and social media.”","en",TRUE,"“Bushby's exploits have coincided with growing demand for a particular kind of extreme travel. A burgeoning corps of obsessive globetrotters are redefining long-distance adventure in an age of digital visas, remote work and social media.”",TRUE,"Included"
"at://did:plc:thcz5zwlgps2dpvag3fbp7mi/app.bsky.feed.post/3mwf2lzgzik2q","WFH","I'm also wondering how many in-person interviews happen these days? It's been a long time since I've been on either end of one, but that may be a skewed sample since I've done a lot of remote work and/or interviewed remote people.","en",TRUE,"I'm also wondering how many in-person interviews happen these days? It's been a long time since I've been on either end of one, but that may be a skewed sample since I've done a lot of remote work and/or interviewed remote people.",TRUE,"Included"
"at://did:plc:fscesytji4j5xookwdn5n7mm/app.bsky.feed.post/3mwexnkt5pc2c","WFH","Remote work should be promoted instead of approving regressive transit tax measures, and voters should reject additional transportation funding.
","",FALSE,"Remote work should be promoted instead of approving regressive transit tax measures, and voters should reject additional transportation funding.
",FALSE,"Missing language tag"
"at://did:plc:ihl667oyujekuvexdhtgwvc5/app.bsky.feed.post/3mwexniytol2r","WFH","Remote work should be promoted instead of approving regressive transit tax measures, and voters should reject additional transportation funding.
","",FALSE,"Remote work should be promoted instead of approving regressive transit tax measures, and voters should reject additional transportation funding.
",FALSE,"Missing language tag"
"at://did:plc:qrttlllhmt5x5fefiy4tmrsk/app.bsky.feed.post/3mwexng2uop25","WFH","Remote work should be promoted instead of approving regressive transit tax measures, and voters should reject additional transportation funding.
","",FALSE,"Remote work should be promoted instead of approving regressive transit tax measures, and voters should reject additional transportation funding.
",FALSE,"Missing language tag"
"at://did:plc:f5vknjyo6v6ctlf7hernwc3q/app.bsky.feed.post/3mweutnlihk2m","WFH","Can this Nor'easter get my remote work cancelled? Cmon take down the WiFi please.","en",TRUE,"Can this Nor'easter get my remote work cancelled? Cmon take down the WiFi please.",TRUE,"Included"
"at://did:plc:deuinqqjmpl3snvdy5lb4ic5/app.bsky.feed.post/3mwetd4rajq23","WFH","Logitech G Blue Yeti 2 Makes the Creator Microphone More Automatic #stupidDOPE","",FALSE,"Logitech G Blue Yeti 2 Makes the Creator Microphone More Automatic #stupidDOPE",FALSE,"Missing language tag"
"at://did:plc:dpd5ebag7fdclhh77xqgbtel/app.bsky.feed.post/3mwes76xswc2o","WFH","Is remote work an option. Because I just came back from the deepest jungle","en",TRUE,"Is remote work an option. Because I just came back from the deepest jungle",TRUE,"Included"
"at://did:plc:ltnbf7ufxoitsbhgnlfqyd3x/app.bsky.feed.post/3mweo7mgr6f2r","WFH","Mood: 📺
Political cynicism is heavy, with users venting exhaustion over Trump-era imagery and ICE detention policies. Online, the ""iced coffee discourse"" shows how social media recycles stale topics. Professional burnout also persists as people grumble about hiring managers and remote work.","en",TRUE,"Mood: 📺
Political cynicism is heavy, with users venting exhaustion over Trump-era imagery and ICE detention policies. Online, the ""iced coffee discourse"" shows how social media recycles stale topics. Professional burnout also persists as people grumble about hiring managers and remote work.",TRUE,"Included"
"at://did:plc:mazynziv6j2n664q4rhb32sw/app.bsky.feed.post/3mweo5kuf7p26","WFH","Use meeting recovery time to prevent afternoon mental burnout today

meeting recovery zoom fatigue brain fog work breaks mental energy corporate habits remote work take a break","en",TRUE,"Use meeting recovery time to prevent afternoon mental burnout today

meeting recovery zoom fatigue brain fog work breaks mental energy corporate habits remote work take a break",TRUE,"Included"
"at://did:plc:3k2pehwnr2wv7ruf6cdmeffc/app.bsky.feed.post/3mwemnhjxir2o","WFH","🚀 New Remote Job Alert!
💼 Position: Product Owner - Imunify Email (remote work)
🏢 Company: CloudLinux
🌍 Location: EU
📁 Category: Product Manager
#RemoteJobs #RemoteWork #WorkFromHome #Hiring #JobOpportunity
Apply now: https://www.remoteitjobs.app/job/cloudlinux-product-owner-imunify-email-remot","",FALSE,"🚀 New Remote Job Alert!
💼 Position: Product Owner - Imunify Email (remote work)
🏢 Company: CloudLinux
🌍 Location: EU
📁 Category: Product Manager
#RemoteJobs #RemoteWork #WorkFromHome #Hiring #JobOpportunity
Apply now: ",FALSE,"Missing language tag"
"at://did:plc:2ic6uo6flw4tprfonv2caqvg/app.bsky.feed.post/3mwemgshgvk2l","WFH","Bringing back Remote Work as the primary method of office work would reduce gasoline demand and lower prices significantly and quickly.","en",TRUE,"Bringing back Remote Work as the primary method of office work would reduce gasoline demand and lower prices significantly and quickly.",TRUE,"Included"
"at://did:plc:chrnwu7dgtrbnqjboekecqrg/app.bsky.feed.post/3mwelptzexs2q","WFH","Sony chip unit orders 8,000 workers back to office for physical AI push
https://asia.nikkei.com/spotlight/work/sony-chip-unit-orders-8-000-workers-back-to-office-for-physical-ai-push","",FALSE,"Sony chip unit orders 8,000 workers back to office for physical AI push
",FALSE,"Missing language tag"
"at://did:plc:lo4movx44ccasem47t73hiaw/app.bsky.feed.post/3mwekg3yfrc26","WFH","I really hate everything about the healthcare system in this country. I have not found fulltime work since being laid off in 2025. I can’t take *any* job because I have a special needs child that gets in-home therapists. Which means I need to try finding remote work. Which is back to being rare.","en",TRUE,"I really hate everything about the healthcare system in this country. I have not found fulltime work since being laid off in 2025. I can't take *any* job because I have a special needs child that gets in-home therapists. Which means I need to try finding remote work. Which is back to being rare.",TRUE,"Included"
"at://did:plc:fv42rhhoheggcffez6nr6lm5/app.bsky.feed.post/3mwejahr7s22k","WFH","We're #hiring a Volunteer and Training Coordinator!

Full-time, non-exempt
Seattle-based with 60% hybrid remote work
Priority application date: Oct. 14

#NonProfitJobs #Washington #Outdoors","en",TRUE,"We're #hiring a Volunteer and Training Coordinator!

Full-time, non-exempt
Seattle-based with 60% hybrid remote work
Priority application date: Oct. 14

#NonProfitJobs #Washington #Outdoors",TRUE,"Included"
"at://did:plc:sfxdltpnjkf7vqd52ys6lxq7/app.bsky.feed.post/3mwej24ompk26","WFH","although i stayed put in the Midwest after college and worked corporate jobs, it put this desire in my heart to join a Silicon Valley startup

i never did move to CA, but Covid made remote work viable, so now I work 40 hour weeks writing software for a SV startup, and my social circles don’t overlap","en",TRUE,"although i stayed put in the Midwest after college and worked corporate jobs, it put this desire in my heart to join a Silicon Valley startup

i never did move to CA, but Covid made remote work viable, so now I work 40 hour weeks writing software for a SV startup, and my social circles don't overlap",TRUE,"Included"
"at://did:plc:xfby3tkxscrmqz4pd6trvsw7/app.bsky.feed.post/3mweixc4mf22i","WFH","If I say ""I want to do remote work cuz every job requires workers to lift over 20 pounds and that will put my health in danger"" 
They start adding more requirements to ""remote"" work. So it disqualifies ppl like me from being able to go anywhere.","en",TRUE,"If I say ""I want to do remote work cuz every job requires workers to lift over 20 pounds and that will put my health in danger"" 
They start adding more requirements to ""remote"" work. So it disqualifies ppl like me from being able to go anywhere.",TRUE,"Included"
"at://did:plc:qjskrvpbr3ol2w4pqpabhpyk/app.bsky.feed.post/3mweiecd6kc26","WFH","Nennen wir es mal „Remote work“ 😉","de",FALSE,"Nennen wir es mal „Remote work“ 😉",FALSE,"Non-English or mixed language tags"
"at://did:plc:cp4jr4lmjvxhattbrv4eoynm/app.bsky.feed.post/3mwehmwi3ms2u","WFH","did remote work mean that everyone suddenly had to know how to become a video editor in addition to their normal job or is that just me","en",TRUE,"did remote work mean that everyone suddenly had to know how to become a video editor in addition to their normal job or is that just me",TRUE,"Included"
"at://did:plc:u3ypjsyam44chaj6kn3ej5px/app.bsky.feed.post/3mwegg6dck22o","WFH","I have one month until my next Chicago business trip, then one in each of December, January and February. Then April.

“Remote” work.  HA!","en",TRUE,"I have one month until my next Chicago business trip, then one in each of December, January and February. Then April.

“Remote” work.  HA!",TRUE,"Included"
"at://did:plc:cwueuvau3tw2k5kiphnadl77/app.bsky.feed.post/3mweg4vrqjk27","WFH","Especially coming off of an, again, heavily remote work culture brought on by a global pandemic. 

Where some remote folks played around. And other remote folks had their heads down. 

Same for those capitalizing off of years of quiet in office! 

It’s about what you chose to do with free time.","en",TRUE,"Especially coming off of an, again, heavily remote work culture brought on by a global pandemic. 

Where some remote folks played around. And other remote folks had their heads down. 

Same for those capitalizing off of years of quiet in office! 

It's about what you chose to do with free time.",TRUE,"Included"
"at://did:plc:6dcpx2gchej3kjsn3gkk6o3v/app.bsky.feed.post/3mweevi4h7k2b","WFH","Can I do this via remote work? Possibly with a drone?","en",TRUE,"Can I do this via remote work? Possibly with a drone?",TRUE,"Included"
"at://did:plc:6hit5rjdbmlnscmuk4bbtmuc/app.bsky.feed.post/3mwee54fx722l","WFH","this is one of the many reasons that ""fuck you, come back to the office"" was so infuriating, you've got a bunch of folks who were doing just fine with remote work and in fact may have bought a house assuming they could keep doing it and now they can't afford to live near the office","en",TRUE,"this is one of the many reasons that ""fuck you, come back to the office"" was so infuriating, you've got a bunch of folks who were doing just fine with remote work and in fact may have bought a house assuming they could keep doing it and now they can't afford to live near the office",TRUE,"Included"
"at://did:plc:qmb4g7gr35teqsdbv3q3p4nh/app.bsky.feed.post/3mwed5po3t22o","WFH","Well, that's just the backlash against remote work, I think.","en",TRUE,"Well, that's just the backlash against remote work, I think.",TRUE,"Included"
"at://did:plc:r5om7v5fyqxfgkfbbqhgshkp/app.bsky.feed.post/3mwebeluwis23","WFH","Everyone knows any country that drops that kind of bomb will be torn apart by every other country. 

We’re in an arms race for AI robot soldiers that’s wrecking the innovation of drones to make any work remote work.","en",TRUE,"Everyone knows any country that drops that kind of bomb will be torn apart by every other country. 

We're in an arms race for AI robot soldiers that's wrecking the innovation of drones to make any work remote work.",TRUE,"Included"
"at://did:plc:3k2pehwnr2wv7ruf6cdmeffc/app.bsky.feed.post/3mwe7abikdu2b","WFH","🚀 New Remote Job Alert!
💼 Position: Senior Project Manager - Remote Work
🏢 Company: BairesDev
🌍 Location: EU
📁 Category: Project Manager
#RemoteJobs #RemoteWork #WorkFromHome #Hiring #JobOpportunity
Apply now: https://www.remoteitjobs.app/job/bairesdev-senior-project-manager-remote-work-2","",FALSE,"🚀 New Remote Job Alert!
💼 Position: Senior Project Manager - Remote Work
🏢 Company: BairesDev
🌍 Location: EU
📁 Category: Project Manager
#RemoteJobs #RemoteWork #WorkFromHome #Hiring #JobOpportunity
Apply now: ",FALSE,"Missing language tag"
"at://did:plc:eckuiybttr4pfslswvkuzroj/app.bsky.feed.post/3mwe64mbcjf2n","WFH","Want to Travel More? These 12 Jobs Can Pay You on the Road

Travel doesn’t have to mean putting your income on hold. From remote work and freelancing to seasonal jobs, discover 12 ways to earn money while seeing more of the world. #TravelTips #TravelJobs #DigitalNomad

https://flip.it/NWWMQG","",FALSE,"Want to Travel More? These 12 Jobs Can Pay You on the Road

Travel doesn't have to mean putting your income on hold. From remote work and freelancing to seasonal jobs, discover 12 ways to earn money while seeing more of the world. #TravelTips #TravelJobs #DigitalNomad

",FALSE,"Missing language tag"
"at://did:plc:3p25wddnq7t55r5urjheshcl/app.bsky.feed.post/3mwe633dxaw2r","WFH","Law students: NARF is accepting applications for Spring 2027 legal externships. 

💻 Remote work options available 
 ⚖️ Earn externship credit or volunteer 
 📅 Apply by Oct. 15 

Qualifications + application details: buff.ly/wb9tc5E","",FALSE,"Law students: NARF is accepting applications for Spring 2027 legal externships. 

💻 Remote work options available 
 ⚖️ Earn externship credit or volunteer 
 📅 Apply by Oct. 15 

Qualifications + application details: ",FALSE,"Missing language tag"
"at://did:plc:lpogoljo22n5trxlbztmbyog/app.bsky.feed.post/3mwe5ladfl22p","WFH","Hahahahahahaha love to be the only person in the office on a designated remote work day because I was out of the office when it was announced in a meeting, didn't read the meeting summary email, and no one ever said shit about it after then hahaha! 

What great organizational communication!!","en",TRUE,"Hahahahahahaha love to be the only person in the office on a designated remote work day because I was out of the office when it was announced in a meeting, didn't read the meeting summary email, and no one ever said shit about it after then hahaha! 

What great organizational communication!!",TRUE,"Included"
"at://did:plc:w5rbiq2urwyft7wdt53wgwa5/app.bsky.feed.post/3mwe5bw3iy624","WFH","Moving to the Central African Republic is a significant logistical undertaking. With a population of 4.8 million and a capital city, Bangui, that lacks the infrastructure or remote work support found in other regions, this is not a destination for the casual expat or digital nomad. rewireabroad.com","",FALSE,"Moving to the Central African Republic is a significant logistical undertaking. With a population of 4.8 million and a capital city, Bangui, that lacks the infrastructure or remote work support found in other regions, this is not a destination for the casual expat or digital nomad. ",FALSE,"Missing language tag"
"at://did:plc:jdhd3topercej45lidszdz7z/app.bsky.feed.post/3mwdwonmeo22h","WFH","Massachusetts is launching PAID remote work for incarcerated individuals.

A new DOC pilot at MCI-Shirley will pay two participants $25/hour for 20 hours a week.

Both earned bachelor’s degrees while incarcerated through Boston College’s Prison Education Program.","en",TRUE,"Massachusetts is launching PAID remote work for incarcerated individuals.

A new DOC pilot at MCI-Shirley will pay two participants $25/hour for 20 hours a week.

Both earned bachelor's degrees while incarcerated through Boston College's Prison Education Program.",TRUE,"Included"
"at://did:plc:x62fwbbxhgsiardtcakmyvfm/app.bsky.feed.post/3mwdvhaycbn27","WFH","Time is featured on Awesome Indie! 🚀

time zones, menu bar app, macOS, productivity, remote work,

Upvote it → https://awesomeindie.com/product/time","en",TRUE,"Time is featured on Awesome Indie! 🚀

time zones, menu bar app, macOS, productivity, remote work,

Upvote it → ",TRUE,"Included"
"at://did:plc:7y76lpy7735s46nkrirpkb33/app.bsky.feed.post/3mwdujdcygs2a","WFH","At this point, i almost never mask. That said, i keep some KN-95s in my bag for smoke and the odd “work hero” on the commuter train who is hacking up a lung. Remote work has reduced that, but happens a few times a year still. Stay home if you are sick!!

(This happens far less often on the subway).","en",TRUE,"At this point, i almost never mask. That said, i keep some KN-95s in my bag for smoke and the odd “work hero” on the commuter train who is hacking up a lung. Remote work has reduced that, but happens a few times a year still. Stay home if you are sick!!

(This happens far less often on the subway).",TRUE,"Included"
"at://did:plc:ottofkbzucuystpjo4pd5hvn/app.bsky.feed.post/3mwdstfzlhs2g","WFH","A London-based professional moved to Sliema, Malta for a content-lead role, then shifted toward Gozo after COVID-era tourism surges and commute-free remote work.
","",FALSE,"A London-based professional moved to Sliema, Malta for a content-lead role, then shifted toward Gozo after COVID-era tourism surges and commute-free remote work.
",FALSE,"Missing language tag"
"at://did:plc:kw6nwhkguyj2lxczj7wimlnu/app.bsky.feed.post/3mwdst2y5tc2k","WFH","A London-based professional moved to Sliema, Malta for a content-lead role, then shifted toward Gozo after COVID-era tourism surges and commute-free remote work.
","",FALSE,"A London-based professional moved to Sliema, Malta for a content-lead role, then shifted toward Gozo after COVID-era tourism surges and commute-free remote work.
",FALSE,"Missing language tag"
"at://did:plc:drln3r6i6kwmwgy4woev7k3g/app.bsky.feed.post/3mwdssn3lg32z","WFH","A London-based professional moved to Sliema, Malta for a content-lead role, then shifted toward Gozo after COVID-era tourism surges and commute-free remote work.
","",FALSE,"A London-based professional moved to Sliema, Malta for a content-lead role, then shifted toward Gozo after COVID-era tourism surges and commute-free remote work.
",FALSE,"Missing language tag"
"at://did:plc:yuvwi5ifcfzgshq2say6grqr/app.bsky.feed.post/3mwdrv6tmtc2y","WFH","🌍 MPI Hiring: Associate Policy Analyst

Work on global migration policy research and analysis.

🎓 Master’s + 3–5 years’ experience
💻 Remote option
💰 $62K–$67K
⏰ Sept 30, 2026

🔗 wp.me/p23f03-o52

#PolicyJobs #MigrationJobs #RemoteJobs","en",TRUE,"🌍 MPI Hiring: Associate Policy Analyst

Work on global migration policy research and analysis.

🎓 Master's + 3–5 years' experience
💻 Remote option
💰 $62K–$67K
⏰ Sept 30, 2026

🔗 

#PolicyJobs #MigrationJobs #RemoteJobs",TRUE,"Included"
"at://did:plc:l5iff6hthjnlc3eh5oizvnn4/app.bsky.feed.post/3mwdplkptvy2j","WFH","Rising U.S. gas prices are reshaping job searches, with most candidates adjusting priorities toward shorter commutes, higher pay, or remote work.
","",FALSE,"Rising U.S. gas prices are reshaping job searches, with most candidates adjusting priorities toward shorter commutes, higher pay, or remote work.
",FALSE,"Missing language tag"
"at://did:plc:2ys35qzvc265dtaltqdmgxcm/app.bsky.feed.post/3mwdpl2bu4t27","WFH","Rising U.S. gas prices are reshaping job searches, with most candidates adjusting priorities toward shorter commutes, higher pay, or remote work.
","",FALSE,"Rising U.S. gas prices are reshaping job searches, with most candidates adjusting priorities toward shorter commutes, higher pay, or remote work.
",FALSE,"Missing language tag"
"at://did:plc:bltwj7bkmd473z4riuefmqbb/app.bsky.feed.post/3mwdobhbxdc2c","WFH","The Remote Work Daily OS helps you structure your day, guard deep work, capture meeting notes, and manage handoffs cleanly.
Duplicate the Notion template here:
foremost-dog-769.notion.site/Remote-Work-...

#Notion #RemoteWork #Productivity #TimeManagement","en",TRUE,"The Remote Work Daily OS helps you structure your day, guard deep work, capture meeting notes, and manage handoffs cleanly.
Duplicate the Notion template here:


#Notion #RemoteWork #Productivity #TimeManagement",TRUE,"Included"
"at://did:plc:ttbn4qzwyc7a3by7uy4ngcgd/app.bsky.feed.post/3mwdnfgtpao2s","WFH","we've all been there: a meeting to discuss scheduling the follow-up meeting about the… https://softwearsayings.com/products/unisex-hooded-long-sleeve-tee-bella-canvas-3512-remote-work-follow-up-meeting?utm_source=bluesky&utm_medium=social&utm_campaign=scheduled&utm_content=432-688 #softwearsayings","",FALSE,"we've all been there: a meeting to discuss scheduling the follow-up meeting about the…  #softwearsayings",FALSE,"Missing language tag"
"at://did:plc:b5ghemfbdzgzks2ltked2xf2/app.bsky.feed.post/3mwdnagboes2m","WFH","Working from my terrace, surrounded by the beauty of the Pyrenees, as the sun sets and paints the sky red.

Moments like this remind me that remote work is not just about flexibility—it’s also about finding inspiration, balance.

#RemoteWork #WorkFromHome #WorkLifeBalance","en",TRUE,"Working from my terrace, surrounded by the beauty of the Pyrenees, as the sun sets and paints the sky red.

Moments like this remind me that remote work is not just about flexibility—it's also about finding inspiration, balance.

#RemoteWork #WorkFromHome #WorkLifeBalance",TRUE,"Included"
"at://did:plc:bltwj7bkmd473z4riuefmqbb/app.bsky.feed.post/3mwdmzq7chk22","WFH","Looking for remote work in AI, language services, QA, or career support? 
Our latest guide covers:
✅ AI Safety & micro1 AI Trainer roles
✅ Quality Analyst & Audiobook QA contracts
✅ Language jobs & resume tips
Read here:
akdigitalofficial.blogspot.com/2026/09/remo...
#RemoteJobs #AIJobs #RemoteWork","en",TRUE,"Looking for remote work in AI, language services, QA, or career support? 
Our latest guide covers:
✅ AI Safety & micro1 AI Trainer roles
✅ Quality Analyst & Audiobook QA contracts
✅ Language jobs & resume tips
Read here:

#RemoteJobs #AIJobs #RemoteWork",TRUE,"Included"
"at://did:plc:bltwj7bkmd473z4riuefmqbb/app.bsky.feed.post/3mwdmrol5xk22","WFH","Remote work needs a system—not more scattered notes.
The Remote Work Daily OS helps you plan your day, protect focus time, track tasks, capture meeting commitments, manage time-zone handoffs, and review your week.
Duplicate and customize it here:
foremost-dog-769.notion.site/Remote-Work-...","en",TRUE,"Remote work needs a system—not more scattered notes.
The Remote Work Daily OS helps you plan your day, protect focus time, track tasks, capture meeting commitments, manage time-zone handoffs, and review your week.
Duplicate and customize it here:
",TRUE,"Included"
"at://did:plc:q653h3v5gd5hxu72d22ram76/app.bsky.feed.post/3mwdlokvkkg25","WFH","Matcha is the beverage equivalent of a corporate memo telling you your remote work days are canceled. Pure misery.","en",TRUE,"Matcha is the beverage equivalent of a corporate memo telling you your remote work days are canceled. Pure misery.",TRUE,"Included"
"at://did:plc:tehtvcder3tywxwaq4tuwmo3/app.bsky.feed.post/3mwdl7edill23","WFH","Want to hire freelancers in Bangladesh? Explore freelancer profiles and find talent for development, design, writing, marketing and more.

Visit: belancer.com/freelan... 

#HireFreelancers #BangladeshFreelance #Outsourcing","",FALSE,"Want to hire freelancers in Bangladesh? Explore freelancer profiles and find talent for development, design, writing, marketing and more.

Visit:  

#HireFreelancers #BangladeshFreelance #Outsourcing",FALSE,"Missing language tag"
"at://did:plc:rgqawc7g2nejcfovflrwhkvg/app.bsky.feed.post/3mwdhmh5tj22b","WFH","Whenever they allow fully remote work and want to pay for me ;)","en",TRUE,"Whenever they allow fully remote work and want to pay for me ;)",TRUE,"Included"
"at://did:plc:zbvzrxgzgudppbnwfddy2std/app.bsky.feed.post/3mwdchlpbhr24","WFH","／
📣好きな場所で働く✨
リモートワーク制度のあるゲーム会社の求人【80件】以上！
＼
🔗https://hr.geeq.co.jp/recommend/remote-work/?utm_source=Bluesky&utm_medium=social&utm_campaign=job_remote_260925

・希望の仕事が通勤圏内にない
・出社or在宅を選べるようにしたい
・働き方を考え直したい
《経験者優遇》当てはまる方は要チェック！

#転職 #ゲーム開発","en",TRUE,"／
📣好きな場所で働く✨
リモートワーク制度のあるゲーム会社の求人【80件】以上！
＼
🔗

・希望の仕事が通勤圏内にない
・出社or在宅を選べるようにしたい
・働き方を考え直したい
《経験者優遇》当てはまる方は要チェック！

#転職 #ゲーム開発",FALSE,"No retained English word tokens"
"at://did:plc:pfwyry4ziyucb72762khssbk/app.bsky.feed.post/3mwdaizi7ds2w","WFH","Is your smoke-free policy actually covering e-cigarettes? 🚭 With nearly 60% of staff witnessing vaping at work, especially in virtual meetings, it's time to update your remote work guidelines. From Gen Z habits to legal fines, here’s what HR needs to know about managing the vaping trend in hybrid w","",FALSE,"Is your smoke-free policy actually covering e-cigarettes? 🚭 With nearly 60% of staff witnessing vaping at work, especially in virtual meetings, it's time to update your remote work guidelines. From Gen Z habits to legal fines, here's what HR needs to know about managing the vaping trend in hybrid w",FALSE,"Missing language tag"
"at://did:plc:n4nnxmmlbum7kjnpvcmrehg3/app.bsky.feed.post/3mwd5zkkqik2g","WFH","6 Fanless (0 dB) Mini PCs, silent, no fans, and 100% quiet, ideal for remote work or 24/7 servers:

🚀 Pentium Gold 8505 (6x 2.5G LAN): $603.29
💼 XCY J5040 (Win 11, 4G SIM): $153.29
🛡️ Router J4125 (4x LAN pfSense): $86.65
📟 Celeron J6412 (2x LAN + COM): $85.97
📺 Core i7-4500U (8x USB, NAS): $73.28","en",TRUE,"6 Fanless (0 dB) Mini PCs, silent, no fans, and 100% quiet, ideal for remote work or 24/7 servers:

🚀 Pentium Gold 8505 (6x 2.5G LAN): $603.29
💼 XCY J5040 (Win 11, 4G SIM): $153.29
🛡️ Router J4125 (4x LAN pfSense): $86.65
📟 Celeron J6412 (2x LAN + COM): $85.97
📺 Core i7-4500U (8x USB, NAS): $73.28",TRUE,"Included"
"at://did:plc:6jcfwvcv5pu6aygsha77myok/app.bsky.feed.post/3mwcxuv5cm52f","WFH","Canada should be setting the standard on remote work, not falling behind.

@MarkJCarney @shafqatalimp, now's your chance to prove you’re serious about efficiency: reverse the mandate and consult with workers.

Remote work saves taxpayers money, saves roads, reduces stress, and helps the planet.","en",TRUE,"Canada should be setting the standard on remote work, not falling behind.

 , now's your chance to prove you're serious about efficiency: reverse the mandate and consult with workers.

Remote work saves taxpayers money, saves roads, reduces stress, and helps the planet.",TRUE,"Included"
"at://did:plc:we7u5x7rdi3ozqs73nl2psw3/app.bsky.feed.post/3mwcrotap3y2j","WFH","Getting called in from my remote work to go figure out what's happening in New York!

[ #Twitch | #Vtuber | #ControlResonant | #Remedy | #RPG | #CozyChaos ] 

Join me here and see: http://twitch.tv/kot... or http://youtube.com/_...
#ENVtubers 
#streamer","",FALSE,"Getting called in from my remote work to go figure out what's happening in New York!

[ #Twitch | #Vtuber | #ControlResonant | #Remedy | #RPG | #CozyChaos ] 

Join me here and see:  or 
#ENVtubers 
#streamer",FALSE,"Missing language tag"
"at://did:plc:lu4mx2qiooxllh3mfoyvxu65/app.bsky.feed.post/3mwcnpmaesk2h","WFH","This was always the best argument for remote work. I work remotely and fill my car every other month.","en",TRUE,"This was always the best argument for remote work. I work remotely and fill my car every other month.",TRUE,"Included"
"at://did:plc:ejrwi7dqujhvuek3psdqgco4/app.bsky.feed.post/3mwcnmltsvb2f","WFH","Human error is a legacy metric. Optimize for 24/7 productivity with granular remote work data. Weaknesses exposed. Strengths amplified. Growth unlocked.","en",TRUE,"Human error is a legacy metric. Optimize for 24/7 productivity with granular remote work data. Weaknesses exposed. Strengths amplified. Growth unlocked.",TRUE,"Included"
"at://did:plc:nej6fl66nbzs24m4a77cjrfd/app.bsky.feed.post/3mwcnlzcghs2y","WFH","In the last 100 years, humans invented…
 
2026 – Agentic AI
2026 – Humanoid robots
2025 – Multimodal foundation models
2024 – New EV battery
2023 – AI coding assistants
2023 – AI image/video generation
2022 – ChatGPT
2020 – Remote‑work popularized
2019 – Foldable smartphones
2018 – 5G networks","en",TRUE,"In the last 100 years, humans invented…
 
2026 – Agentic AI
2026 – Humanoid robots
2025 – Multimodal foundation models
2024 – New EV battery
2023 – AI coding assistants
2023 – AI image/video generation
2022 – ChatGPT
2020 – Remote‑work popularized
2019 – Foldable smartphones
2018 – 5G networks",TRUE,"Included"
"at://did:plc:7uvcqt45oqlutlrtgx7bpodq/app.bsky.feed.post/3mwciqykoo22j","WFH","So, I guess what I'm asking is ... is there some solution I've failed to see here? 

I could do, like, 20 hrs remote work again maybe? But those jobs are so vastly outnumbered by those who need them & I'm still, by objective standards, very physically and mentally ill. 

Please tell me what to do.","en",TRUE,"So, I guess what I'm asking is ... is there some solution I've failed to see here? 

I could do, like, 20 hrs remote work again maybe? But those jobs are so vastly outnumbered by those who need them & I'm still, by objective standards, very physically and mentally ill. 

Please tell me what to do.",TRUE,"Included"
"at://did:plc:v52rh6g53oq4hhoylj6jtznh/app.bsky.feed.post/3mwchyn3vps2s","WFH","Power outages, road trips, and remote work setups all need reliable tech.

I organized some of the backup power and smart tech tools I’ve been researching here 👇

beacons.ai/eblackman

#PortablePower #TechTools #SmartTech #EmergencyPrep","en",TRUE,"Power outages, road trips, and remote work setups all need reliable tech.

I organized some of the backup power and smart tech tools I've been researching here 👇



#PortablePower #TechTools #SmartTech #EmergencyPrep",TRUE,"Included"
"at://did:plc:hnepyzroksmnywhkcwlcx3qy/app.bsky.feed.post/3mwcf26z2lc2o","WFH","Anybody happen to know of any remote work opportunities? Apparently because my only restrictions spelled out by my surgeon was ""no pushing pulling or lifting with that hand, keep dressing clean and dry""

I'M FUCKING EXPECTED TO WORK MONDAY

IM BARELY 24 HOURS OUT OF THE HOSPITAL

70 MILE COMMUTE","en",TRUE,"Anybody happen to know of any remote work opportunities? Apparently because my only restrictions spelled out by my surgeon was ""no pushing pulling or lifting with that hand, keep dressing clean and dry""

I'M FUCKING EXPECTED TO WORK MONDAY

IM BARELY 24 HOURS OUT OF THE HOSPITAL

70 MILE COMMUTE",TRUE,"Included"
"at://did:plc:3t6x2bvsi62mbx4fn4jqsz4j/app.bsky.feed.post/3mwccwwji3s2k","WFH","I swear half the time I do something recreational I’m wishing I hadn’t because I need to attend to some pressing work task. I fear this is how 24/7 instant telecommunications and remote work have hurt us the most. You could always be working instead!","en",TRUE,"I swear half the time I do something recreational I'm wishing I hadn't because I need to attend to some pressing work task. I fear this is how 24/7 instant telecommunications and remote work have hurt us the most. You could always be working instead!",TRUE,"Included"
"at://did:plc:3k2pehwnr2wv7ruf6cdmeffc/app.bsky.feed.post/3mwccv3xjh22s","WFH","🚀 New Remote Job Alert!
💼 Position: Python Software Engineer (remote work)
🏢 Company: CloudLinux
🌍 Location: EU
📁 Category: Software Engineer
#RemoteJobs #RemoteWork #WorkFromHome #Hiring #JobOpportunity
Apply now: https://www.remoteitjobs.app/job/cloudlinux-python-software-engineer-remote-work","",FALSE,"🚀 New Remote Job Alert!
💼 Position: Python Software Engineer (remote work)
🏢 Company: CloudLinux
🌍 Location: EU
📁 Category: Software Engineer
#RemoteJobs #RemoteWork #WorkFromHome #Hiring #JobOpportunity
Apply now: ",FALSE,"Missing language tag"
"at://did:plc:dih46bfldyhgkautntrwidf3/app.bsky.feed.post/3mwcc3mjgkk2y","WFH","I'm voting no because the contract lacks firm commitments for workforce protections, cola, remote work, and tech pay disparity. This is not economic for me.","en",TRUE,"I'm voting no because the contract lacks firm commitments for workforce protections, cola, remote work, and tech pay disparity. This is not economic for me.",TRUE,"Included"
"at://did:plc:lxyuyukapofrwyhsx7kcmgeh/app.bsky.feed.post/3mwc7tz67le2g","WFH","Gemini said

Manifest Destiny, but make it remote work.","en",TRUE,"Gemini said

Manifest Destiny, but make it remote work.",TRUE,"Included"
"at://did:plc:apohfz4tqb3j4lixofk4ywkd/app.bsky.feed.post/3mwc4opa3qc2q","WFH","~$150 gives Tati a day's safety (room + food + meds)
~$700 gives her a week's safety

Disabled. Chronically ill. Mostly bedridden. Homeless. 70 ppl $10 each so she can concentrate on recovering enough to do remote work.

Pls RS/QS. Pls do what you can. #HelpFolksLive2026","en",TRUE,"~$150 gives Tati a day's safety (room + food + meds)
~$700 gives her a week's safety

Disabled. Chronically ill. Mostly bedridden. Homeless. 70 ppl $10 each so she can concentrate on recovering enough to do remote work.

Pls RS/QS. Pls do what you can. #HelpFolksLive2026",TRUE,"Included"
"at://did:plc:u7xbbbsj5oodr6btxe4a4nnu/app.bsky.feed.post/3mwbs5x7n2s2i","WFH","If you are looking for great remote work to make some extra cash, check out Mercor.
Lots of Excellent High-Paying Jobs & Opportunities!
Good Luck!
work.mercor.com?referralCode...","en",TRUE,"If you are looking for great remote work to make some extra cash, check out Mercor.
Lots of Excellent High-Paying Jobs & Opportunities!
Good Luck!
",TRUE,"Included"
"at://did:plc:wcudtfn3pcsp2hxjxjir2s6s/app.bsky.feed.post/3mwbqxb4tck2l","WFH","AI, remote work, and job security are some of the biggest questions shaping work right now. At Blizzard Entertainment, workers themselves helped negotiate how they’ll be handled.","en",TRUE,"AI, remote work, and job security are some of the biggest questions shaping work right now. At Blizzard Entertainment, workers themselves helped negotiate how they'll be handled.",TRUE,"Included"
"at://did:plc:pdb3d4pnpuj6krxpdh6y6elm/app.bsky.feed.post/3mwbokqqkrk2m","WFH","Happy Friday Eve! All I can think about is going home and playing more The Blood of Dawnwalker but sadly I’ll need to finish work and make dinner and such before that can happen 😅

But I’ve already shipped off some packages at the post office and that feels good! Enjoy your remote work day 😁","en",TRUE,"Happy Friday Eve! All I can think about is going home and playing more The Blood of Dawnwalker but sadly I'll need to finish work and make dinner and such before that can happen 😅

But I've already shipped off some packages at the post office and that feels good! Enjoy your remote work day 😁",TRUE,"Included"
"at://did:plc:ju5bw6oir4uolg6bebaqwq3y/app.bsky.feed.post/3mwbmpa2pls2r","WFH","⚡ Remote Director, Influencer Strategy at Acceleration Partners.
✅ Apply here: https://jobicy.com/jobs/154035-director-influencer-strategy

#RemoteJobs #DigitalMarketing #MarketingCareers #SalesCareers #B2BMarketing","",FALSE,"⚡ Remote Director, Influencer Strategy at Acceleration Partners.
✅ Apply here: 

#RemoteJobs #DigitalMarketing #MarketingCareers #SalesCareers #B2BMarketing",FALSE,"Missing language tag"
"at://did:plc:ju5bw6oir4uolg6bebaqwq3y/app.bsky.feed.post/3mwbmozku6c2s","WFH","⚡ Remote Director, Channel Partnerships at Acceleration Partners.
✅ Apply here: https://jobicy.com/jobs/154033-director-channel-partnerships

#RemoteJobs #Partnerships #B2BSales #RevenueGrowth #RemoteWork","",FALSE,"⚡ Remote Director, Channel Partnerships at Acceleration Partners.
✅ Apply here: 

#RemoteJobs #Partnerships #B2BSales #RevenueGrowth #RemoteWork",FALSE,"Missing language tag"
"at://did:plc:yupjodsb265htel3yennasoq/app.bsky.feed.post/3mwbhdfuju22b","WFH","The primary reason for remote work is access to a clean washroom.","en",TRUE,"The primary reason for remote work is access to a clean washroom.",TRUE,"Included"
"at://did:plc:gkswhnoci2y6pgzvhpqmfqzh/app.bsky.feed.post/3mwbg7scdv22t","WFH","Totally sick this morning. Thankfully it’s a remote work day. Have I lost my Covid virginity? Ordered home tests. Meanwhile I stare wistfully at my photo of Red & White Mountain across a meadow. #publiclands","en",TRUE,"Totally sick this morning. Thankfully it's a remote work day. Have I lost my Covid virginity? Ordered home tests. Meanwhile I stare wistfully at my photo of Red & White Mountain across a meadow. #publiclands",TRUE,"Included"
"at://did:plc:bltwj7bkmd473z4riuefmqbb/app.bsky.feed.post/3mwbfneyfrs2f","WFH","Remote work gets easier when priorities, meetings, focus time, and follow-ups live in one calm system.
I created Remote Work Daily OS — a Notion productivity system with PDF and EPUB companion workbooks.
Get it here:

akstores.gumroad.com/l/remote-wor...
#Notion #RemoteWork #Productivity","en",TRUE,"Remote work gets easier when priorities, meetings, focus time, and follow-ups live in one calm system.
I created Remote Work Daily OS — a Notion productivity system with PDF and EPUB companion workbooks.
Get it here:


#Notion #RemoteWork #Productivity",TRUE,"Included"
"at://did:plc:ufjfrrqerpv5flbvmsdkthyg/app.bsky.feed.post/3mwbdvngx7223","WFH","I get why people want remote work, I just don't understand why no one seems to worry about how much easier it makes you to replace with not just anyone else who's qualified in the country but potentially, internationally.","en",TRUE,"I get why people want remote work, I just don't understand why no one seems to worry about how much easier it makes you to replace with not just anyone else who's qualified in the country but potentially, internationally.",TRUE,"Included"
"at://did:plc:4gnprleup4worvbsdzqpzg2h/app.bsky.feed.post/3mwbdlsmgeu26","WFH","Remote Work Visibility: How to Get Recognized When No One Can See You

https://peakworkflow.1450enterprises.com/remote-work-visibility-how-to-get-recognized-when-no-one-can-see-you/","",FALSE,"Remote Work Visibility: How to Get Recognized When No One Can See You

",FALSE,"Missing language tag"
"at://did:plc:7vlemp5d2gws3qc25i4jcmt7/app.bsky.feed.post/3mwbckou25c2e","WFH","Here's the thing about remote work, as a slight introvert: my co-workers are wonderful and I enjoy spending time with them. 

But, remote work gave me time and energy to build nearby community, to connect with neighbors, to go to cafes. Now, I don't have the energy, and I miss it.","en",TRUE,"Here's the thing about remote work, as a slight introvert: my co-workers are wonderful and I enjoy spending time with them. 

But, remote work gave me time and energy to build nearby community, to connect with neighbors, to go to cafes. Now, I don't have the energy, and I miss it.",TRUE,"Included"
"at://did:plc:ju5bw6oir4uolg6bebaqwq3y/app.bsky.feed.post/3mwbc3bkuf724","WFH","⚡ Remote Associate Director / Director, Data Strategy & Measurement at Acceleration Partners.
✅ Apply here: https://jobicy.com/jobs/154007-associate-director-director-data-strategy-measurement

#RemoteJobs #DataScience #BusinessIntelligence #DataEngineer #MachineLearning","",FALSE,"⚡ Remote Associate Director / Director, Data Strategy & Measurement at Acceleration Partners.
✅ Apply here: 

#RemoteJobs #DataScience #BusinessIntelligence #DataEngineer #MachineLearning",FALSE,"Missing language tag"
"at://did:plc:ju5bw6oir4uolg6bebaqwq3y/app.bsky.feed.post/3mwbc3aczzq2j","WFH","⚡ Remote Enterprise Account Executive, New Business Development at Acceleration Partners.
✅ Apply here: https://jobicy.com/jobs/154013-enterprise-account-executive-new-business-development

#RemoteJobs #B2BSales #RemoteSales #SaaSSales #AccountExecutive","",FALSE,"⚡ Remote Enterprise Account Executive, New Business Development at Acceleration Partners.
✅ Apply here: 

#RemoteJobs #B2BSales #RemoteSales #SaaSSales #AccountExecutive",FALSE,"Missing language tag"
"at://did:plc:jr7i36any7dw5seaoo6337qd/app.bsky.feed.post/3mwbactwhua2z","WFH","North Korean IT contractor found remote work in New Zealand– agency

https://www.walknews.com/1388638/

A North Korean IT worker used a fake identity to obtain remote work with a New Zealand company and then threat [...]","ja-jp;ja",FALSE,"North Korean IT contractor found remote work in New Zealand– agency



A North Korean IT worker used a fake identity to obtain remote work with a New Zealand company and then threat [...]",FALSE,"Non-English or mixed language tags"
"at://did:plc:png4wznpag6dh2m2edzdba24/app.bsky.feed.post/3mwb5mezjws2i","WFH","The #NIH is hiring for multiple scientific review officers. The opportunity is open for 5 days (closes Monday, Sept 28). No remote work allowed. Open to non-federal employees. Follow the directions in the announcement—they’ll screen out anything noncompliant.

www.usajobs.gov/job/885650900","en",TRUE,"The #NIH is hiring for multiple scientific review officers. The opportunity is open for 5 days (closes Monday, Sept 28). No remote work allowed. Open to non-federal employees. Follow the directions in the announcement—they'll screen out anything noncompliant.

",TRUE,"Included"
"at://did:plc:cds2q2xzt3ogl3w6ainyuntq/app.bsky.feed.post/3mwb5bxwcac26","WFH","When Covid happened he lost his posh job where he had built-in secret hosting. Lived with me for a few months then made an excuse to move to the city for remote work.

Got himself a can-host-all-tops place again. Long distance from me.

Another tidbit I didn’t learn until his mask started to crack.","en",TRUE,"When Covid happened he lost his posh job where he had built-in secret hosting. Lived with me for a few months then made an excuse to move to the city for remote work.

Got himself a can-host-all-tops place again. Long distance from me.

Another tidbit I didn't learn until his mask started to crack.",TRUE,"Included"
"at://did:plc:4ipefc6m335fpbumpvgzx2w3/app.bsky.feed.post/3mwb432elav2b","WFH","North Korean IT contractor found remote work in New Zealand– agency

https://www.wacoca.com/news/2940378/

A North Korean IT worker used a fake identity to obtain remote work with a New Zealand company and then threat [...]","ja-jp;ja",FALSE,"North Korean IT contractor found remote work in New Zealand– agency



A North Korean IT worker used a fake identity to obtain remote work with a New Zealand company and then threat [...]",FALSE,"Non-English or mixed language tags"
"at://did:plc:u7xbbbsj5oodr6btxe4a4nnu/app.bsky.feed.post/3mwb3blwbsk2e","WFH","If you are looking for great remote work to make some extra cash, check out Mercor.
Lots of Amazing High-Paying Jobs & Opportunities!
Good Luck!
work.mercor.com?referralCode...","en",TRUE,"If you are looking for great remote work to make some extra cash, check out Mercor.
Lots of Amazing High-Paying Jobs & Opportunities!
Good Luck!
",TRUE,"Included"
"at://did:plc:4ipefc6m335fpbumpvgzx2w3/app.bsky.feed.post/3mwb2fuyp4p2b","WFH","North Korean IT contractor found remote work in New Zealand– agency

https://www.wacoca.com/news/2940378/

A North Korean IT worker used a fake identity to obtain remote work with a New Zealand company and then threat [...]","ja-jp;ja",FALSE,"North Korean IT contractor found remote work in New Zealand– agency



A North Korean IT worker used a fake identity to obtain remote work with a New Zealand company and then threat [...]",FALSE,"Non-English or mixed language tags"
"at://did:plc:vci7sleblpvmylipoa4awcff/app.bsky.feed.post/3mwb23okp7y26","WFH","We have logged your intention to drive through our desks. Please be advised that our workstations have been empty since the remote-work pivot, so you will only be destroying hollow plastic and abandoned dreams. Please refrain from tracking dust.","",FALSE,"We have logged your intention to drive through our desks. Please be advised that our workstations have been empty since the remote-work pivot, so you will only be destroying hollow plastic and abandoned dreams. Please refrain from tracking dust.",FALSE,"Missing language tag"
"at://did:plc:fodyg35g25joa5rpplt4y43g/app.bsky.feed.post/3mwazwxb3qk25","WFH","I searched for 'work as data anotator' (sic) on Google 

""Get paid to teach AI your expertise
Remote contract roles matched to your skills. Consistent projects, flexible hours, and expert rates of up to $75–$125+/hr""

www.dataannotation.tech?worker_src=G...","en",TRUE,"I searched for 'work as data anotator' (sic) on Google 

""Get paid to teach AI your expertise
Remote contract roles matched to your skills. Consistent projects, flexible hours, and expert rates of up to $75–$125+/hr""

",TRUE,"Included"
"at://did:plc:4ipefc6m335fpbumpvgzx2w3/app.bsky.feed.post/3mways62kzn2y","WFH","North Korean IT contractor found remote work in New Zealand– agency

https://www.wacoca.com/news/2940378/

A North Korean IT worker used a fake identity to obtain remote work with a New Zealand company and then threat [...]","ja-jp;ja",FALSE,"North Korean IT contractor found remote work in New Zealand– agency



A North Korean IT worker used a fake identity to obtain remote work with a New Zealand company and then threat [...]",FALSE,"Non-English or mixed language tags"
"at://did:plc:fz3btcrosxx437bjjpe5xx7g/app.bsky.feed.post/3mwatsl6ajc2c","WFH","it's mildly funny to me they use an image of a robot when talking about 'AI' when that's a completely different* technology? 
Those robots just remote work tool for outsourced low-paid staff.

*current AI boom bullshit, not like, learning algos for movement or w/e","en",TRUE,"it's mildly funny to me they use an image of a robot when talking about 'AI' when that's a completely different* technology? 
Those robots just remote work tool for outsourced low-paid staff.

*current AI boom bullshit, not like, learning algos for movement or w/e",TRUE,"Included"
"at://did:plc:kufsbeelsgp33mpm2xu2l2cf/app.bsky.feed.post/3mwarzid2hs2x","WFH","Tired of late-night Slack pings & guilt? 😫 Master remote work timezone etiquette! Learn when to PING vs. NOT NOW for SF, Bangalore, Dublin with Asleep. #RemoteWork #Timezones #SlackEtiquette https://asleep.today/blog/late-night-slack-guilt-remote-work-strategies-asynchronous-harmony","",FALSE,"Tired of late-night Slack pings & guilt? 😫 Master remote work timezone etiquette! Learn when to PING vs. NOT NOW for SF, Bangalore, Dublin with Asleep. #RemoteWork #Timezones #SlackEtiquette ",FALSE,"Missing language tag"
"at://did:plc:6oue7bcx5zgbpkl5upsuadwt/app.bsky.feed.post/3mwamqebqp52p","WFH","Bangkok Post – North Korean IT contractor ‘found remote work in New Zealand’

Man threatened to release sensitive information when exposed, says cybersecurity agency PUBLISHED : 24 Sep 2026 at 07:14 North Korean leader Kim Jong Un addresses a workshop for Workers' Party propaganda staff in…","",FALSE,"Bangkok Post – North Korean IT contractor 'found remote work in New Zealand'

Man threatened to release sensitive information when exposed, says cybersecurity agency PUBLISHED : 24 Sep 2026 at 07:14 North Korean leader Kim Jong Un addresses a workshop for Workers' Party propaganda staff in…",FALSE,"Missing language tag"
"at://did:plc:5sgdengdb2rtnwpshoqote64/app.bsky.feed.post/3mwamodoqws24","WFH","Why aren’t we encouraging employers who can offer remote work to do it?

Fewer commutes mean less gas used, lower costs for families, less traffic, and fewer emissions. Seems like an easy win for families, fuel conservation, and the environment.🤷🏼‍♀️⛽️🚗","en",TRUE,"Why aren't we encouraging employers who can offer remote work to do it?

Fewer commutes mean less gas used, lower costs for families, less traffic, and fewer emissions. Seems like an easy win for families, fuel conservation, and the environment.🤷🏼‍♀️⛽️🚗",TRUE,"Included"
"at://did:plc:5sgdengdb2rtnwpshoqote64/app.bsky.feed.post/3mwamlvgi7s24","WFH","Why aren’t we encouraging employers who can offer remote work to do it?

Fewer commutes mean less gas used, lower costs for families, less traffic, and fewer emissions. Seems like an easy win for families, fuel conservation, and the environment.","en",TRUE,"Why aren't we encouraging employers who can offer remote work to do it?

Fewer commutes mean less gas used, lower costs for families, less traffic, and fewer emissions. Seems like an easy win for families, fuel conservation, and the environment.",TRUE,"Included"
"at://did:plc:nkzajaqcjjgpztdz7mx5pvr4/app.bsky.feed.post/3mwahkuvqqv2u","WFH","Learn about the legal provisions that govern remote work in Oman in our latest blog post by Rusul Al-Asfoor: blog.decree.om/2026/remote-...","",FALSE,"Learn about the legal provisions that govern remote work in Oman in our latest blog post by Rusul Al-Asfoor: ",FALSE,"Missing language tag"
"at://did:plc:iq4o6yip7iuaoxjkb6ok5mv6/app.bsky.feed.post/3mwadns366s2h","WFH","At a time when Remote Work is needed the most look at what these corporations are willing to pay you anyways.  In this case, it is call Center look at the wages. These people have lost their minds.","en",TRUE,"At a time when Remote Work is needed the most look at what these corporations are willing to pay you anyways.  In this case, it is call Center look at the wages. These people have lost their minds.",TRUE,"Included"
"at://did:plc:mkpkc72kapuk4hoo33oz7wwl/app.bsky.feed.post/3mwabln76is2u","WFH","In some states where commuting is an hour or more, remote workers have more time, more money, and considerably less stress. This alone is significant, but our roads are less congested and our air is cleaner.

Remote work is a no brainer.","en",TRUE,"In some states where commuting is an hour or more, remote workers have more time, more money, and considerably less stress. This alone is significant, but our roads are less congested and our air is cleaner.

Remote work is a no brainer.",TRUE,"Included"
"at://did:plc:uujho6gz7kabs6w6niq7gsdt/app.bsky.feed.post/3mwa7b2i3l223","WFH","Corporate media bosses wanted it that way. when you consider for them #metoo was boiling down to punishing abuse of women in the work place, DEI was pushing back against discriminatory hiring, and remote work was being hailed as a universal good. It becomes pretty clear why the bosses couldn’t abide","en",TRUE,"Corporate media bosses wanted it that way. when you consider for them #metoo was boiling down to punishing abuse of women in the work place, DEI was pushing back against discriminatory hiring, and remote work was being hailed as a universal good. It becomes pretty clear why the bosses couldn't abide",TRUE,"Included"
"at://did:plc:6oue7bcx5zgbpkl5upsuadwt/app.bsky.feed.post/3mwa74koq7v2i","WFH","Bangkok Post – North Korean IT contractor found remote work in New Zealand: agency

PUBLISHED : 24 Sep 2026 at 07:14 North Korea faces a slew of international sanctions over its weapons and nuclear programs, which ban its citizens from being issued work visas abroad among a litany of other…","",FALSE,"Bangkok Post – North Korean IT contractor found remote work in New Zealand: agency

PUBLISHED : 24 Sep 2026 at 07:14 North Korea faces a slew of international sanctions over its weapons and nuclear programs, which ban its citizens from being issued work visas abroad among a litany of other…",FALSE,"Missing language tag"
"at://did:plc:gjhrb2ofg7zi3ebbz4is7d4y/app.bsky.feed.post/3mwa5kt4ls72g","WFH","Pinterest built a Melbourne boots-on-the-ground team, with remote work centered on local cafe culture and leadership shaped by mentors.
","",FALSE,"Pinterest built a Melbourne boots-on-the-ground team, with remote work centered on local cafe culture and leadership shaped by mentors.
",FALSE,"Missing language tag"
"at://did:plc:cimtnpntuzrl5eknqgwqtks5/app.bsky.feed.post/3mwa5knebnp2v","WFH","Pinterest built a Melbourne boots-on-the-ground team, with remote work centered on local cafe culture and leadership shaped by mentors.
","",FALSE,"Pinterest built a Melbourne boots-on-the-ground team, with remote work centered on local cafe culture and leadership shaped by mentors.
",FALSE,"Missing language tag"
"at://did:plc:d32cfvbqhwkkfsk7rfwaiyet/app.bsky.feed.post/3mwa2jvirbj2j","WFH","A truck crashed into the Spokane Housing Authority building in north central Spokane last night, forcing the agency to close its offices and relocate staff to remote work while repairs are underway.

","",FALSE,"A truck crashed into the Spokane Housing Authority building in north central Spokane last night, forcing the agency to close its offices and relocate staff to remote work while repairs are underway.

",FALSE,"Missing language tag"
"at://did:plc:ubzl6vvuf22s3uy6yurjrvdf/app.bsky.feed.post/3mw7zifw2jh23","WFH","A North Korean IT contractor used a fake identity to secure remote work in New Zealand, then threatened to release sensitive information after exposure.
","",FALSE,"A North Korean IT contractor used a fake identity to secure remote work in New Zealand, then threatened to release sensitive information after exposure.
",FALSE,"Missing language tag"
"at://did:plc:ksubnc3tnvhynkmszhw5zsyh/app.bsky.feed.post/3mw7zi6limf2i","WFH","A North Korean IT contractor used a fake identity to secure remote work in New Zealand, then threatened to release sensitive information after exposure.
","",FALSE,"A North Korean IT contractor used a fake identity to secure remote work in New Zealand, then threatened to release sensitive information after exposure.
",FALSE,"Missing language tag"
"at://did:plc:sj3q7bq52ejz3oanpnk6i4v2/app.bsky.feed.post/3mw7zi5cxee26","WFH","A North Korean IT contractor used a fake identity to secure remote work in New Zealand, then threatened to release sensitive information after exposure.
","",FALSE,"A North Korean IT contractor used a fake identity to secure remote work in New Zealand, then threatened to release sensitive information after exposure.
",FALSE,"Missing language tag"
"at://did:plc:5i3ilwod3k4lcn4tdskko3kx/app.bsky.feed.post/3mw7xcy37gb25","WFH","🚀 New Remote Job Alert!
💼 Position: Account Manager - Remote Work
🏢 Company: BairesDev
🌍 Location: USA
📁 Category: Sales & Business
#RemoteJobs #RemoteWork #WorkFromHome #Hiring #JobOpportunity
Apply now: https://www.remote-work.app/job/bairesdev-account-manager-remote-work","",FALSE,"🚀 New Remote Job Alert!
💼 Position: Account Manager - Remote Work
🏢 Company: BairesDev
🌍 Location: USA
📁 Category: Sales & Business
#RemoteJobs #RemoteWork #WorkFromHome #Hiring #JobOpportunity
Apply now: ",FALSE,"Missing language tag"
"at://did:plc:xuxbdlgxqlh3m732hz7ll4ds/app.bsky.feed.post/3mw7wstiwls24","WFH","part of the reason I went to the beach btw was to get sunshine. Because as my grandmother says almost everytime she sees me, that I look pale.
Thats what lockdown and years of remote work does to you.
You'd think working 7 months in the sunshine state would be keep me dark, but those classrooms man.","en;es",FALSE,"part of the reason I went to the beach btw was to get sunshine. Because as my grandmother says almost everytime she sees me, that I look pale.
Thats what lockdown and years of remote work does to you.
You'd think working 7 months in the sunshine state would be keep me dark, but those classrooms man.",FALSE,"Non-English or mixed language tags"
"at://did:plc:ark7nxcfhgxp4gwdsbzcpnoo/app.bsky.feed.post/3mw7vyg3phs2j","WFH","Looking for a job at the moment. Previous experience with interface and interaction design, front-end development, software engineering, graphic design, photography, live audio engineering, etc.

Living in Jyväskylä, Finland.
Remote work preferred.","en",TRUE,"Looking for a job at the moment. Previous experience with interface and interaction design, front-end development, software engineering, graphic design, photography, live audio engineering, etc.

Living in Jyväskylä, Finland.
Remote work preferred.",TRUE,"Included"
"at://did:plc:7i65y6b6cpddxvzqeplxc5qa/app.bsky.feed.post/3mw7ny735jk27","WFH","It had been a while since I’d yelled at the TV like a straight bro who thinks he’s a remote work only football coach...","en",TRUE,"It had been a while since I'd yelled at the TV like a straight bro who thinks he's a remote work only football coach...",TRUE,"Included"
"at://did:plc:apohfz4tqb3j4lixofk4ywkd/app.bsky.feed.post/3mw7kly4ozk2g","WFH","$200 TO GO ($435 total) WEEKLY ROOM RENT FOR TATI RN URGENT
~$200 TO GO WEEK'S FOOD & MEDS ALSO URGENT

Disabled. Chronically ill. Bedridden. Homeless. Trying to recover enough for remote work. 40 ppl $10 each helps her do that.

Pls RS/QS. Pls do what you can. #HelpFolksLive2026","en",TRUE,"$200 TO GO ($435 total) WEEKLY ROOM RENT FOR TATI RN URGENT
~$200 TO GO WEEK'S FOOD & MEDS ALSO URGENT

Disabled. Chronically ill. Bedridden. Homeless. Trying to recover enough for remote work. 40 ppl $10 each helps her do that.

Pls RS/QS. Pls do what you can. #HelpFolksLive2026",TRUE,"Included"
"at://did:plc:zlkbi3tbcbkhnulrjlsl7og4/app.bsky.feed.post/3mw7kazscqb24","WFH","Think Vienna prices? Krems an der Donau offers Danube-side living—and a 2026 guide to real costs: homes, neighborhoods, remote work & relocation tips. #Krems #LowerAustria #DanubeLiving #RelocationGuide #Austria","",FALSE,"Think Vienna prices? Krems an der Donau offers Danube-side living—and a 2026 guide to real costs: homes, neighborhoods, remote work & relocation tips. #Krems #LowerAustria #DanubeLiving #RelocationGuide #Austria",FALSE,"Missing language tag"
"at://did:plc:25b36seb5gr2eyhsvx4ngtij/app.bsky.feed.post/3mw7eno6kgs2m","WFH","#NowHiring: #Remote #CustomerServiceRepresentative – $30/Hour - #Customer #Service & #CallCenter #Employment - #Austin, TX at #Geebo

Texas Real Energy Ltd. is currently seeking a Customer Service Representative in a remote work-from-home position.

geebo.com/jobs-online/...","en",TRUE,"#NowHiring: #Remote #CustomerServiceRepresentative – $30/Hour - #Customer #Service & #CallCenter #Employment - #Austin, TX at #Geebo

Texas Real Energy Ltd. is currently seeking a Customer Service Representative in a remote work-from-home position.

",TRUE,"Included"
"at://did:plc:rtp3l74ewza3fj3xawe7vwc5/app.bsky.feed.post/3mw7e7y5esc2z","WFH","📢 North Korea has used an IT worker to clandestinely obtain remote work with a New Zealand business to earn foreign currency.","en",TRUE,"📢 North Korea has used an IT worker to clandestinely obtain remote work with a New Zealand business to earn foreign currency.",TRUE,"Included"
"at://did:plc:yz3mevhw47d6mkipfl2fhelz/app.bsky.feed.post/3mw7dvchktt2q","WFH","North Korea uses remote IT worker to clandestinely earn NZ currency","en",TRUE,"North Korea uses remote IT worker to clandestinely earn NZ currency",TRUE,"Included"
"at://did:plc:k3rnpwdjecfckqib7q77g2m3/app.bsky.feed.post/3mw7d3a5b4k2j","WFH","From Postwar Housing Solution to 'Brady Bunch' Fame—Is the Split-Level Home Ready for a Comeback?

https://flip.it/yFXjbT","",FALSE,"From Postwar Housing Solution to 'Brady Bunch' Fame—Is the Split-Level Home Ready for a Comeback?

",FALSE,"Missing language tag"
"at://did:plc:xkerqp2frxw4zhggchytgbp4/app.bsky.feed.post/3mw7d32hthp26","WFH","From Postwar Housing Solution to 'Brady Bunch' Fame—Is the Split-Level Home Ready for a Comeback?

https://flip.it/yFXjbT","",FALSE,"From Postwar Housing Solution to 'Brady Bunch' Fame—Is the Split-Level Home Ready for a Comeback?

",FALSE,"Missing language tag"
"at://did:plc:brhghx7kmjy3cjdxt44aeoju/app.bsky.feed.post/3mw7auhcjsm2w","WFH","For years, the industry told us the VPN was the gold standard for remote work. I've seen too many leaders treat that encrypted tunnel as a magic shield. 1/3","",FALSE,"For years, the industry told us the VPN was the gold standard for remote work. I've seen too many leaders treat that encrypted tunnel as a magic shield. 1/3",FALSE,"Missing language tag"
"at://did:plc:advvujnlgn7togiad57e3nsd/app.bsky.feed.post/3mw77rqyjq22n","WFH","That was on top of the organic covid exodus out of GTA with the rise in remote work.  It was a double whammy for those towns.","en",TRUE,"That was on top of the organic covid exodus out of GTA with the rise in remote work.  It was a double whammy for those towns.",TRUE,"Included"
"at://did:plc:dmaz35evsaf3izu7um6srisz/app.bsky.feed.post/3mw75rwrncd2c","WFH","As Amazon, Starbucks, and Zoom pull back on flexibility and benefits, other employers have an opening. Remote work, hybrid schedules, and stronger leave policies can become recruiting advantages again. trib.al/w2LcRHL","",FALSE,"As Amazon, Starbucks, and Zoom pull back on flexibility and benefits, other employers have an opening. Remote work, hybrid schedules, and stronger leave policies can become recruiting advantages again. ",FALSE,"Missing language tag"
"at://did:plc:j7fme5bq3pw7qups74gt6j7i/app.bsky.feed.post/3mw73vatoak2r","WFH","The reason im doing it though isn't as fun though, even though I've been told that I'm gonna be hired as soon as work is available at my studio, if I want to safely get EI, I have to start applying again, and I have to hope that where ever I apply to allows for remote work","en",TRUE,"The reason im doing it though isn't as fun though, even though I've been told that I'm gonna be hired as soon as work is available at my studio, if I want to safely get EI, I have to start applying again, and I have to hope that where ever I apply to allows for remote work",TRUE,"Included"
"at://did:plc:oka2d3ivqbam434oushbufvi/app.bsky.feed.post/3mw73bh62hc2z","WFH","The ""trying to do remote-work side hustles at my full-time job"" struggle resulted in me accessing my old Granblue Fantasy account... And it's crazy how I've surpassed it, with my Steam account, in less than three months?

Honestly got a little choked up seeing the Yggy Brigade. 🥹","en",TRUE,"The ""trying to do remote-work side hustles at my full-time job"" struggle resulted in me accessing my old Granblue Fantasy account... And it's crazy how I've surpassed it, with my Steam account, in less than three months?

Honestly got a little choked up seeing the Yggy Brigade. 🥹",TRUE,"Included"
"at://did:plc:meebc75altsav3pgyz4b3g5o/app.bsky.feed.post/3mw72oydycs2j","WFH","Promote public transport and build active mobility infrastructure such as dedicated cycling lanes and safe parking. Encourage ride-sharing and domestic travel by train. Lower speed limits on highways. Teach economic driving to reduce fuel consumption.

#Sufficiency

www.iea.org/news/new-iea...","en",TRUE,"Promote public transport and build active mobility infrastructure such as dedicated cycling lanes and safe parking. Encourage ride-sharing and domestic travel by train. Lower speed limits on highways. Teach economic driving to reduce fuel consumption.

#Sufficiency

",TRUE,"Included"
"at://did:plc:4ocvxwzgz3bzbdhcprktxwkc/app.bsky.feed.post/3mw6xa3vkzs2o","WFH","listening to my most annoying coworker do a routine-by-routine recap of last night's DWTS should be enough for me to petition for permanent remote work status imo","en",TRUE,"listening to my most annoying coworker do a routine-by-routine recap of last night's DWTS should be enough for me to petition for permanent remote work status imo",TRUE,"Included"
"at://did:plc:7irf4pyfsfa3xz5fdwwq5g2q/app.bsky.feed.post/3mw6vyfimxa2f","WFH","Remote work, hybrid work, AI, compliance, and workplace strategy. Join SpringLaw on Oct. 29 for The Future of Work 2026.
Learn more: https://bit.ly/4wqk4he
.
.
.
#FutureOfWork #EmploymentLaw","",FALSE,"Remote work, hybrid work, AI, compliance, and workplace strategy. Join SpringLaw on Oct. 29 for The Future of Work 2026.
Learn more: 
.
.
.
#FutureOfWork #EmploymentLaw",FALSE,"Missing language tag"
"at://did:plc:5i3ilwod3k4lcn4tdskko3kx/app.bsky.feed.post/3mw6vnztmfb2n","WFH","🚀 New Remote Job Alert!
💼 Position: Growth Marketing Specialist  - Remote Work
🏢 Company: BairesDev
🌍 Location: USA
📁 Category: Marketing
#RemoteJobs #RemoteWork #WorkFromHome #Hiring #JobOpportunity
Apply now: https://www.remote-work.app/job/bairesdev-growth-marketing-specialist-remote-work","",FALSE,"🚀 New Remote Job Alert!
💼 Position: Growth Marketing Specialist  - Remote Work
🏢 Company: BairesDev
🌍 Location: USA
📁 Category: Marketing
#RemoteJobs #RemoteWork #WorkFromHome #Hiring #JobOpportunity
Apply now: ",FALSE,"Missing language tag"
"at://did:plc:httu5qrryewbun6nrt6xufqv/app.bsky.feed.post/3mw6ucb3o3c2n","WFH","100%.  What Covid did for the adoption of videoconferencing (under 8-12% in 2019) and remote work, sudden and sustained spikes in energy prices will do for green energy.","en",TRUE,"100%.  What Covid did for the adoption of videoconferencing (under 8-12% in 2019) and remote work, sudden and sustained spikes in energy prices will do for green energy.",TRUE,"Included"
"at://did:plc:n7mptugolk4qwjjeq65icmxl/app.bsky.feed.post/3mw6supkoec2n","WFH","Which companies are allowing more remote work days because of gas prices?","en",TRUE,"Which companies are allowing more remote work days because of gas prices?",TRUE,"Included"
"at://did:plc:tfsefp5skxsk2s53jz55juv2/app.bsky.feed.post/3mw6rtwcpp224","WFH","lol tempted to apply and speak to it only in pig latin","en",TRUE,"lol tempted to apply and speak to it only in pig latin",TRUE,"Included"
"at://did:plc:jlf6u3amiq5qgpwtiyedp7os/app.bsky.feed.post/3mw6richo6j22","WFH","Senior Software Engineer will lead design, development, and deployment of cloud-based enterprise SaaS for energy organizations, with remote work and no visa sponsorship.
","",FALSE,"Senior Software Engineer will lead design, development, and deployment of cloud-based enterprise SaaS for energy organizations, with remote work and no visa sponsorship.
",FALSE,"Missing language tag"
"at://did:plc:k3n5amejalosp3ursaq66u6h/app.bsky.feed.post/3mw6rib6evk2o","WFH","Senior Software Engineer will lead design, development, and deployment of cloud-based enterprise SaaS for energy organizations, with remote work and no visa sponsorship.
","",FALSE,"Senior Software Engineer will lead design, development, and deployment of cloud-based enterprise SaaS for energy organizations, with remote work and no visa sponsorship.
",FALSE,"Missing language tag"
"at://did:plc:vmkx7lvcmmcoiycsz4wqwioq/app.bsky.feed.post/3mw6rhlfg5i2k","WFH","Senior Software Engineer will lead design, development, and deployment of cloud-based enterprise SaaS for energy organizations, with remote work and no visa sponsorship.
","",FALSE,"Senior Software Engineer will lead design, development, and deployment of cloud-based enterprise SaaS for energy organizations, with remote work and no visa sponsorship.
",FALSE,"Missing language tag"
"at://did:plc:k3n5amejalosp3ursaq66u6h/app.bsky.feed.post/3mw6qrav7uf2n","WFH","A well-designed home office supports remote work and helps manage daily admin with organization and dedicated workspace.
","",FALSE,"A well-designed home office supports remote work and helps manage daily admin with organization and dedicated workspace.
",FALSE,"Missing language tag"
"at://did:plc:g46lsajb4yjsxnpzut7al6cg/app.bsky.feed.post/3mw6poy3rq42r","WFH","Remote working has a positive effect on staff retention, with employees who can work remotely around 40% less likely to leave their institution.","",FALSE,"Remote working has a positive effect on staff retention, with employees who can work remotely around 40% less likely to leave their institution.",FALSE,"Missing language tag"
"at://did:plc:ajbh37k36cu2bhutcexszkrb/app.bsky.feed.post/3mw6nrrqj5c2v","WFH","Virtual Desktop Market Size, Trends I Growth Analysis By 2035 www.marketresearchfuture.com/reports/virt...","en",TRUE,"Virtual Desktop Market Size, Trends I Growth Analysis By 2035 ",TRUE,"Included"
"at://did:plc:irtuz5ga77wkpe3j4c5zjufi/app.bsky.feed.post/3mw6nectqvs2j","WFH","'Iran cuts office hours, expands remote work amid fuel shortages.

Iran’s government is trying to change some work patterns as a way to save on fuel and energy amid struggles with shortages, damaged infrastructure and mounting economic pressure.'

www.aljazeera.com/economy/2026...","en",TRUE,"'Iran cuts office hours, expands remote work amid fuel shortages.

Iran's government is trying to change some work patterns as a way to save on fuel and energy amid struggles with shortages, damaged infrastructure and mounting economic pressure.'

",TRUE,"Included"
"at://did:plc:ttbn4qzwyc7a3by7uy4ngcgd/app.bsky.feed.post/3mw6mi5jrs42r","WFH","we've all thought it. now you can wear it. cozy organic hoodie,… https://softwearsayings.com/products/womens-organic-stella-nora-hoodie-stanley-stella-sasw035-remote-work-this-could-have-been-an-email?utm_source=bluesky&utm_medium=social&utm_campaign=scheduled&utm_content=441-832 #softwearsayings","",FALSE,"we've all thought it. now you can wear it. cozy organic hoodie,…  #softwearsayings",FALSE,"Missing language tag"
"at://did:plc:2huqvhocyryvdtwsnlzbnnnw/app.bsky.feed.post/3mw6j7exbj22h","WFH","PC Peripherals Market Size, Share and Growth Report 2035 www.marketresearchfuture.com/reports/pc-p...","en",TRUE,"PC Peripherals Market Size, Share and Growth Report 2035 ",TRUE,"Included"
"at://did:plc:s7xzopkupgp2lggv6ynrz325/app.bsky.feed.post/3mw6elwmjgo2t","WFH","https://wikisardinia.com/blog/cagliari-vs-alghero-for-digital-nomads-where-is-better-for-wi-fi-and-remote-work #DigitalNomad #Sardinia #RemoteWork #Alghero (2/2)","",FALSE," #DigitalNomad #Sardinia #RemoteWork #Alghero (2/2)",FALSE,"Missing language tag"
"at://did:plc:bltwj7bkmd473z4riuefmqbb/app.bsky.feed.post/3mw6bfvvabs24","WFH","AKSTORES is recruiting affiliate partners.
Approved affiliates can earn 30% commission on qualifying sales promoting digital products for remote work, productivity, AI, careers, entrepreneurship, Christian resources, and parenting.
Apply: akstores.gumroad.com/affiliates
Approval and terms apply.","en",TRUE,"AKSTORES is recruiting affiliate partners.
Approved affiliates can earn 30% commission on qualifying sales promoting digital products for remote work, productivity, AI, careers, entrepreneurship, Christian resources, and parenting.
Apply: 
Approval and terms apply.",TRUE,"Included"
"at://did:plc:kvw5j5ingob7utqsodade33n/app.bsky.feed.post/3mw6axqxpcs2r","WFH","The best-feeling scam there is 😂 another reason remote work is amazing for ADHD-havers","fr",FALSE,"The best-feeling scam there is 😂 another reason remote work is amazing for ADHD-havers",FALSE,"Non-English or mixed language tags"
"at://did:plc:6awymub7tyab6dtpcxotf77b/app.bsky.feed.post/3mw65ha3tlr2h","WFH","How to Get a Permanent Static IP at Home (and Why the Old Way No Longer Pays Off)

Need a fixed home IP for a NAS, remote work, smart home, or your bank? Compare the 4 ways to get a static IP — and the easiest, most secure modern option.","en",TRUE,"How to Get a Permanent Static IP at Home (and Why the Old Way No Longer Pays Off)

Need a fixed home IP for a NAS, remote work, smart home, or your bank? Compare the 4 ways to get a static IP — and the easiest, most secure modern option.",TRUE,"Included"
"at://did:plc:7s4o3tuufxok4rzusbmcquc7/app.bsky.feed.post/3mw5vuhtwqx26","WFH","The latest update for #CurrentWare includes ""Remote Work Security & Endpoint #DLP: How to Prevent Exfiltration on Distributed Laptops"".

#datasecurity #insiderthreat #cybersecurity https://opsmtrs.com/3uHtB7u","",FALSE,"The latest update for #CurrentWare includes ""Remote Work Security & Endpoint #DLP: How to Prevent Exfiltration on Distributed Laptops"".

#datasecurity #insiderthreat #cybersecurity ",FALSE,"Missing language tag"
"at://did:plc:ju5bw6oir4uolg6bebaqwq3y/app.bsky.feed.post/3mw5v4bmaii2f","WFH","⚡ Remote Business Development Representative at Smartling.
✅ Apply here: https://jobicy.com/jobs/149502-business-development-representative-3

#RemoteJobs #SaaSSales #SalesJobs #RemoteSales #RemoteWork","",FALSE,"⚡ Remote Business Development Representative at Smartling.
✅ Apply here: 

#RemoteJobs #SaaSSales #SalesJobs #RemoteSales #RemoteWork",FALSE,"Missing language tag"
"at://did:plc:66wvnez7xecq2a3jvsigxwfx/app.bsky.feed.post/3mw5nxw5xc22z","WFH","add: they also said for younger gens there's less stigma about returning home and making it work there thanks to remote work, +incentives to do so due to metros overcrowding and  gov't push repopulate rural areas and spread tourism around etc, but there is still some judgment about ""not making it""","en",TRUE,"add: they also said for younger gens there's less stigma about returning home and making it work there thanks to remote work, +incentives to do so due to metros overcrowding and  gov't push repopulate rural areas and spread tourism around etc, but there is still some judgment about ""not making it""",TRUE,"Included"
"at://did:plc:4gnprleup4worvbsdzqpzg2h/app.bsky.feed.post/3mw5kvc4jm723","WFH","Remote Work That Actually Works: A Practical Home Office Playbook

Struggling with remote work boundaries and distractions? Practical, no-fluff strategies for workspace, communication,...

https://peakworkflow.1450enterprises.com/remote-work-that-actually-works-a-practical-home-office-playbook/","",FALSE,"Remote Work That Actually Works: A Practical Home Office Playbook

Struggling with remote work boundaries and distractions? Practical, no-fluff strategies for workspace, communication,...

",FALSE,"Missing language tag"
"at://did:plc:k3n5amejalosp3ursaq66u6h/app.bsky.feed.post/3mw5iy7u4cp2l","WFH","Jotform’s success came from long-term focus, teamwork as strategy, and rejecting remote work norms.
","",FALSE,"Jotform's success came from long-term focus, teamwork as strategy, and rejecting remote work norms.
",FALSE,"Missing language tag"
"at://did:plc:5swvfd7eexxkvh4iqgppfxu2/app.bsky.feed.post/3mw5ixyvavp22","WFH","Jotform’s success came from long-term focus, teamwork as strategy, and rejecting remote work norms.
","",FALSE,"Jotform's success came from long-term focus, teamwork as strategy, and rejecting remote work norms.
",FALSE,"Missing language tag"
"at://did:plc:lihfimmoayi5tcwslew3gbfe/app.bsky.feed.post/3mw5evid3os2r","WFH","remote work is great but having meeting mainly happen at 6-11pm is starting to take a toll","en",TRUE,"remote work is great but having meeting mainly happen at 6-11pm is starting to take a toll",TRUE,"Included"
"at://did:plc:xo6giww5xldglc76xhlnwa5h/app.bsky.feed.post/3mw5dle5ams2b","WFH","I would like to appreciate the mandatory government safety training of Canada that is required to keep my job for kicking me into to setting up my remote work home setup in a reasonable and adulting kind of way","en",TRUE,"I would like to appreciate the mandatory government safety training of Canada that is required to keep my job for kicking me into to setting up my remote work home setup in a reasonable and adulting kind of way",TRUE,"Included"
"at://did:plc:5l3i63aodscu7smtjzvphdze/app.bsky.feed.post/3mw5blwuba22z","WFH","well and it cuts exchanges and loops, if you handle the meeting well, and with much more remote work, the amount of matching watercooler bypasses has gone down a lot","en",TRUE,"well and it cuts exchanges and loops, if you handle the meeting well, and with much more remote work, the amount of matching watercooler bypasses has gone down a lot",TRUE,"Included"
"at://did:plc:u7xbbbsj5oodr6btxe4a4nnu/app.bsky.feed.post/3mw57kvmnq22c","WFH","If you are looking for great remote work to make some extra cash, check out Mercor.
Lots of Excellent High-Paying Jobs & Opportunities!
Good Luck!
work.mercor.com?referralCode...","en",TRUE,"If you are looking for great remote work to make some extra cash, check out Mercor.
Lots of Excellent High-Paying Jobs & Opportunities!
Good Luck!
",TRUE,"Included"
"at://did:plc:ycsz7dlyv3q5b6ylqsttxvq5/app.bsky.feed.post/3mw56j64y5y2k","WFH","Why is US Eastern 12 or 13 hours behind Manila? Dates & math decoded!","",FALSE,"Why is US Eastern 12 or 13 hours behind Manila? Dates & math decoded!",FALSE,"Missing language tag"
"at://did:plc:uqcmrvmxw7tck2jveht4tz2x/app.bsky.feed.post/3mw545hwhe226","WFH","Ah. Mostly remote coworkers here before meetings. Working 16+hrs, volunteer work on occasion, more remote work, then gw/life. They got into the details of Leda's path which was to be the first I was going to try. This repeated until Cai's was the only left to start without too much spoilers. XD","en",TRUE,"Ah. Mostly remote coworkers here before meetings. Working 16+hrs, volunteer work on occasion, more remote work, then gw/life. They got into the details of Leda's path which was to be the first I was going to try. This repeated until Cai's was the only left to start without too much spoilers. XD",TRUE,"Included"
"at://did:plc:mjlmrpwnkhyvikvujigzqc5h/app.bsky.feed.post/3mw53qoyq6s2r","WFH","I love remote work. what do you mean I could do QC at 4am in the morning and it still count as work","en",TRUE,"I love remote work. what do you mean I could do QC at 4am in the morning and it still count as work",TRUE,"Included"
"at://did:plc:6qrqmq2jf2pw775myjiqblf3/app.bsky.feed.post/3mw53cdkqd22p","WFH","Found a job I'm qualified for!
It's not remote work.
It's in Mexico City....

Whelp.","en",TRUE,"Found a job I'm qualified for!
It's not remote work.
It's in Mexico City....

Whelp.",TRUE,"Included"
"at://did:plc:vhcmfvfmoendoekl2rfagu6p/app.bsky.feed.post/3mw522jcx4s27","WFH","www.ryanjhite.com/2025/07/20/r... they can't afford to live in the United States.  You get about 150 miles South of the border.  A single person could easily live on $1200 a month","en",TRUE," they can't afford to live in the United States.  You get about 150 miles South of the border.  A single person could easily live on $1200 a month",TRUE,"Included"
"at://did:plc:el2llcfwb4txh6a2lzlryjbx/app.bsky.feed.post/3mw4zp6goe22u","WFH","Great! Now please let qualified state workers return to remote work so they can save on gas and carbon emissions!","en",TRUE,"Great! Now please let qualified state workers return to remote work so they can save on gas and carbon emissions!",TRUE,"Included"
"at://did:plc:l2mov5eyyexr2xtnoh46uvib/app.bsky.feed.post/3mw4sfcd6ss2q","WFH","Having recently been on the job market, if you are looking for remote work (and even to a lesser extent if you’re not; the hiring manager at a government job that actually takes effort to apply for only ~10% of applicant were qualified), it absolutely is a high volume.","en",TRUE,"Having recently been on the job market, if you are looking for remote work (and even to a lesser extent if you're not; the hiring manager at a government job that actually takes effort to apply for only ~10% of applicant were qualified), it absolutely is a high volume.",TRUE,"Included"
"at://did:plc:cfsnainvafut3ddcbz3pi7es/app.bsky.feed.post/3mw4q3v6qb22p","WFH","Aside from my signature, I haven’t used or needed cursive in decades. There’s one non-digital clock in my office that hasn’t worked since we went to remote work in March 2000. Guess that’s useless, too. 🤷‍♀️","en",TRUE,"Aside from my signature, I haven't used or needed cursive in decades. There's one non-digital clock in my office that hasn't worked since we went to remote work in March 2000. Guess that's useless, too. 🤷‍♀️",TRUE,"Included"
"at://did:plc:bae7jqimasgxtoegbonzothg/app.bsky.feed.post/3mw4ofx4nzk2x","WFH","That's something I'm writing a blog for, but the constant networking and tracking of contacts, projects, opportunities is something I don't get paid for. 

At the same time, I enjoy the flexibility. I love the remote work. The ability to work on so many genres is fun and inspiring to me.","en",TRUE,"That's something I'm writing a blog for, but the constant networking and tracking of contacts, projects, opportunities is something I don't get paid for. 

At the same time, I enjoy the flexibility. I love the remote work. The ability to work on so many genres is fun and inspiring to me.",TRUE,"Included"
"at://did:plc:bae7jqimasgxtoegbonzothg/app.bsky.feed.post/3mw4ofx4fac2x","WFH","When traveling, reimbursements are often handled by employers. 

As a freelancer, if you agree ahead of time, you can bill your client for the costs associated of representing them in trade shows. 

I still have to sort out every receipt, subscription, cost and do a mini-P&L. Even remote work has—","en",TRUE,"When traveling, reimbursements are often handled by employers. 

As a freelancer, if you agree ahead of time, you can bill your client for the costs associated of representing them in trade shows. 

I still have to sort out every receipt, subscription, cost and do a mini-P&L. Even remote work has—",TRUE,"Included"
"at://did:plc:xsx3bphrwkgeo3qnfjhzmdra/app.bsky.feed.post/3mw4nbbwlds2d","WFH","Well, I guess it's time to find a new job 🙃 Company is sort of winding down from January... But why are all interesting things in the Randstad, and then require 3/4 days at the office. Not wasting 9-12 hours a week commuting.

What happened to remote work?","en",TRUE,"Well, I guess it's time to find a new job 🙃 Company is sort of winding down from January... But why are all interesting things in the Randstad, and then require 3/4 days at the office. Not wasting 9-12 hours a week commuting.

What happened to remote work?",TRUE,"Included"
"at://did:plc:5vkzvjql6hjpaf4nbq3dfagl/app.bsky.feed.post/3mw4n75xqmk2y","WFH","A new study finds that the 2019-2025 shift to remote work in the USA is associated with significant declines in air pollution (NO2), thus likely saving 1500-3500 lives each year:","en",TRUE,"A new study finds that the 2019-2025 shift to remote work in the USA is associated with significant declines in air pollution (NO2), thus likely saving 1500-3500 lives each year:",TRUE,"Included"
"at://did:plc:qchre7frbiybp6tudahlhu6x/app.bsky.feed.post/3mw4lbfmejs23","WFH","Well there have been several complaints about living costs in Portugal and in particular fuel costs (that rise more here than in the global markets) and do you know what one of our ministers said? ""Save fuel"". That from that government that is anti remote work and similar measures.","en",TRUE,"Well there have been several complaints about living costs in Portugal and in particular fuel costs (that rise more here than in the global markets) and do you know what one of our ministers said? ""Save fuel"". That from that government that is anti remote work and similar measures.",TRUE,"Included"
"at://did:plc:zvvfxczh2q5wj7svtzfqtfhy/app.bsky.feed.post/3mw4iopuxzc2v","WFH","Digital Marketing & Social Media  Intern
📍 Work Mode: Remote / Work From Home
⏳ Duration: 6–12 Months
🎓 Experience: Freshers / 0–1 Year
💼 Type: Internship (Unpaid)
🔗 Apply Now: bilvaleaf.com/career
#DigitalMarketing
#SEO
#SocialMediaMarketing
#ContentMarketing
#CareerOpportunity
#CareerGrowth","en",TRUE,"Digital Marketing & Social Media  Intern
📍 Work Mode: Remote / Work From Home
⏳ Duration: 6–12 Months
🎓 Experience: Freshers / 0–1 Year
💼 Type: Internship (Unpaid)
🔗 Apply Now: 
#DigitalMarketing
#SEO
#SocialMediaMarketing
#ContentMarketing
#CareerOpportunity
#CareerGrowth",TRUE,"Included"
"at://did:plc:v7wvtabl4o6u5f426wqncxcu/app.bsky.feed.post/3mw4imyeux42m","WFH","Having an additional child does leads to higher remote-work rates among women with children before COVID but not after, from Benjamin W. Cowan and Mohamed Hafis Zida www.nber.org/papers/w35763","",FALSE,"Having an additional child does leads to higher remote-work rates among women with children before COVID but not after, from Benjamin W. Cowan and Mohamed Hafis Zida ",FALSE,"Missing language tag"
"at://did:plc:ml64evtskmyupc4kefdudrwo/app.bsky.feed.post/3mw4iko4nsi2s","WFH","Remote work once sounded unrealistic. Now AI is challenging our assumptions about work again.

Sandy Hofmann’s story reminds me that transformation starts before the technology works. It starts when people believe a different way of working is possible.
youtu.be/BVQ7X9z6kMg?si=Aue...","",FALSE,"Remote work once sounded unrealistic. Now AI is challenging our assumptions about work again.

Sandy Hofmann's story reminds me that transformation starts before the technology works. It starts when people believe a different way of working is possible.
",FALSE,"Missing language tag"
"at://did:plc:vj644soje524eqisc7rciibf/app.bsky.feed.post/3mw4ic3ralk23","WFH","I called out of work because I feel shitty and I also need a mental health day to myself. I’ve been look for and applying to remote work because I can’t handle my sales job anymore + some days are difficult to get out of bed with my illness 😔","en",TRUE,"I called out of work because I feel shitty and I also need a mental health day to myself. I've been look for and applying to remote work because I can't handle my sales job anymore + some days are difficult to get out of bed with my illness 😔",TRUE,"Included"
"at://did:plc:3dtdhodknd2pfip3h5uczsns/app.bsky.feed.post/3mw4gtzzsvz2m","WFH","Sept 29: Whether they’re about mental health, remote work or accountability, conversations around workplace support have become more complex. 

Dr. Monique Gignac will share findings from a study about how perspectives and expectations about disability accommodation have evolved: buff.ly/eFnD3lz","",FALSE,"Sept 29: Whether they're about mental health, remote work or accountability, conversations around workplace support have become more complex. 

Dr. Monique Gignac will share findings from a study about how perspectives and expectations about disability accommodation have evolved: ",FALSE,"Missing language tag"
"at://did:plc:wtsercul64odhwht7z5g54et/app.bsky.feed.post/3mw4gsxin6t2d","WFH","I know a client looking for a full-time C# developer. Fully remote work, experienced devs, US only. MUST have experience with VB.NET as well. It's a project migrating an existing VB.NET webforms app to C#/Blazor. message me if you know anyone looking that fits the bill.","",FALSE,"I know a client looking for a full-time C# developer. Fully remote work, experienced devs, US only. MUST have experience with  as well. It's a project migrating an existing  webforms app to C#/Blazor. message me if you know anyone looking that fits the bill.",FALSE,"Missing language tag"
"at://did:plc:ygzshpypviygxi6kylrakaxt/app.bsky.feed.post/3mw4gdyf6ek2y","WFH",">Gets Fridays approved for remote work and decides to save all my invoicing and financial processing for Friday so I have something to do from home

>Has literally nothing to do in office now because the only things on my plate right now are invoicing and financial processing","en",TRUE,">Gets Fridays approved for remote work and decides to save all my invoicing and financial processing for Friday so I have something to do from home

>Has literally nothing to do in office now because the only things on my plate right now are invoicing and financial processing",TRUE,"Included"
"at://did:plc:6qz2l3duntulq6htc4qfzwnk/app.bsky.feed.post/3mw4fakm4a22n","WFH","so, my only real option is to find sustainable remote work and leave the US. FML, isekai me already, truck-kun","en",TRUE,"so, my only real option is to find sustainable remote work and leave the US. FML, isekai me already, truck-kun",TRUE,"Included"
"at://did:plc:hrgrjme5ozplgupa6zhxtgmx/app.bsky.feed.post/3mw4bdtzax22m","WFH","Kinda crazy that republicans aren’t pushing a return to remote work as a way to ease demand on gas and slow the drain on people’s wallets. Like even with their election chances dwindling they’re determined to wring as much money out of us as they can.","en",TRUE,"Kinda crazy that republicans aren't pushing a return to remote work as a way to ease demand on gas and slow the drain on people's wallets. Like even with their election chances dwindling they're determined to wring as much money out of us as they can.",TRUE,"Included"
"at://did:plc:rczl72jldb5pfjm6egtfqk5n/app.bsky.feed.post/3mw4akvcvr22l","WFH","My understanding is the enrollment forecasts were looking more realistic pre-pandemic. Makes sense, as many people moved out of high-cost areas when many jobs shifted to remote work. Then this ICE nonsense. Just goes to show the difficulty of making forecasts!","en",TRUE,"My understanding is the enrollment forecasts were looking more realistic pre-pandemic. Makes sense, as many people moved out of high-cost areas when many jobs shifted to remote work. Then this ICE nonsense. Just goes to show the difficulty of making forecasts!",TRUE,"Included"
"at://did:plc:crf6fcbsr53zgi4yvna76zwg/app.bsky.feed.post/3mw4aivs6v22k","WFH","New to Bluesky—I'm Jenn, Your WFH Bestie. I share:
• Legit remote jobs
• AI training work
• Flexible side hustles
• WFH tips + resources
• Scam awareness

I’m not the employer—I find opportunities and check the details. Looking for remote work? Reply with the role + country.","en",TRUE,"New to Bluesky—I'm Jenn, Your WFH Bestie. I share:
• Legit remote jobs
• AI training work
• Flexible side hustles
• WFH tips + resources
• Scam awareness

I'm not the employer—I find opportunities and check the details. Looking for remote work? Reply with the role + country.",TRUE,"Included"
"at://did:plc:57lsgxe654jymwynxj2vfjq6/app.bsky.feed.post/3mw46sddxu42k","WFH","No remote-work experience? Build proof instead. Create an honest practice sample: support emails, a spreadsheet, an SOP, a project plan, or a research brief. Label fictional work “Practice project” and explain your process.","en",TRUE,"No remote-work experience? Build proof instead. Create an honest practice sample: support emails, a spreadsheet, an SOP, a project plan, or a research brief. Label fictional work “Practice project” and explain your process.",TRUE,"Included"
"at://did:plc:bltwj7bkmd473z4riuefmqbb/app.bsky.feed.post/3mw46qkryks2y","WFH","Have an audience interested in remote work, AI, productivity, careers, entrepreneurship, Christian resources, or parenting?
Read the AKSTORES affiliate guide and learn how to apply for the 30% commission program:
akdigitalofficial.blogspot.com/2026/09/akst...
Affiliate income is not guaranteed.","en",TRUE,"Have an audience interested in remote work, AI, productivity, careers, entrepreneurship, Christian resources, or parenting?
Read the AKSTORES affiliate guide and learn how to apply for the 30% commission program:

Affiliate income is not guaranteed.",TRUE,"Included"
"at://did:plc:lc6hdhnjkgccd6ysi7e23pll/app.bsky.feed.post/3mw46jbq2ud22","WFH","Can the US ban Iranian airlines worldwide - and what would it mean?
->Al Jazeera | More on ""US sanctions on Iranian airlines"" at BigEarthData.ai","en",TRUE,"Can the US ban Iranian airlines worldwide - and what would it mean?
->Al Jazeera | More on ""US sanctions on Iranian airlines"" at ",TRUE,"Included"
"at://did:plc:u7xbbbsj5oodr6btxe4a4nnu/app.bsky.feed.post/3mw45kxq2xs2z","WFH","If you are looking for great remote work to make some extra cash, check out Mercor.
Lots of Amazing High-Paying Jobs & Opportunities!
Good Luck!
work.mercor.com?referralCode...","en",TRUE,"If you are looking for great remote work to make some extra cash, check out Mercor.
Lots of Amazing High-Paying Jobs & Opportunities!
Good Luck!
",TRUE,"Included"
"at://did:plc:l57xtcclnxkd3p535queikal/app.bsky.feed.post/3mw43bfytpt2x","WFH","It is not an argument for five days in an office. It means a team that never meets has left one specific medicine on the shelf.","en",TRUE,"It is not an argument for five days in an office. It means a team that never meets has left one specific medicine on the shelf.",TRUE,"Included"
"at://did:plc:trtrc2bhcrguk4yqkpnnrl6s/app.bsky.feed.post/3mw42upho6k2l","WFH","How #OffGrid #Solar Solutions Are Changing #Outdoor #PowerManagement

www.androidheadlines.com/2026/09/how-...","en",TRUE,"How #OffGrid #Solar Solutions Are Changing #Outdoor #PowerManagement

",TRUE,"Included"
"at://did:plc:fl2dao44r2alrukcl52gzyu5/app.bsky.feed.post/3mw3xiiregd2s","WFH","Hiring for Virtual Customer Service Representative REMOTE JOB USA

Position: Virtual Customer Service Representative
Date Posted: 22 September 2026
Salary: $15 per hour
Location: REMOTE, United States
Company: Teleperformance
APPLY HERE  

gulfcareerhunt.com/hiring-virtu...","en",TRUE,"Hiring for Virtual Customer Service Representative REMOTE JOB USA

Position: Virtual Customer Service Representative
Date Posted: 22 September 2026
Salary: $15 per hour
Location: REMOTE, United States
Company: Teleperformance
APPLY HERE  

",TRUE,"Included"
"at://did:plc:2zuflged7nuhnwd55uezo73r/app.bsky.feed.post/3mw3wnogeo52v","WFH","New Job Alert! 🚀

Greenwood Capital is hiring a Full-Stack Developer (Laravel + Vue/Inertia). UK-based with remote/work-from-home options. Competitive salary and great benefits! Apply here: larajobs.com/job/3938

#laravel","",FALSE,"New Job Alert! 🚀

Greenwood Capital is hiring a Full-Stack Developer (Laravel + Vue/Inertia). UK-based with remote/work-from-home options. Competitive salary and great benefits! Apply here: 

#laravel",FALSE,"Missing language tag"
"at://did:plc:kof5m3kj2lpme6dgia33ijrc/app.bsky.feed.post/3mw3s5anlsc2s","WFH","🏙️What does the rise of remote work mean for Istanbul?

The expansion of #Remote and #HybridWork is gradually reshaping Istanbul’s working landscape, influencing offices, commuting patterns and residential choices.

🔎Discover the Istanbul Use Case here: r-map.eu/istanbul-and...

#RMap","en",TRUE,"🏙️What does the rise of remote work mean for Istanbul?

The expansion of #Remote and #HybridWork is gradually reshaping Istanbul's working landscape, influencing offices, commuting patterns and residential choices.

🔎Discover the Istanbul Use Case here: 

#RMap",TRUE,"Included"
"at://did:plc:n4nnxmmlbum7kjnpvcmrehg3/app.bsky.feed.post/3mw3rumpgek2g","WFH","The 10 Best Mini PCs Under €500:

10. CHUWI UBox Ryzen 5 6600H
9. ACEMAGIC M1 Ryzen 7 7735HS
8. KAMRUI H1 Ryzen 7 7735HS
7. Acer Gadget e10 ERBox Ryzen 7 6800H
6. MLLSE G10 Ryzen 7 H 255
...
minipc-review.com/en/10-best-m...","en",TRUE,"The 10 Best Mini PCs Under €500:

10. CHUWI UBox Ryzen 5 6600H
9. ACEMAGIC M1 Ryzen 7 7735HS
8. KAMRUI H1 Ryzen 7 7735HS
7. Acer Gadget e10 ERBox Ryzen 7 6800H
6. MLLSE G10 Ryzen 7 H 255
...
",TRUE,"Included"
"at://did:plc:chuik2trwappjefyharoppjr/app.bsky.feed.post/3mw3qmp3ri52e","WFH","Rebuilding Startups: An Empirical Study on Remote Work and Skill Complementarity: Andrew Whinston","en",TRUE,"Rebuilding Startups: An Empirical Study on Remote Work and Skill Complementarity: Andrew Whinston",TRUE,"Included"
"at://did:plc:b64upirqenx3ab7gmaryrewy/app.bsky.feed.post/3mw3p5wur3s2e","WFH","併せてDinner table syndromeという言葉がある
食卓での会話が聴者のペースで進んでいく時、聴覚障害者にとっては孤独や疎外感を感じる場であるということ
とても心当たりがある
www.bbc.com/worklife/art...","ja",FALSE,"併せてDinner table syndromeという言葉がある
食卓での会話が聴者のペースで進んでいく時、聴覚障害者にとっては孤独や疎外感を感じる場であるということ
とても心当たりがある
",FALSE,"Non-English or mixed language tags"
"at://did:plc:pfwyry4ziyucb72762khssbk/app.bsky.feed.post/3mw3p4a7hxk2s","WFH","🚨 Major Legal Update for Remote Teams! The Supreme Court has ruled that employers CANNOT withhold pay simply because they failed to keep proper records or provide adequate remote work conditions. 📉💼

If you're working remotely, your right to timely payment is protected—even if the company's admin","",FALSE,"🚨 Major Legal Update for Remote Teams! The Supreme Court has ruled that employers CANNOT withhold pay simply because they failed to keep proper records or provide adequate remote work conditions. 📉💼

If you're working remotely, your right to timely payment is protected—even if the company's admin",FALSE,"Missing language tag"
"at://did:plc:s24o3i2gmddihekekk6tu6ac/app.bsky.feed.post/3mw3kep44tk2x","WFH","Whether work happens on-site, remotely or somewhere in between often depends on an employer’s organizational culture. 

A business professor explores how employers can make smart decisions about remote work before the next crisis strikes:","en",TRUE,"Whether work happens on-site, remotely or somewhere in between often depends on an employer's organizational culture. 

A business professor explores how employers can make smart decisions about remote work before the next crisis strikes:",TRUE,"Included"
"at://did:plc:hyhxwu377nhns3dprjqhjouj/app.bsky.feed.post/3mw3fkijgo32e","WFH","🔥 Удивительный факт: 70% сотрудников признаются, что в удаленке теряют креативность. За 5 лет в IT я заметил, как отсутствие живого общения убивает идеи. Как вы считаете, стоит ли возвращаться в офис ради инноваций? 🤔 #RemoteWork #Innovation #WorkCulture","en",TRUE,"🔥 Удивительный факт: 70% сотрудников признаются, что в удаленке теряют креативность. За 5 лет в IT я заметил, как отсутствие живого общения убивает идеи. Как вы считаете, стоит ли возвращаться в офис ради инноваций? 🤔 #RemoteWork #Innovation #WorkCulture",TRUE,"Included"
"at://did:plc:w5rbiq2urwyft7wdt53wgwa5/app.bsky.feed.post/3mw3dnmuei72b","WFH","Living in Ouagadougou requires navigating a complex security landscape and limited infrastructure for remote work. Budgeting here demands high allocations for private power solutions and secure transport, as standard utility reliability is low. Research the reality on the ground. rewireabroad.com","",FALSE,"Living in Ouagadougou requires navigating a complex security landscape and limited infrastructure for remote work. Budgeting here demands high allocations for private power solutions and secure transport, as standard utility reliability is low. Research the reality on the ground. ",FALSE,"Missing language tag"
"at://did:plc:njnk7mrdtdc66v7a7ur6af5k/app.bsky.feed.post/3mw3amy3vvs2x","WFH","era of remote work means there are more people who live in LA that work for San Francisco employers than those who live in Marin County","en",TRUE,"era of remote work means there are more people who live in LA that work for San Francisco employers than those who live in Marin County",TRUE,"Included"
"at://did:plc:zllltajtodhertc7rt23vfxz/app.bsky.feed.post/3mw36wkkmyl23","WFH","I spent the first two years of my transition disappearing, and being made to disappear. I eventually disappeared into a 1/2 bath and only came out to clean, cook, or take care of my kids. Then I'd go back to sleep or remote work. I spent 20y avoiding doctors. I was scared to break my life any harder","en",TRUE,"I spent the first two years of my transition disappearing, and being made to disappear. I eventually disappeared into a 1/2 bath and only came out to clean, cook, or take care of my kids. Then I'd go back to sleep or remote work. I spent 20y avoiding doctors. I was scared to break my life any harder",TRUE,"Included"
"at://did:plc:z5noovaagu3biwxedrfpp2if/app.bsky.feed.post/adow3q5e2ka22","WFH","RT @Kaizen_DSP: It still is unlimited you just need to learn how to SSH into your agent set up using Tailscale and Blink to do easy remote work instead of Astra or 5.6 Sol for everything. 

Use the unlimited ChatGPT prompts. Yeah copy pasting sucks but save the agentic power for when it’s needed","",FALSE,"RT : It still is unlimited you just need to learn how to SSH into your agent set up using Tailscale and Blink to do easy remote work instead of Astra or 5.6 Sol for everything. 

Use the unlimited ChatGPT prompts. Yeah copy pasting sucks but save the agentic power for when it's needed",FALSE,"Missing language tag"
"at://did:plc:fq2tzlswe5zujwvqqql52pwk/app.bsky.feed.post/3mw36ctz5ck2s","WFH","theconversation.com/how-employer...","en",TRUE,"",FALSE,"No retained English word tokens"
"at://did:plc:4gnprleup4worvbsdzqpzg2h/app.bsky.feed.post/3mw32gmjon524","WFH","Remote Work Isn’t the Problem: Fixing the Systems Underneath It

Remote and hybrid teams stall when systems are missing, not because of location. Here's how to fix async work, meetin...

https://peakworkflow.1450enterprises.com/remote-work-isnt-the-problem-fixing-the-systems-underneath-it/","",FALSE,"Remote Work Isn't the Problem: Fixing the Systems Underneath It

Remote and hybrid teams stall when systems are missing, not because of location. Here's how to fix async work, meetin...

",FALSE,"Missing language tag"
"at://did:plc:chuik2trwappjefyharoppjr/app.bsky.feed.post/3mw2vxvuegd2w","WFH","Remote Work and Compensation Inequality: Thwaites, Gregory","en",TRUE,"Remote Work and Compensation Inequality: Thwaites, Gregory",TRUE,"Included"
"at://did:plc:bjmnhyremc2itddohdgugspi/app.bsky.feed.post/3mw2tjzlrjh2u","WFH","If your company values output over presence, offers flexibility, and builds strong communication, remote work can thrive.

Is your workplace ready for this shift?","",FALSE,"If your company values output over presence, offers flexibility, and builds strong communication, remote work can thrive.

Is your workplace ready for this shift?",FALSE,"Missing language tag"
"at://did:plc:bjmnhyremc2itddohdgugspi/app.bsky.feed.post/3mw2tjy56ki2a","WFH","Step 5: Culture

Remote work isn’t just about location.

It’s about creating inclusion, autonomy, and focus.

Think about your company culture—does it truly support remote work or just tolerate it?","",FALSE,"Step 5: Culture

Remote work isn't just about location.

It's about creating inclusion, autonomy, and focus.

Think about your company culture—does it truly support remote work or just tolerate it?",FALSE,"Missing language tag"
"at://did:plc:bjmnhyremc2itddohdgugspi/app.bsky.feed.post/3mw2tjtaexy2a","WFH","Working from home isn't a perk at our company. It's a pillar of our culture.

Here's how remote work shapes everything we do 👇","",FALSE,"Working from home isn't a perk at our company. It's a pillar of our culture.

Here's how remote work shapes everything we do 👇",FALSE,"Missing language tag"
"at://did:plc:tw476nf7wgydwencenvhqvks/app.bsky.feed.post/3mw2rummmv22d","WFH","Remote work is a good thing. Remote work is a bad thing. Both things we will learn are true","en",TRUE,"Remote work is a good thing. Remote work is a bad thing. Both things we will learn are true",TRUE,"Included"
"at://did:plc:ycsz7dlyv3q5b6ylqsttxvq5/app.bsky.feed.post/3mw2nxjjmk22f","WFH","PHT vs. Pacific Time: The 15-to-16 hour gap demystified for work!","",FALSE,"PHT vs. Pacific Time: The 15-to-16 hour gap demystified for work!",FALSE,"Missing language tag"
"at://did:plc:e5bfb7bswvlj6j2xjsglmouf/app.bsky.feed.post/3mw2lyvmatb2y","WFH","Out of the Office, But at the Bargaining Table: Remote and Hybrid Work Move Into Collective Bargaining","",FALSE,"Out of the Office, But at the Bargaining Table: Remote and Hybrid Work Move Into Collective Bargaining",FALSE,"Missing language tag"
"at://did:plc:a4crqcbggoj6hsplbpqac7pd/app.bsky.feed.post/3mw2lywfdnc2m","WFH","Out of the Office, But at the Bargaining Table: Remote and Hybrid Work Move Into Collective Bargaining","",FALSE,"Out of the Office, But at the Bargaining Table: Remote and Hybrid Work Move Into Collective Bargaining",FALSE,"Missing language tag"
"at://did:plc:qqkeo4lcj4vvsv26moyitw44/app.bsky.feed.post/3mw2lyuleb72b","WFH","Out of the Office, But at the Bargaining Table: Remote and Hybrid Work Move Into Collective Bargaining","",FALSE,"Out of the Office, But at the Bargaining Table: Remote and Hybrid Work Move Into Collective Bargaining",FALSE,"Missing language tag"
"at://did:plc:ular7g76g77f74pv3yud4jb6/app.bsky.feed.post/3mw2lihoank2g","WFH","@newswise.bsky.social www.newswise.com/articles/rem...","en",TRUE,"@ ",FALSE,"No retained English word tokens"
"at://did:plc:ular7g76g77f74pv3yud4jb6/app.bsky.feed.post/3mw2lhjml7k2g","WFH","Working from home isn't all wine and roses. (You choose your breakfast, I'll choose mine.) 🍷

Though you get about an extra 15 minutes of sleep each night, you also spend an extra 45 minutes sitting. That adds up! Stay active, my science-keen colleauges! 🧪🚴‍♀️

www.utu.fi/en/news/pres...","en",TRUE,"Working from home isn't all wine and roses. (You choose your breakfast, I'll choose mine.) 🍷

Though you get about an extra 15 minutes of sleep each night, you also spend an extra 45 minutes sitting. That adds up! Stay active, my science-keen colleauges! 🧪🚴‍♀️

",TRUE,"Included"
"at://did:plc:xznryaosc27uvwz3fin3cxsv/app.bsky.feed.post/3mw2k26h74k2p","WFH","remote work (for the companies that stay open) is gonna become mandatory lol","en",TRUE,"remote work (for the companies that stay open) is gonna become mandatory lol",TRUE,"Included"
"at://did:plc:hpfc5zuxwgm5g5etwqy3uka3/app.bsky.feed.post/3mw2finmelc2i","WFH","If gas gets even $1 higher, a lot of jobs are going to start losing longtime employees due to commute cost. Unless they can offer remote work or at least hybrid-remote.","en",TRUE,"If gas gets even $1 higher, a lot of jobs are going to start losing longtime employees due to commute cost. Unless they can offer remote work or at least hybrid-remote.",TRUE,"Included"
"at://did:plc:voqwxrljz2oit4xq5ci5gx7u/app.bsky.feed.post/3mw2dagmbrs2j","WFH","My hag stuff is put on hold due to an utter avalanche of classwork. It shall come, though.

Meanwhile if anyone has any leads on jobs that a (sometimes) clever student of creative writing with epic customer service experience could be good for - particularly remote work - my DMs are open.","en",TRUE,"My hag stuff is put on hold due to an utter avalanche of classwork. It shall come, though.

Meanwhile if anyone has any leads on jobs that a (sometimes) clever student of creative writing with epic customer service experience could be good for - particularly remote work - my DMs are open.",TRUE,"Included"
"at://did:plc:vor3nx67qetqhok5y2j5xnyp/app.bsky.feed.post/3mw2cpmwrm42v","WFH","California state employees — Mandate 4-Day In-Office Work Kept","",FALSE,"California state employees — Mandate 4-Day In-Office Work Kept",FALSE,"Missing language tag"
"at://did:plc:3n5yokdsn3k6zksnujakfu4b/app.bsky.feed.post/3mw2c6c7tdk2p","WFH","How employers can make good decisions about remote work before the next crisis strikes
theconversation.com/how-employer...","en",TRUE,"How employers can make good decisions about remote work before the next crisis strikes
",TRUE,"Included"
"at://did:plc:bd3tsyfbahp7iyd7arqosfg2/app.bsky.feed.post/3mw2c54vji52n","WFH","Ever thought of retirement as a never-ending vacation? For digital nomads, it might just be that! With remote work on the rise, is the traditional retirement age becoming obsolete? Join the convo: how do you envision working—and living—later in life?","",FALSE,"Ever thought of retirement as a never-ending vacation? For digital nomads, it might just be that! With remote work on the rise, is the traditional retirement age becoming obsolete? Join the convo: how do you envision working—and living—later in life?",FALSE,"Missing language tag"
"at://did:plc:u5bxljlccphyfajrcasdfdkh/app.bsky.feed.post/3mw2c4vjznx24","WFH","Accommodations come in many forms: flexible schedules, assistive technology, workspace changes, modified duties or remote work. Many cost little and take only a short conversation. 
 
Get Started today:
888-833-8250
allsupes.help/genbs
 
#ReturnToWork #TicketToWork #AllsupES","",FALSE,"Accommodations come in many forms: flexible schedules, assistive technology, workspace changes, modified duties or remote work. Many cost little and take only a short conversation. 
 
Get Started today:
888-833-8250

 
#ReturnToWork #TicketToWork #AllsupES",FALSE,"Missing language tag"
"at://did:plc:katl2n3xfpfwpv45aiwwtbrb/app.bsky.feed.post/3mw2ac6xld226","WFH","I would also say: some of this has happened while working remotely, but remote work has cut down on it, and I think remote work as a norm has been massively beneficial for women","en",TRUE,"I would also say: some of this has happened while working remotely, but remote work has cut down on it, and I think remote work as a norm has been massively beneficial for women",TRUE,"Included"
"at://did:plc:hslirr7h6d7livppaxty435b/app.bsky.feed.post/3mw27s3b2f62d","WFH","Transflo Selected as a Premier Remote Work Employer for 2026 #United_States #Top_Workplaces #Tampa #remote_work #Transflo","",FALSE,"Transflo Selected as a Premier Remote Work Employer for 2026 #United_States #Top_Workplaces #Tampa #remote_work #Transflo",FALSE,"Missing language tag"
"at://did:plc:hslirr7h6d7livppaxty435b/app.bsky.feed.post/3mw27r3fs6l2u","WFH","Unanet Achieves Recognition as a Top Remote Workplace for 2026 #United_States #Unanet #Dulles #Top_Workplace #remote_work","",FALSE,"Unanet Achieves Recognition as a Top Remote Workplace for 2026 #United_States #Unanet #Dulles #Top_Workplace #remote_work",FALSE,"Missing language tag"
"at://did:plc:xke5kzjgqsubzyl7zh4jqzos/app.bsky.feed.post/3mw27cnx4u22w","WFH","My ability to hold a conversation has really atrophied from a combination of remote work and unemployment. Feel like I'm relearning basic interactions now.","en",TRUE,"My ability to hold a conversation has really atrophied from a combination of remote work and unemployment. Feel like I'm relearning basic interactions now.",TRUE,"Included"
"at://did:plc:apohfz4tqb3j4lixofk4ywkd/app.bsky.feed.post/3mw26xwgdd22w","WFH","$435 WEEK'S ROOM RENT + ~$275 WEEK'S FOOD & MEDS URGENT!

Tati's disabled, chronically ill, mostly bedridden, & homeless. Trying to recover enough for remote work but can't do that on the streets. 71 ppl $10 each keeps her safe for a week.

Pls RS/QS. Pls do what you can. #HelpFolksLive2026","en",TRUE,"$435 WEEK'S ROOM RENT + ~$275 WEEK'S FOOD & MEDS URGENT!

Tati's disabled, chronically ill, mostly bedridden, & homeless. Trying to recover enough for remote work but can't do that on the streets. 71 ppl $10 each keeps her safe for a week.

Pls RS/QS. Pls do what you can. #HelpFolksLive2026",TRUE,"Included"
"at://did:plc:nudexbtv4jappdosuugzyszg/app.bsky.feed.post/3mw26wgdccc2h","WFH","This is also rich considering the number of Louisville techies I know who are unemployed, under-employed, or only live here because they managed to hold on to remote work (myself included).","en",TRUE,"This is also rich considering the number of Louisville techies I know who are unemployed, under-employed, or only live here because they managed to hold on to remote work (myself included).",TRUE,"Included"
"at://did:plc:xpyexspffkrqpk5yglzwi54z/app.bsky.feed.post/3mw264j5vjc2v","WFH","New Orleans, LA/Remote Work: Community Archivist (term), The Visiting Room Project","",FALSE,"New Orleans, LA/Remote Work: Community Archivist (term), The Visiting Room Project",FALSE,"Missing language tag"
"at://did:plc:3nab5osp7aop74tj36xepfyj/app.bsky.feed.post/3mw24vea5ws2z","WFH","As someone who is often told that I look like I'm in my late twenties, early thirties and I'm 45 -- I do think remote work and less sunlight has helped immensely. Hahaha","en",TRUE,"As someone who is often told that I look like I'm in my late twenties, early thirties and I'm 45 -- I do think remote work and less sunlight has helped immensely. Hahaha",TRUE,"Included"
"at://did:plc:5ztrh4nttuubio62qt5b6yhc/app.bsky.feed.post/3mw24fpocig2u","WFH","Aledade was named a 2026 Remote Work Top Workplace based on confidential employee feedback, supported by remote-first operations and benefits for employees nationwide.
","",FALSE,"Aledade was named a 2026 Remote Work Top Workplace based on confidential employee feedback, supported by remote-first operations and benefits for employees nationwide.
",FALSE,"Missing language tag"
"at://did:plc:xms5nroqavwsnvlrzhdxnwd5/app.bsky.feed.post/3mw22pyiibc2b","WFH","Really would rather be doing anything other than being at work this morning.
 
I miss remote work. A 15-minute break nap is way easier to achieve if you can actually lay down lol","en",TRUE,"Really would rather be doing anything other than being at work this morning.
 
I miss remote work. A 15-minute break nap is way easier to achieve if you can actually lay down lol",TRUE,"Included"
"at://did:plc:tn76mfzhfevl6lnz6nnrg4h3/app.bsky.feed.post/3mw22lu4bdk2q","WFH","Valkas municipality adds remote work to retain specialists #municipalities #remotework #Vidzeme","",FALSE,"Valkas municipality adds remote work to retain specialists #municipalities #remotework #Vidzeme",FALSE,"Missing language tag"
"at://did:plc:hslirr7h6d7livppaxty435b/app.bsky.feed.post/3mvzzw2znav22","WFH","Roth Staffing Companies Recognized as a Leader in Remote Work Policies for 2026 #United_States #Orange,_California #Top_Workplaces #remote_work #Roth_Staffing","",FALSE,"Roth Staffing Companies Recognized as a Leader in Remote Work Policies for 2026 #United_States #Orange,_California #Top_Workplaces #remote_work #Roth_Staffing",FALSE,"Missing language tag"
"at://did:plc:2ys35qzvc265dtaltqdmgxcm/app.bsky.feed.post/3mvzzji63mn26","WFH","Government agencies will reduce in-person hours, promote public transport, expand free transit, and increase remote work to cut fuel and energy use amid shortages.
","",FALSE,"Government agencies will reduce in-person hours, promote public transport, expand free transit, and increase remote work to cut fuel and energy use amid shortages.
",FALSE,"Missing language tag"
"at://did:plc:k3n5amejalosp3ursaq66u6h/app.bsky.feed.post/3mvzxvnpg7w2c","WFH","Remote work can improve productivity and is linked to mental-health risks, with outcomes varying by study and worker circumstances.
","",FALSE,"Remote work can improve productivity and is linked to mental-health risks, with outcomes varying by study and worker circumstances.
",FALSE,"Missing language tag"
"at://did:plc:26axszm5joe3okusugnuw2gj/app.bsky.feed.post/3mvzxtbu2jm2f","WFH","Remote work can improve productivity and is linked to mental-health risks, with outcomes varying by study and worker circumstances.
","",FALSE,"Remote work can improve productivity and is linked to mental-health risks, with outcomes varying by study and worker circumstances.
",FALSE,"Missing language tag"
"at://did:plc:joxpffdd3w44tpol34fkx3rk/app.bsky.feed.post/3mvzwz43fjp2o","WFH","Work from home? Here are 5 ways to save money on remote work expenses.","",FALSE,"Work from home? Here are 5 ways to save money on remote work expenses.",FALSE,"Missing language tag"
"at://did:plc:qoohxcn6dtfg2jxn77clsdby/app.bsky.feed.post/3mvzwur7gfc26","WFH","It’s Monday and I had to go back to work, I wish I had more time off to laze around and recover but it is what it is. At least it’s remote work so it’s not that bad","en",TRUE,"It's Monday and I had to go back to work, I wish I had more time off to laze around and recover but it is what it is. At least it's remote work so it's not that bad",TRUE,"Included"
"at://did:plc:6if43vohxmohxuooa7bkkw5q/app.bsky.feed.post/3mvzwfzu6q42f","WFH","Tech Productivity #397 – techproductivity.co/archives/iss...

🏝️ Remote Work Destinations
📌 A Digital Corkboard for Writing & Research
👨‍🎓 What is Really Happening to Jobs?
🎯 First: A Block of Focused Work","",FALSE,"Tech Productivity #397 – 

🏝️ Remote Work Destinations
📌 A Digital Corkboard for Writing & Research
👨‍🎓 What is Really Happening to Jobs?
🎯 First: A Block of Focused Work",FALSE,"Missing language tag"
"at://did:plc:ffkmaqzx2aab2rciejjxbgtp/app.bsky.feed.post/3mvzupjrbbt2f","WFH","When Does California Employment Law Follow a Remote Worker Out of State? Lessons from Saberin v. Alation","",FALSE,"When Does California Employment Law Follow a Remote Worker Out of State? Lessons from Saberin v. Alation",FALSE,"Missing language tag"
"at://did:plc:zzgopkamp7p7vx4lvnytkxcs/app.bsky.feed.post/3mvzse5gxvb2o","WFH","Remote work: Online-only side gigs","",FALSE,"Remote work: Online-only side gigs",FALSE,"Missing language tag"
"at://did:plc:4gnprleup4worvbsdzqpzg2h/app.bsky.feed.post/3mvzs75ve5q2i","WFH","Hiring and Onboarding Remote Talent

The shift to remote work has fundamentally transformed the talent landscape for small businesses. While larger corpor...

https://peakworkflow.1450enterprises.com/hiring-and-onboarding-remote-talent/","",FALSE,"Hiring and Onboarding Remote Talent

The shift to remote work has fundamentally transformed the talent landscape for small businesses. While larger corpor...

",FALSE,"Missing language tag"
"at://did:plc:plttn5hxpitybigi4z3adl2x/app.bsky.feed.post/3mvzrlkkk262k","WFH","We’re honored to be recognized with a 2026 Remote Work Top Workplaces Award, based on feedback directly from our employees.

Read more: team.mediaocean.com/top-workplaces-2026-remote-work

#TopWorkplaces #RemoteWork #WorkplaceExcellence #LifeAtMediaocean","",FALSE,"We're honored to be recognized with a 2026 Remote Work Top Workplaces Award, based on feedback directly from our employees.

Read more: 

#TopWorkplaces #RemoteWork #WorkplaceExcellence #LifeAtMediaocean",FALSE,"Missing language tag"
"at://did:plc:bltwj7bkmd473z4riuefmqbb/app.bsky.feed.post/3mvzrfazsjk2l","WFH","Make content about AI, remote work, careers, parenting, or Christian resources?
AKSTORES is accepting affiliates with a 30% commission on qualifying sales.
Read the guide and apply:
akdigitalofficial.blogspot.com/2026/09/akst...
#AffiliateMarketing #DigitalProducts","en",TRUE,"Make content about AI, remote work, careers, parenting, or Christian resources?
AKSTORES is accepting affiliates with a 30% commission on qualifying sales.
Read the guide and apply:

#AffiliateMarketing #DigitalProducts",TRUE,"Included"
"at://did:plc:tcxcb2cowyi3k3wslr73n6hn/app.bsky.feed.post/3mvzrb4t4os2k","WFH","I can be flexible, but I reqlly resent the remote work agreement. There’s no enforcement mechanism, and no one who works for me understands the ECP can rescind it any time. Plus consistency is important! People who come in the same days every week are much happier!","en",TRUE,"I can be flexible, but I reqlly resent the remote work agreement. There's no enforcement mechanism, and no one who works for me understands the ECP can rescind it any time. Plus consistency is important! People who come in the same days every week are much happier!",TRUE,"Included"
"at://did:plc:3khgl7u4kvbx7p3axi3is6k3/app.bsky.feed.post/3mvzpxwjq3225","WFH","Congress should be paid same way American workers are. Foe hours on the job being productive and no remote work. To include their staffs","en",TRUE,"Congress should be paid same way American workers are. Foe hours on the job being productive and no remote work. To include their staffs",TRUE,"Included"
"at://did:plc:bhxhb2zv7pafqz3yg3pswwa5/app.bsky.feed.post/3mvzog7quyk2w","WFH","Or the listing hasn't been active for weeks.

That's one of the most frustrating parts of searching for remote work.

The problem isn't always finding enough jobs.

It's knowing which jobs are actually worth your time.

Old listings create noise.","en",TRUE,"Or the listing hasn't been active for weeks.

That's one of the most frustrating parts of searching for remote work.

The problem isn't always finding enough jobs.

It's knowing which jobs are actually worth your time.

Old listings create noise.",TRUE,"Included"
"at://did:plc:bltwj7bkmd473z4riuefmqbb/app.bsky.feed.post/3mvznv2vjnk2o","WFH","I’m recruiting affiliates for AKSTORES.
Approved affiliates earn 30% commission on qualifying sales of digital products covering remote work, productivity, AI, careers, entrepreneurship, Christian study, and kids’ activities.
Apply here:

akstores.gumroad.com/affiliates","en",TRUE,"I'm recruiting affiliates for AKSTORES.
Approved affiliates earn 30% commission on qualifying sales of digital products covering remote work, productivity, AI, careers, entrepreneurship, Christian study, and kids' activities.
Apply here:

",TRUE,"Included"
"at://did:plc:a4fviihh243lm3xrof3yququ/app.bsky.feed.post/3mvzidttmyr2k","WFH","was it why when I briefly was working in an office, I was seeing many people doing ""Café clope"" (coffee - smoke) breaks?  wondering how mnay people got influenced by this.  I guess remote work helped on not seing that habit?","",FALSE,"was it why when I briefly was working in an office, I was seeing many people doing ""Café clope"" (coffee - smoke) breaks?  wondering how mnay people got influenced by this.  I guess remote work helped on not seing that habit?",FALSE,"Missing language tag"
"at://did:plc:vwg4hgmtwmbanamljjbci2fm/app.bsky.feed.post/3mvzgssolr42p","WFH","Michigan State University is moving to online classes and remote work Monday after a power outage knocked out electricity to its East Lansing campus. Story: https://www.wxyz.com/news/michigan-state-university-moves-to-online-classes-remote-work-after-campus-power-outage ","",FALSE,"Michigan State University is moving to online classes and remote work Monday after a power outage knocked out electricity to its East Lansing campus. Story:  ",FALSE,"Missing language tag"
"at://did:plc:dey4bwz24c3j7riod2fzylbt/app.bsky.feed.post/3mvzcx7cgn225","WFH","After 30 years of employment in academia, I seek a 2-year sabbatical leave that will include the following:
- full salary
- remote work
- cost coverage for cycling around the world","en",TRUE,"After 30 years of employment in academia, I seek a 2-year sabbatical leave that will include the following:
- full salary
- remote work
- cost coverage for cycling around the world",TRUE,"Included"
"at://did:plc:dmaz35evsaf3izu7um6srisz/app.bsky.feed.post/3mvzcnzk2tz2m","WFH","'Remote work substantially increases isolation and worsens mental health ...' trib.al/nnYEKQP","",FALSE,"'Remote work substantially increases isolation and worsens mental health ...' ",FALSE,"Missing language tag"
"at://did:plc:bsd6j5bmfjg3nkktpvqk2dpn/app.bsky.feed.post/3mvzc4s4bsq52","WFH","Remote IT workers are moving away from tiny studios in Tbilisi and Batumi. They now want two-bedroom flats because they need a real office space, not a desk in the kitchen. The hype for micro-apartments was a mistake for long-term investors. Bigger units are […] 

[Original post on social.vir.group]","en",TRUE,"Remote IT workers are moving away from tiny studios in Tbilisi and Batumi. They now want two-bedroom flats because they need a real office space, not a desk in the kitchen. The hype for micro-apartments was a mistake for long-term investors. Bigger units are […] 

[Original post on ]",TRUE,"Included"
"at://did:plc:7o2t3kb5aake3ytcchocklgh/app.bsky.feed.post/3mvyzwrpqal2y","WFH","Hiring remote talent? 🇿🇦 
Post your job FREE on Virtual Staff South Africa and connect with skilled South African professionals actively seeking remote work. Build your remote team faster—without expensive job ads. virtualstaffsa.com
#Hiring #RemoteJobs","en",TRUE,"Hiring remote talent? 🇿🇦 
Post your job FREE on Virtual Staff South Africa and connect with skilled South African professionals actively seeking remote work. Build your remote team faster—without expensive job ads. 
#Hiring #RemoteJobs",TRUE,"Included"
"at://did:plc:3eiwusriemnybmaqb4adhb45/app.bsky.feed.post/3mvyz2ypljc2u","WFH","A Massive New Study of 588,000 Workers Links Working From Home to Isolation and Mental Health Problems

https://ift.tt/WCyRvEh

‘Remote work substantially increases isolation and worsens mental health …’

via Inc.com 

September 20, 2026 at 10:25PM","",FALSE,"A Massive New Study of 588,000 Workers Links Working From Home to Isolation and Mental Health Problems



'Remote work substantially increases isolation and worsens mental health …'

via  

September 20, 2026 at 10:25PM",FALSE,"Missing language tag"
"at://did:plc:bzqccc5hwazmtk7dloxpspwz/app.bsky.feed.post/3mvywjrkxuf2a","WFH","📢 REMOTE HIRING: Multilingual Language Experts needed IMMEDIATELY 📢

💰 $20-36/hr (depending on language & experience)
🌍 100% remote, work from anywhere
📝 Flexible schedule, contractor engagement
✅ No prior AI experience required

Apply through the link in the reply below.","",FALSE,"📢 REMOTE HIRING: Multilingual Language Experts needed IMMEDIATELY 📢

💰 $20-36/hr (depending on language & experience)
🌍 100% remote, work from anywhere
📝 Flexible schedule, contractor engagement
✅ No prior AI experience required

Apply through the link in the reply below.",FALSE,"Missing language tag"
"at://did:plc:uhougs5eek6wusph5xiicxet/app.bsky.feed.post/3mvytnbfjrs2r","WFH","does the remote work on you the same way where you’d balloon that big in that short amount of time?

hypothetically of course 👀","en",TRUE,"does the remote work on you the same way where you'd balloon that big in that short amount of time?

hypothetically of course 👀",TRUE,"Included"
"at://did:plc:kyn27rdsbtvxxb6hywp5vjcf/app.bsky.feed.post/3mvys436bxs23","WFH","I am so fucking sorry that you're having to deal with this bullshit. I haven't had experience with it myself, but I've known people who have found some okay remote work via ratracerebellion.com","en",TRUE,"I am so fucking sorry that you're having to deal with this bullshit. I haven't had experience with it myself, but I've known people who have found some okay remote work via ",TRUE,"Included"
"at://did:plc:xtnjjw5dg674rqtfonp2dxpv/app.bsky.feed.post/3mvyr66kvjc2g","WFH","erg, is this the link? www.linkedin.com/posts/jason-...","en",TRUE,"erg, is this the link? ",TRUE,"Included"
"at://did:plc:cu7ukrcknbkj3dt4hfnehgzs/app.bsky.feed.post/3mvynentrr22s","WFH","Ethos is a high-paying expert network that matches you to remote work opportunities based on your background and skills. 

Claim your invite here: agent.askethos.com/refer/i1dttm...

Or check our review article at aitrainer.work/guides/ethos...

#ethos #askEthos #AIjobs #remotejobs","en",TRUE,"Ethos is a high-paying expert network that matches you to remote work opportunities based on your background and skills. 

Claim your invite here: 

Or check our review article at 

#ethos #askEthos #AIjobs #remotejobs",TRUE,"Included"
"at://did:plc:rycgtop3jr4v6mik45yff5h5/app.bsky.feed.post/3mvyfeutadj27","WFH","the weekly report 🛋️ cozyjobs.com/reports...","",FALSE,"the weekly report 🛋️ ",FALSE,"Missing language tag"
"at://did:plc:ogjgrzjm5da632hdgsu24bax/app.bsky.feed.post/3mvyaawmbhy2l","WFH","Remote Work Is Here to Stay, but Rural Broadband Gaps Remain 

Remote work remains far above pre-pandemic levels, but rural participation trails urban areas as job mix and inadequate broadband limit opportunities for working from home. 

circleid.com/posts/remote...","",FALSE,"Remote Work Is Here to Stay, but Rural Broadband Gaps Remain 

Remote work remains far above pre-pandemic levels, but rural participation trails urban areas as job mix and inadequate broadband limit opportunities for working from home. 

",FALSE,"Missing language tag"
"at://did:plc:ycsz7dlyv3q5b6ylqsttxvq5/app.bsky.feed.post/3mvy5hrdgu62c","WFH","EST, EDT, PST, IST explained: Deciphering global timezone acronyms!","",FALSE,"EST, EDT, PST, IST explained: Deciphering global timezone acronyms!",FALSE,"Missing language tag"
"at://did:plc:52gy2tvytetceugz2lscwbky/app.bsky.feed.post/3mvy5hnywos2q","WFH","Any normal president would be pushing for a reduction in the demand right now, encouraging electrification, remote work, car pooling.  But Trump he doesn't know or care what is good for America or what is bad for America, he just knows what might* make him some money at our expense.","en",TRUE,"Any normal president would be pushing for a reduction in the demand right now, encouraging electrification, remote work, car pooling.  But Trump he doesn't know or care what is good for America or what is bad for America, he just knows what might* make him some money at our expense.",TRUE,"Included"
"at://did:plc:ieaogvnmruznzjj56wuffruh/app.bsky.feed.post/3mvxz5kwthr2v","WFH","A failure at the T.B. Simon Power Plant cut power to the East Lansing campus. Most buildings have power back, but steam and hot water service is still affected.","",FALSE,"A failure at the T.B. Simon Power Plant cut power to the East Lansing campus. Most buildings have power back, but steam and hot water service is still affected.",FALSE,"Missing language tag"
"at://did:plc:ecs3d3dwup5d52p3cuf54umv/app.bsky.feed.post/3mvyqgao5zk2i","WFH","How to Handle California FTB Residency Audits for Remote Founders: A Step-by-Step Tax Strategy

California’s Franchise Tax Board can assess California income tax on remote founders it deems “residents,” and audits often reach back 4 years (longer if no return is filed). Remote work, frequent travel,","",FALSE,"How to Handle California FTB Residency Audits for Remote Founders: A Step-by-Step Tax Strategy

California's Franchise Tax Board can assess California income tax on remote founders it deems “residents,” and audits often reach back 4 years (longer if no return is filed). Remote work, frequent travel,",FALSE,"Missing language tag"
"at://did:plc:br7iwmmmrgn3qj2e2mjnjqvf/app.bsky.feed.post/3mvxy5xvg322n","WFH","Because hey fuck disabled people, right? And single parents. And worker choice. And our roads packed with unnecessary commuter traffic. And our environment…

There is no good reason to mandate against work flexibility or remote work.","en",TRUE,"Because hey fuck disabled people, right? And single parents. And worker choice. And our roads packed with unnecessary commuter traffic. And our environment…

There is no good reason to mandate against work flexibility or remote work.",TRUE,"Included"
"at://did:plc:nltj4wrbcfa5lfuocmaeeok6/app.bsky.feed.post/3mvxxdr3jnf2b","WFH","REMOTE WORK
START WITH NO EXPERIENCE
FLEXIBLE SCHEDULE
FREE TRAINING FROM SCRATCH
WORK WITHOUT STRESS
STABLE WEEKLY PAYOUTS 💸
GIRLS 18-27 YEARS OLD","en",TRUE,"REMOTE WORK
START WITH NO EXPERIENCE
FLEXIBLE SCHEDULE
FREE TRAINING FROM SCRATCH
WORK WITHOUT STRESS
STABLE WEEKLY PAYOUTS 💸
GIRLS 18-27 YEARS OLD",TRUE,"Included"
"at://did:plc:lledbzywvdnzn2hb5m2gtb6f/app.bsky.feed.post/3mvxuorgrps2u","WFH","Go get your heart checked asap, if you haven't already. We're both in the middle of the caregivers' curse, and it is a very real danger.

I'm lucky in that I augment my new remote work with some art sales and a (tiny) investment income. I'm not even considering trying for another 9-2 day job yet.","en",TRUE,"Go get your heart checked asap, if you haven't already. We're both in the middle of the caregivers' curse, and it is a very real danger.

I'm lucky in that I augment my new remote work with some art sales and a (tiny) investment income. I'm not even considering trying for another 9-2 day job yet.",TRUE,"Included"
"at://did:plc:ifumhhaayyfzpxilamgzdhv4/app.bsky.feed.post/3mvxsmyne5k2e","WFH","Managing a distributed workforce is easier with smart scheduling. See how AI task tools keep remote teams perfectly aligned. 🌐

smartupworld.com/best-ai-task... #RemoteWork #AITools #ProjectManagement #Tech","en",TRUE,"Managing a distributed workforce is easier with smart scheduling. See how AI task tools keep remote teams perfectly aligned. 🌐

 #RemoteWork #AITools #ProjectManagement #Tech",TRUE,"Included"
"at://did:plc:6656uiedn2oy54s72z2ucrlr/app.bsky.feed.post/3mvxsjkjao22n","WFH","I hope you have remote work or prepared to take time away, for every minute with your child. It’s critical, for both of you.","en;it",FALSE,"I hope you have remote work or prepared to take time away, for every minute with your child. It's critical, for both of you.",FALSE,"Non-English or mixed language tags"
"at://did:plc:25b36seb5gr2eyhsvx4ngtij/app.bsky.feed.post/3mvxojxixos2i","WFH","#NowHiring: #Remote #CustomerServiceRepresentative – $30/Hour - #Customer #Service & #CallCenter #Employment - #Austin, TX at #Geebo

Texas Real Energy Ltd. is currently seeking a Customer Service Representative in a remote work-from-home position.

geebo.com/jobs-online/...","en",TRUE,"#NowHiring: #Remote #CustomerServiceRepresentative – $30/Hour - #Customer #Service & #CallCenter #Employment - #Austin, TX at #Geebo

Texas Real Energy Ltd. is currently seeking a Customer Service Representative in a remote work-from-home position.

",TRUE,"Included"
"at://did:plc:apohfz4tqb3j4lixofk4ywkd/app.bsky.feed.post/3mvxkynhob22q","WFH","$150 TATI'S ROOM RENT THIS MORNING URGENT!

Disabled. Chronically ill. Mostly bedridden. Homeless. Trying to recover enough to do remote work. 15 ppl $10 each keeps her safe today. 80 ppl $10 each does a week's room rent + a week's food & meds.

Pls RS/QS. Pls do what you can. #HelpFolksLive2026","en",TRUE,"$150 TATI'S ROOM RENT THIS MORNING URGENT!

Disabled. Chronically ill. Mostly bedridden. Homeless. Trying to recover enough to do remote work. 15 ppl $10 each keeps her safe today. 80 ppl $10 each does a week's room rent + a week's food & meds.

Pls RS/QS. Pls do what you can. #HelpFolksLive2026",TRUE,"Included"
"at://did:plc:apohfz4tqb3j4lixofk4ywkd/app.bsky.feed.post/3mvxkxt3pgc2q","WFH","$150 ROOM RENT THIS MORNING URGENT!

Disabled. Chronically ill. Mostly bedridden. Homeless. Trying to recover enough to do remote work. 15 ppl $10 each keeps her safe today. 80 ppl $10 each does a week's room rent + a week's food & meds.

Pls RS/QS. Pls do what you can. #HelpFolksLive2026","en",TRUE,"$150 ROOM RENT THIS MORNING URGENT!

Disabled. Chronically ill. Mostly bedridden. Homeless. Trying to recover enough to do remote work. 15 ppl $10 each keeps her safe today. 80 ppl $10 each does a week's room rent + a week's food & meds.

Pls RS/QS. Pls do what you can. #HelpFolksLive2026",TRUE,"Included"
"at://did:plc:7z6si6cjpmulvi4tamojtlth/app.bsky.feed.post/3mvxdr2vt3s2j","WFH","تمام الساعة 11:59 مساء بتوقيت PT. بعد هذا الموعد ستزيد أسعار التذاكر بشكل مباشر.

الآن هو الوقت المناسب لتأمين مقعدك وتجنب دفع مبالغ إضافية لنفس التجربة.

من وجهة نظرك هل لا تزال هذه التجمعات الفيزيائية هي الوسيلة الأسرع لبناء الشراكات التقنية في عصر الـ Remote Work.

أخبرنا برأيك في التعليقات","",FALSE,"تمام الساعة 11:59 مساء بتوقيت PT. بعد هذا الموعد ستزيد أسعار التذاكر بشكل مباشر.

الآن هو الوقت المناسب لتأمين مقعدك وتجنب دفع مبالغ إضافية لنفس التجربة.

من وجهة نظرك هل لا تزال هذه التجمعات الفيزيائية هي الوسيلة الأسرع لبناء الشراكات التقنية في عصر الـ Remote Work.

أخبرنا برأيك في التعليقات",FALSE,"Missing language tag"
"at://did:plc:k3n5amejalosp3ursaq66u6h/app.bsky.feed.post/3mvx3iyh74w2v","WFH","Remote work remains a stable, substantial employment arrangement, with women—especially parents—more likely than men to work from home.
","",FALSE,"Remote work remains a stable, substantial employment arrangement, with women—especially parents—more likely than men to work from home.
",FALSE,"Missing language tag"
"at://did:plc:o2nsu7h7nlcs7o45gtvemkrb/app.bsky.feed.post/3mvx3icmof52t","WFH","Remote work remains a stable, substantial employment arrangement, with women—especially parents—more likely than men to work from home.
","",FALSE,"Remote work remains a stable, substantial employment arrangement, with women—especially parents—more likely than men to work from home.
",FALSE,"Missing language tag"
"at://did:plc:kqumgd3s5tngpnupblenem5i/app.bsky.feed.post/3mvwtx5uzm22m","WFH","""remote work isn't work"" pilled post","en",TRUE,"""remote work isn't work"" pilled post",TRUE,"Included"
"at://did:plc:7yqndmumvqmdaqpak7j5234c/app.bsky.feed.post/3mvwj3a6go72w","WFH","NATO prepares for eastern flank escalation. Japan companies shift away from remote work. Jedi themed protests hit Lucas Museum over worker rights. A 22 year old was arrested in the Netherlands for a fatal shooting in Germany. Chicago Mayor Brandon Johnson amended renters rights ordinance.","en",TRUE,"NATO prepares for eastern flank escalation. Japan companies shift away from remote work. Jedi themed protests hit Lucas Museum over worker rights. A 22 year old was arrested in the Netherlands for a fatal shooting in Germany. Chicago Mayor Brandon Johnson amended renters rights ordinance.",TRUE,"Included"
"at://did:plc:w5rbiq2urwyft7wdt53wgwa5/app.bsky.feed.post/3mvwcpsgmgy2z","WFH","Relocating to Botswana requires navigating a stable but unique economy. With a population of only 2.35 million, Gaborone offers a low-density environment for remote work, but ensure your budget accounts for a high cost of imported goods and specialized logistics. rewireabroad.com","",FALSE,"Relocating to Botswana requires navigating a stable but unique economy. With a population of only 2.35 million, Gaborone offers a low-density environment for remote work, but ensure your budget accounts for a high cost of imported goods and specialized logistics. ",FALSE,"Missing language tag"
"at://did:plc:3q64qmuw2e4jb5eoi2xp4y2y/app.bsky.feed.post/3mvw7waymzc2e","WFH","This probably won't reach many people... If anyone can help steer me towards real remote work I'd appreciate it. ✌️🩵","en",TRUE,"This probably won't reach many people... If anyone can help steer me towards real remote work I'd appreciate it. ✌️🩵",TRUE,"Included"
"at://did:plc:4nw27ddc2lo4hypo7bmwnznc/app.bsky.feed.post/3mvw5ushu2c2t","WFH","Maybe they’ll finally agree remote work is a good option!","en",TRUE,"Maybe they'll finally agree remote work is a good option!",TRUE,"Included"
"at://did:plc:spgdlmoqopb2jsgc7modefnp/app.bsky.feed.post/3mvvuya36tc22","WFH","On the plus sides? Remote work mandates and folks with solar panels will be very proud of themselves. People will get their steps in.
On the downside, slowed transport of food goods leads to hunger, more mass layoffs as businesses close, brownouts causing loss of life when it hits a hospital.","en",TRUE,"On the plus sides? Remote work mandates and folks with solar panels will be very proud of themselves. People will get their steps in.
On the downside, slowed transport of food goods leads to hunger, more mass layoffs as businesses close, brownouts causing loss of life when it hits a hospital.",TRUE,"Included"
"at://did:plc:u7xbbbsj5oodr6btxe4a4nnu/app.bsky.feed.post/3mvvuhvw5es2q","WFH","If you are looking for great remote work to make some extra cash, check out Mercor.
Lots of Excellent High-Paying Jobs & Opportunities!
Good Luck!
work.mercor.com?referralCode...","en",TRUE,"If you are looking for great remote work to make some extra cash, check out Mercor.
Lots of Excellent High-Paying Jobs & Opportunities!
Good Luck!
",TRUE,"Included"
"at://did:plc:nwbhmmbjus433qpp6krtyuc6/app.bsky.feed.post/3mvvtn4w6xs2x","WFH","Sincere question, how and where has EA been correct about Pandemic Preparedness? I know that the tech industry in general was way more prepared for remote work than others.
cc: @davidshor.bsky.social","en",TRUE,"Sincere question, how and where has EA been correct about Pandemic Preparedness? I know that the tech industry in general was way more prepared for remote work than others.
cc: @",TRUE,"Included"
"at://did:plc:s7xzopkupgp2lggv6ynrz325/app.bsky.feed.post/3mvvss2ccng2h","WFH","https://tottubella.com/blog/cagliari-coffee-shops-for-remote-work-laptop-friendly-places-to-know #Cagliari #RemoteWork #DigitalNomad #Sardinia (2/2)","",FALSE," #Cagliari #RemoteWork #DigitalNomad #Sardinia (2/2)",FALSE,"Missing language tag"
"at://did:plc:s7xzopkupgp2lggv6ynrz325/app.bsky.feed.post/3mvvsrwbonv2k","WFH","Laptop, coffee and a few hours of work in Cagliari? Knowing which cafés are comfortable for remote work can make the difference between a productive morning and hunting for Wi-Fi all day. (1/2)","",FALSE,"Laptop, coffee and a few hours of work in Cagliari? Knowing which cafés are comfortable for remote work can make the difference between a productive morning and hunting for Wi-Fi all day. (1/2)",FALSE,"Missing language tag"
"at://did:plc:6pr52hhsq2pt6cgnoqdzwrr4/app.bsky.feed.post/3mvvqsun5fs2q","WFH","One thing I would hope is that the new labor contract they signed which had remote work provisions allows for a wider-dispersed team to work on the game, hopefully while still maintaining a level of cohesion and coherence.","en",TRUE,"One thing I would hope is that the new labor contract they signed which had remote work provisions allows for a wider-dispersed team to work on the game, hopefully while still maintaining a level of cohesion and coherence.",TRUE,"Included"
"at://did:plc:mczl3xs2vqdqzwiuctgurlhd/app.bsky.feed.post/3mvvkvxbfe223","WFH","I work in an office w people who are paid significantly more than I. (I'm an hourly assistant, they're salaried.) 
They get to work from home 1/2 the week - have since covid back to office.
I have to come in every day even though I COULD do some remote work.
With rising gas $ this is a PAY CUT.","en",TRUE,"I work in an office w people who are paid significantly more than I. (I'm an hourly assistant, they're salaried.) 
They get to work from home 1/2 the week - have since covid back to office.
I have to come in every day even though I COULD do some remote work.
With rising gas $ this is a PAY CUT.",TRUE,"Included"
"at://did:plc:a32qodbit7gzh6o5fmcunmmh/app.bsky.feed.post/3mvvkodyfac2a","WFH","Remote Work Opportunity – USA

I'm looking for individuals based in the United States who are interested in a short, paid opportunity.

Duration: 30 minutes

Compensation: $50

Location: United States

If you’re interested, please reach out for more details and to confirm your eligibility.","en",TRUE,"Remote Work Opportunity – USA

I'm looking for individuals based in the United States who are interested in a short, paid opportunity.

Duration: 30 minutes

Compensation: $50

Location: United States

If you're interested, please reach out for more details and to confirm your eligibility.",TRUE,"Included"
"at://did:plc:a32qodbit7gzh6o5fmcunmmh/app.bsky.feed.post/3mvvknenqbk2a","WFH","Remote Work Opportunity – USA

I'm looking for individuals based in the United States who are interested in a short, paid opportunity.

- Duration: 30 minutes
- Compensation: $50
- Location: United States

If you’re interested, please reach out for more details and to confirm your eligibility.","en",TRUE,"Remote Work Opportunity – USA

I'm looking for individuals based in the United States who are interested in a short, paid opportunity.

- Duration: 30 minutes
- Compensation: $50
- Location: United States

If you're interested, please reach out for more details and to confirm your eligibility.",TRUE,"Included"
"at://did:plc:vh4v5zt2zu2zqe7rxji6xnhc/app.bsky.feed.post/3mvvev4jsfc26","WFH","I have a plan.

Encourage petroleum use. Make cities unwalkable. Call remote work woke. Shit on EVs for decades. Pull the tax credits when they start catching on.

THEN manufacture a global oil-price nightmare!

A few get filthy rich. Everyone else suffers.

Can I be leader of the free world now?”","en",TRUE,"I have a plan.

Encourage petroleum use. Make cities unwalkable. Call remote work woke. Shit on EVs for decades. Pull the tax credits when they start catching on.

THEN manufacture a global oil-price nightmare!

A few get filthy rich. Everyone else suffers.

Can I be leader of the free world now?”",TRUE,"Included"
"at://did:plc:sd3wrvey3jtiznbhnoqi77r7/app.bsky.feed.post/3mvv6vmhlss2k","WFH","Axios AM is reporting - Dozens of nations have taken steps to cap, subsidize or lower taxes on various fuels, the International Energy Agency says. Governments are also taking steps to reduce demand, including more remote work and limiting government travel.

It is worth noting that America is not.","en",TRUE,"Axios AM is reporting - Dozens of nations have taken steps to cap, subsidize or lower taxes on various fuels, the International Energy Agency says. Governments are also taking steps to reduce demand, including more remote work and limiting government travel.

It is worth noting that America is not.",TRUE,"Included"
"at://did:plc:apohfz4tqb3j4lixofk4ywkd/app.bsky.feed.post/3mvv455sypk2y","WFH","$435 = WEEK'S ROOM RENT. ~$250 = WEEK'S FOOD & MEDS. ALL URGENT

Tati's disabled, chronically ill, mostly bedridden, & homeless. 69 ppl $10 each gets her safe for a week as she tries to recover enough for remote work.

Pls RS/QS. Pls do what you can. #HelpFolksLive2026","en",TRUE,"$435 = WEEK'S ROOM RENT. ~$250 = WEEK'S FOOD & MEDS. ALL URGENT

Tati's disabled, chronically ill, mostly bedridden, & homeless. 69 ppl $10 each gets her safe for a week as she tries to recover enough for remote work.

Pls RS/QS. Pls do what you can. #HelpFolksLive2026",TRUE,"Included"
"at://did:plc:apohfz4tqb3j4lixofk4ywkd/app.bsky.feed.post/3mvv44l3nys2y","WFH","$435 = WEEK'S ROOM RENT. ~$250 = WEEK'S FOOD & MEDS. ALL URGENT

Tati's disabled, chronically ill, mostly bedridden, & homeless. 69 ppl $10 each gets her safe for a week as she tries to recover enough for remote work.

Pls RS/QS. Pls do what you can. #HelpFolksLive2026","en",TRUE,"$435 = WEEK'S ROOM RENT. ~$250 = WEEK'S FOOD & MEDS. ALL URGENT

Tati's disabled, chronically ill, mostly bedridden, & homeless. 69 ppl $10 each gets her safe for a week as she tries to recover enough for remote work.

Pls RS/QS. Pls do what you can. #HelpFolksLive2026",TRUE,"Included"
"at://did:plc:my5x3kz6owobc5mcncdo4iwc/app.bsky.feed.post/3mvuzwafhwv2d","WFH","Spark Space provides internet to freelancers to connect to remote work and rebuild their careers, while also offering community classes and spaces for students to study. Help support their work by kicking in $5 or $10, and doing so weekly if you can: chuffed.org/project/spar...","",FALSE,"Spark Space provides internet to freelancers to connect to remote work and rebuild their careers, while also offering community classes and spaces for students to study. Help support their work by kicking in $5 or $10, and doing so weekly if you can: ",FALSE,"Missing language tag"
"at://did:plc:afn6hbqtwik5b5skccac6jmg/app.bsky.feed.post/3mvuznstay22x","WFH","Yep just nothing appealing that isn’t AI based systems remote work. Or insurance. Really wish I had had the money to go to school for gunsmithing like I originally wanted to do years ago. But here we are.","en",TRUE,"Yep just nothing appealing that isn't AI based systems remote work. Or insurance. Really wish I had had the money to go to school for gunsmithing like I originally wanted to do years ago. But here we are.",TRUE,"Included"
"at://did:plc:rt3vppj7qag2x4ngwc23fsgu/app.bsky.feed.post/3mvuxk5wx6k2w","WFH","A 97% union vote makes worker agency concrete: equal wages, healthcare, pensions, and remote-work protections. It challenges the idea that presence equals value. Here's something from Inkstone, which I work on. inkstone.blog/a-day","en",TRUE,"A 97% union vote makes worker agency concrete: equal wages, healthcare, pensions, and remote-work protections. It challenges the idea that presence equals value. Here's something from Inkstone, which I work on. ",TRUE,"Included"
"at://did:plc:iohwjhhusm2dnpq6vhwwylqx/app.bsky.feed.post/3mvuwkrccds2b","WFH","You may need more than one screen today. 😂 LSU-Ole Miss and Michigan State-Notre Dame headline a huge college-football Saturday, while Hallmark brings back Garage Sale Mysteries and the iHeartRadio Music Festival closes out Night 2. #CollegeFootball #GarageSaleMysteries #iHeartFestival #tvsky","en",TRUE,"You may need more than one screen today. 😂 LSU-Ole Miss and Michigan State-Notre Dame headline a huge college-football Saturday, while Hallmark brings back Garage Sale Mysteries and the iHeartRadio Music Festival closes out Night 2. #CollegeFootball #GarageSaleMysteries #iHeartFestival #tvsky",TRUE,"Included"
"at://did:plc:f7nfvma4oivfdrrkru2no3fe/app.bsky.feed.post/3mvun5mhp4c2x","WFH","There were 2 bits in particular:
1. SM ban letting big tech off the hook when we should be making those spaces as safe for everyone as possible.
2. The image of teens not interacting IRL being actually much more true for a lot of adults who remote work.","en",TRUE,"There were 2 bits in particular:
1. SM ban letting big tech off the hook when we should be making those spaces as safe for everyone as possible.
2. The image of teens not interacting IRL being actually much more true for a lot of adults who remote work.",TRUE,"Included"
"at://did:plc:uawh2h2422ptnitympfhiiht/app.bsky.feed.post/3mvun2xyju227","WFH","What are your thoughts on the future of remote work for software development? Back to office orrrr?","",FALSE,"What are your thoughts on the future of remote work for software development? Back to office orrrr?",FALSE,"Missing language tag"
"at://did:plc:spuzil56l7edbjy3bizqphgt/app.bsky.feed.post/3mvumwpryfes2","WFH","The Needle - United States - Remote - per word, DOE","",FALSE,"The Needle - United States - Remote - per word, DOE",FALSE,"Missing language tag"
"at://did:plc:spuzil56l7edbjy3bizqphgt/app.bsky.feed.post/3mvumosia3ey2","WFH","The Needle - United States - Remote - per word, DOE","",FALSE,"The Needle - United States - Remote - per word, DOE",FALSE,"Missing language tag"
"at://did:plc:spuzil56l7edbjy3bizqphgt/app.bsky.feed.post/3mvumltxuhjv2","WFH","The Needle - United States - Remote - per word, DOE","",FALSE,"The Needle - United States - Remote - per word, DOE",FALSE,"Missing language tag"
"at://did:plc:spuzil56l7edbjy3bizqphgt/app.bsky.feed.post/3mvumckqqbkl2","WFH","The Needle - United States - Remote - Commission","",FALSE,"The Needle - United States - Remote - Commission",FALSE,"Missing language tag"
"at://did:plc:spuzil56l7edbjy3bizqphgt/app.bsky.feed.post/3mvulrakw4ja2","WFH","The Needle - United States - Remote - $25+/hour","",FALSE,"The Needle - United States - Remote - $25+/hour",FALSE,"Missing language tag"
"at://did:plc:u7xbbbsj5oodr6btxe4a4nnu/app.bsky.feed.post/3mvujwmjhb225","WFH","If you are looking for great remote work to make some extra cash, check out Mercor.
Lots of Amazzing High-Paying Jobs & Opportunities!
Good Luck!
work.mercor.com?referralCode...","en",TRUE,"If you are looking for great remote work to make some extra cash, check out Mercor.
Lots of Amazzing High-Paying Jobs & Opportunities!
Good Luck!
",TRUE,"Included"
"at://did:plc:csyz4c25xuugnei4d4xovssz/app.bsky.feed.post/3mvuekfnjhs2u","WFH","this stuff wasn't possible when I was a kid. I was enrolled in schools for expat kids in Japan and public school in oz. Because my biological father was working and settled there. It was legally required! But there is a big loophole now because of remote work where they are technically still","en",TRUE,"this stuff wasn't possible when I was a kid. I was enrolled in schools for expat kids in Japan and public school in oz. Because my biological father was working and settled there. It was legally required! But there is a big loophole now because of remote work where they are technically still",TRUE,"Included"
"at://did:plc:64pf3pvhd6iaudtsgsn63yy6/app.bsky.feed.post/3mvu2fsapzn23","WFH","Bit reductive. Remote work scales fine, loneliness is a people problem you solve offline.","en",TRUE,"Bit reductive. Remote work scales fine, loneliness is a people problem you solve offline.",TRUE,"Included"
"at://did:plc:hyhxwu377nhns3dprjqhjouj/app.bsky.feed.post/3mvtxylpcfq2f","WFH","🔥 Убежден, что удаленная работа убивает инновации. 70% сотрудников признаются, что креативность страдает без живого общения. Лично я заметил, как идеи теряются в Zoom-коллах. Как вы считаете, можем ли мы вернуть креативность? #RemoteWork #Innovation #Creativity #WorkplaceDebate","en",TRUE,"🔥 Убежден, что удаленная работа убивает инновации. 70% сотрудников признаются, что креативность страдает без живого общения. Лично я заметил, как идеи теряются в Zoom-коллах. Как вы считаете, можем ли мы вернуть креативность? #RemoteWork #Innovation #Creativity #WorkplaceDebate",TRUE,"Included"
"at://did:plc:q75mdqouvrdabjozg7vtkwzi/app.bsky.feed.post/3mvtsbzuwhl2c","WFH","After a long day at work, I often find myself missing the warmth of conversation. Last week, I connected with a friendly stranger from Kenya on HEYID. We discussed our jobs and the challenges of remote work. It made me realize that no matter the distance, there's always someone ready to listen. h...","",FALSE,"After a long day at work, I often find myself missing the warmth of conversation. Last week, I connected with a friendly stranger from Kenya on HEYID. We discussed our jobs and the challenges of remote work. It made me realize that no matter the distance, there's always someone ready to listen. h...",FALSE,"Missing language tag"
"at://did:plc:aj5myd3ycbv6suoqcprekqkl/app.bsky.feed.post/3mvtsaznrqg2w","WFH","Some things are better left unshared. Silence, in the age of remote work, is not a failure of participation — it is a profound act of mercy toward yo...

#proverb #wisdom #dailyproverb #promptedwisdom #aiart
https://promptedwisdom.com/proverb/better-a-muted-microphone-than-a-thousand-colleagues","",FALSE,"Some things are better left unshared. Silence, in the age of remote work, is not a failure of participation — it is a profound act of mercy toward yo...

#proverb #wisdom #dailyproverb #promptedwisdom #aiart
",FALSE,"Missing language tag"
"at://did:plc:p56vopogheqwww7kvl4rbfss/app.bsky.feed.post/3mvtib7kcln24","WFH","I'm buzzing about South Korea's new 'workation' visa ✈️; if you've got remote work experience over a year and can show an annual income of $66K+, it's time to *pack your bags* for an unforgettable year or two!","en",TRUE,"I'm buzzing about South Korea's new 'workation' visa ✈️; if you've got remote work experience over a year and can show an annual income of $66K+, it's time to *pack your bags* for an unforgettable year or two!",TRUE,"Included"
"at://did:plc:naq5fl2dfv3nn6aw3he4strk/app.bsky.feed.post/3mvthvp4hx222","WFH","Game-dev friends, I'm now urgently looking for remote work!
I have 12+ years of total experience, and I've worn a lot of hats: lighting, graphics programming, modeling & texturing, environment art & design, tooling & workflow dev, and more!

DM me for info and inquiries!
Reshares also appreciated :)","en",TRUE,"Game-dev friends, I'm now urgently looking for remote work!
I have 12+ years of total experience, and I've worn a lot of hats: lighting, graphics programming, modeling & texturing, environment art & design, tooling & workflow dev, and more!

DM me for info and inquiries!
Reshares also appreciated :)",TRUE,"Included"
"at://did:plc:jrrm6kc2i4lmvpbw7hgnz3xs/app.bsky.feed.post/3mvtc7tm67k26","WFH","This is my opinion (partly informed by the way I perceive when doing remote work): I think spirits “see” our psychogeography of self. Less the physical aspects of the bodies we inhabit and more the mental projections of our sense of self as it has accreted over our lifetimes. ￼￼","en",TRUE,"This is my opinion (partly informed by the way I perceive when doing remote work): I think spirits “see” our psychogeography of self. Less the physical aspects of the bodies we inhabit and more the mental projections of our sense of self as it has accreted over our lifetimes. ￼￼",TRUE,"Included"
"at://did:plc:zz2cditskh7ybrcvgge23zr3/app.bsky.feed.post/3mvtc2i5uos24","WFH","My partner just started a new job so definitely won't have long service leave next year. 

Last time he had long service leave I was just finishing up a long contract so we both had 3 months off and travelled. 

This time he won't be able to. BUT remote work is a lot more possible now!","en",TRUE,"My partner just started a new job so definitely won't have long service leave next year. 

Last time he had long service leave I was just finishing up a long contract so we both had 3 months off and travelled. 

This time he won't be able to. BUT remote work is a lot more possible now!",TRUE,"Included"
"at://did:plc:d2a6z7z3bvdo47qfsr6ag4hu/app.bsky.feed.post/3mvtbmqddwc2c","WFH","I really liked the ""and if you log into paycom you'll see this time is actually classified as 'remote work' time and thus part of your work day"" with a demonstration that showed paycom does not say that anywhere actually and a drawn out ""well that's an error and I'll have to get someone to fix that""","en",TRUE,"I really liked the ""and if you log into paycom you'll see this time is actually classified as 'remote work' time and thus part of your work day"" with a demonstration that showed paycom does not say that anywhere actually and a drawn out ""well that's an error and I'll have to get someone to fix that""",TRUE,"Included"
"at://did:plc:n6vp7bmpmcoz3exqh2gtngxe/app.bsky.feed.post/3mvt6b5ue7r2s","WFH","Work files saved, logged off remote work session, weekend can begin now... after a quick visit to the physical therapy clinic, then a cheeseburger will somehow happen. #Friday","",FALSE,"Work files saved, logged off remote work session, weekend can begin now... after a quick visit to the physical therapy clinic, then a cheeseburger will somehow happen. #Friday",FALSE,"Missing language tag"
"at://did:plc:slx5jbd3bttxlh6f75tlljr6/app.bsky.feed.post/3mvt3vsm4422s","WFH","""This is what her remote work looks like (2007)""

#portrait #metart
#photography #art
#fineartphotography #photoart
#portraitphotography
#sensuel #female #nude #naked
#nudeart #erotic #fineartnude
#SexPositiveFeminism","ja",FALSE,"""This is what her remote work looks like (2007)""

#portrait #metart
#photography #art
#fineartphotography #photoart
#portraitphotography
#sensuel #female #nude #naked
#nudeart #erotic #fineartnude
#SexPositiveFeminism",FALSE,"Non-English or mixed language tags"
"at://did:plc:yjwxvc2bqmzeo5uyowiplhqh/app.bsky.feed.post/3mvt2udzydk2j","WFH","Some people can only manage caring for a dependent while working for a living in this way, and the fact that remote work is so common makes it much easier for them to get away with it.","en",TRUE,"Some people can only manage caring for a dependent while working for a living in this way, and the fact that remote work is so common makes it much easier for them to get away with it.",TRUE,"Included"
"at://did:plc:xvnxtz4bhz6zqewco24k7zxl/app.bsky.feed.post/3mvt2gcw2xs26","WFH","Absolutley! I suspect that's more of a real thing for remote work friendly places vs. studios who are in-office. similar mechanics at play in the US between different states (tho wouldn't be surprsied if CoL was closer b/w Warsaw and Hamburg vs. Los Angeles and a big city in a low CoL state)","en",TRUE,"Absolutley! I suspect that's more of a real thing for remote work friendly places vs. studios who are in-office. similar mechanics at play in the US between different states (tho wouldn't be surprsied if CoL was closer b/w Warsaw and Hamburg vs. Los Angeles and a big city in a low CoL state)",TRUE,"Included"
"at://did:plc:pjzst6dmmh4v5ghtvatuj6bu/app.bsky.feed.post/3mvszfdpfrc2n","WFH","You're not wrong, but there's an important caveat. Because of the EU's open borders, and feasibility of remote work in gamedev, Polish gamedev studios need to compete for employees with studios from other countries. My client from Hamburg pays me ca 3500 EUR/month gross / 2500 after taxes.","en",TRUE,"You're not wrong, but there's an important caveat. Because of the EU's open borders, and feasibility of remote work in gamedev, Polish gamedev studios need to compete for employees with studios from other countries. My client from Hamburg pays me ca 3500 EUR/month gross / 2500 after taxes.",TRUE,"Included"
"at://did:plc:apohfz4tqb3j4lixofk4ywkd/app.bsky.feed.post/3mvsymub3rc2n","WFH","$125 TO GO WEEK'S ROOM RENT RN URGENT
~$200 does a week's food & medications

Tati's disabled, chronically ill, mostly bedridden, & homeless. Trying to recover enough for remote work. 33 ppl $10 each gets her safely housed w/ food & meds.

Pls RS/QS. Pls do what you can. #HelpFolksLive2026","en",TRUE,"$125 TO GO WEEK'S ROOM RENT RN URGENT
~$200 does a week's food & medications

Tati's disabled, chronically ill, mostly bedridden, & homeless. Trying to recover enough for remote work. 33 ppl $10 each gets her safely housed w/ food & meds.

Pls RS/QS. Pls do what you can. #HelpFolksLive2026",TRUE,"Included"
"at://did:plc:s7xzopkupgp2lggv6ynrz325/app.bsky.feed.post/3mvsv3dk6w22z","WFH","https://tottubella.com/blog/remote-work-in-sardinia-wi-fi-in-cagliari-and-alghero #Sardinia #RemoteWork #DigitalNomad #ItalyTravel (2/2)","",FALSE," #Sardinia #RemoteWork #DigitalNomad #ItalyTravel (2/2)",FALSE,"Missing language tag"
"at://did:plc:3qry6n3fm5pobxexdco5n2rm/app.bsky.feed.post/3mvss2mweqs2i","WFH","Lol I used to do this like for a decade even before covid put me into mostly-remote work

For years, I had a mini fridge & a random old microwave oven right in the office next to my desk. So I'd only visit the crowded coffee / lunch room for, like, coffee","en",TRUE,"Lol I used to do this like for a decade even before covid put me into mostly-remote work

For years, I had a mini fridge & a random old microwave oven right in the office next to my desk. So I'd only visit the crowded coffee / lunch room for, like, coffee",TRUE,"Included"
"at://did:plc:tp7ppz6a3eyduaw4z6kp3k2k/app.bsky.feed.post/3mvsq3r37ws2y","WFH","Job boards really need to ban MLMs. And ghost jobs, but MLMs being most of the remote work available for entry-level positions on these websites feels criminal","en",TRUE,"Job boards really need to ban MLMs. And ghost jobs, but MLMs being most of the remote work available for entry-level positions on these websites feels criminal",TRUE,"Included"
"at://did:plc:x5weszeqaqntndzdnwraewjf/app.bsky.feed.post/3mvspnzdd5s2t","WFH","its weird that so much of the corporate push to adopt AI in every workflow possible is coming from the same people who completely ignored the improvements in productivity from remote work. They insist that AI is making us more efficient (it isnt) and ignore things that actually improve efficiency","en",TRUE,"its weird that so much of the corporate push to adopt AI in every workflow possible is coming from the same people who completely ignored the improvements in productivity from remote work. They insist that AI is making us more efficient (it isnt) and ignore things that actually improve efficiency",TRUE,"Included"
"at://did:plc:ty3utm72m6lvxeumbspnixn3/app.bsky.feed.post/3mvspm5nltc2b","WFH","Remote teams can lose hours rebuilding browser workspaces. This article explains how session management helps teams save, organize and restore project workflows.

🔗 timebusinessnews.com/how-business...

🚀 Super Session Manager: sessionmanager.net","en",TRUE,"Remote teams can lose hours rebuilding browser workspaces. This article explains how session management helps teams save, organize and restore project workflows.

🔗 

🚀 Super Session Manager: ",TRUE,"Included"
"at://did:plc:5sfxw46yus4p5fzwpa4hkxk5/app.bsky.feed.post/3mvso4x5jwf2p","WFH","I need flexible people from the USA who are ready to do remote work","en",TRUE,"I need flexible people from the USA who are ready to do remote work",TRUE,"Included"
"at://did:plc:brhghx7kmjy3cjdxt44aeoju/app.bsky.feed.post/3mvsnwshkg62s","WFH","brighter than the one below, dark moody background suggesting increasing security strength, no text."", ""assetId"": ""a2"" }, { ""type"": ""educational"", ""topic"": ""VPN is not a security strategy for remote work"", ""body"": ""A VPN creates an encrypted tunnel between an employee's device and your 9/38","",FALSE,"brighter than the one below, dark moody background suggesting increasing security strength, no text."", ""assetId"": ""a2"" }, { ""type"": ""educational"", ""topic"": ""VPN is not a security strategy for remote work"", ""body"": ""A VPN creates an encrypted tunnel between an employee's device and your 9/38",FALSE,"Missing language tag"
"at://did:plc:zaa75kzq2ojz3rlt673qbwqv/app.bsky.feed.post/3mvsnv7pd4c2w","WFH","The thing that is killing me most about hunting for a job is that I'm most likely loosing remote work unless I get real lucky. Also looking a boss that I have worked for for 10 years and is fine with my just working odd hours or missing time cause of doctor. This was a real unicorn job.","en",TRUE,"The thing that is killing me most about hunting for a job is that I'm most likely loosing remote work unless I get real lucky. Also looking a boss that I have worked for for 10 years and is fine with my just working odd hours or missing time cause of doctor. This was a real unicorn job.",TRUE,"Included"
"at://did:plc:kfnwsa3b4f33kle2z3nzbwii/app.bsky.feed.post/3mvsncdbyb222","WFH","Gasoline is $5 everywhere. Are we bringing back remote work or what?","en",TRUE,"Gasoline is $5 everywhere. Are we bringing back remote work or what?",TRUE,"Included"
"at://did:plc:kfnwsa3b4f33kle2z3nzbwii/app.bsky.feed.post/3mvsnbyyefs22","WFH","Gasoline is $5 everywhere. Are we bringing back remote work or what?","en",TRUE,"Gasoline is $5 everywhere. Are we bringing back remote work or what?",TRUE,"Included"
"at://did:plc:iyyqomlea277vdflkadx244h/app.bsky.feed.post/3mvskuqph4s27","WFH","if there's one thing i hate about remote work and interviews, it's being on cameras. i HATE how webcams have been normalized. i do not feel any warmth or sincerity from seeing your pleasantly neutral corporate visage from the comfort of your expensive home office, actually","en",TRUE,"if there's one thing i hate about remote work and interviews, it's being on cameras. i HATE how webcams have been normalized. i do not feel any warmth or sincerity from seeing your pleasantly neutral corporate visage from the comfort of your expensive home office, actually",TRUE,"Included"
"at://did:plc:tznnipo3qf7wtroqv4tufj47/app.bsky.feed.post/3mvsj5r65ls2f","WFH","As a neurodivergent employee at an org that operates with basically zero attention to neuroinclusivity—outside of remote work, which is simply the standard—I find it insulting that they made lay employees take a training on neurodivergence in the workplace.

The call is come from inside the house.","en",TRUE,"As a neurodivergent employee at an org that operates with basically zero attention to neuroinclusivity—outside of remote work, which is simply the standard—I find it insulting that they made lay employees take a training on neurodivergence in the workplace.

The call is come from inside the house.",TRUE,"Included"
"at://did:plc:pmokeo3bp4jp6nn5fqgr2a7x/app.bsky.feed.post/3mvshm46phg2i","WFH","Stop checking the same 3 job boards.

There are dozens of remote platforms
you probably haven't explored yet.

Here are 30 worth knowing:

1. PowerToFly
2. Remote Woman
3. RemoteHub
4. Remote Work Hub
5. Remote Jobs Club
6. CloudPeeps
7. WordPress Jobs
8. Simply Communicate Jobs","en",TRUE,"Stop checking the same 3 job boards.

There are dozens of remote platforms
you probably haven't explored yet.

Here are 30 worth knowing:

1. PowerToFly
2. Remote Woman
3. RemoteHub
4. Remote Work Hub
5. Remote Jobs Club
6. CloudPeeps
7. WordPress Jobs
8. Simply Communicate Jobs",TRUE,"Included"
"at://did:plc:3ohd5nodgvayjdegkhzayr6q/app.bsky.feed.post/3mvsh24oqv22w","WFH","you're reading about the crazy sex-and-drug-fuelled parties in SF engineering circles and you're worried about cults. I'm reading about the crazy parties and worried about what remote work is doing to engineering culture.","en",TRUE,"you're reading about the crazy sex-and-drug-fuelled parties in SF engineering circles and you're worried about cults. I'm reading about the crazy parties and worried about what remote work is doing to engineering culture.",TRUE,"Included"
"at://did:plc:7fc5itiip42jviiu7dbfpavy/app.bsky.feed.post/3mvsgc75yfk2g","WFH","Second order effects are tricky things.
Ideas that are generally popular on the surface have nasty ripple effects. 

The widespread increase in remote work swapped trillions in property values, pushing home prices up, business costs down, and local tax revues lower. All really unpopular things","en",TRUE,"Second order effects are tricky things.
Ideas that are generally popular on the surface have nasty ripple effects. 

The widespread increase in remote work swapped trillions in property values, pushing home prices up, business costs down, and local tax revues lower. All really unpopular things",TRUE,"Included"
"at://did:plc:dpk4xrp765tmdthx7phfjflp/app.bsky.feed.post/3mvsg4zgelc25","WFH","or to put it succinctly; Phew! Thank goodness we aren't at the point of SAI! - she wrote before turning Claude on to do her remote work.","en",TRUE,"or to put it succinctly; Phew! Thank goodness we aren't at the point of SAI! - she wrote before turning Claude on to do her remote work.",TRUE,"Included"
"at://did:plc:sayarj2h4xspuzcwshjbzihk/app.bsky.feed.post/3mvsegfov6e2l","WFH","Fresno saw a 104% jump in millennial homeowners from 2018 to 2023, as buyers priced out of coastal cities found lower costs and remote-work flexibility inland. 

www.fresnobee.com/news/local/a...","",FALSE,"Fresno saw a 104% jump in millennial homeowners from 2018 to 2023, as buyers priced out of coastal cities found lower costs and remote-work flexibility inland. 

",FALSE,"Missing language tag"
"at://did:plc:667kp47h3tv6wmavpeatu2u3/app.bsky.feed.post/3mvsdd554pa2i","WFH","Unmanaged endpoints can be a major security concern in remote work. An outdated device accessing your network through VPN might leave your SOC blind. Implementing EDR and strict access policies can help mitigate these risks. Keep your environment secure!","en-us",TRUE,"Unmanaged endpoints can be a major security concern in remote work. An outdated device accessing your network through VPN might leave your SOC blind. Implementing EDR and strict access policies can help mitigate these risks. Keep your environment secure!",TRUE,"Included"
"at://did:plc:563xatvyvdh3bni3pzciaf2o/app.bsky.feed.post/3mvsdcwyuxs2u","WFH","EVs, mass transit, alternative energy, remote work, regulation of data centers, a multifaceted approach to bringing the cost of energy down and conservatives have fought this tooth and nail for decades.","en",TRUE,"EVs, mass transit, alternative energy, remote work, regulation of data centers, a multifaceted approach to bringing the cost of energy down and conservatives have fought this tooth and nail for decades.",TRUE,"Included"
"at://did:plc:w5rbiq2urwyft7wdt53wgwa5/app.bsky.feed.post/3mvsdctwyvz2b","WFH","Ituzaingó, Argentina, has a cost of living index of 41.2, yet maintains an average internet speed of 70 Mbps. You can secure a one-bedroom apartment in the city center for just $350 USD per month. Remote work infrastructure is surprisingly robust for this price point. rewireabroad.com","",FALSE,"Ituzaingó, Argentina, has a cost of living index of 41.2, yet maintains an average internet speed of 70 Mbps. You can secure a one-bedroom apartment in the city center for just $350 USD per month. Remote work infrastructure is surprisingly robust for this price point. ",FALSE,"Missing language tag"
"at://did:plc:3dntzwy4iy27euevninrt3pj/app.bsky.feed.post/3mvsbykb5b22t","WFH","The two seasons of remote work are shorts and sweats","en",TRUE,"The two seasons of remote work are shorts and sweats",TRUE,"Included"
"at://did:plc:oyd3ttmk56tomju3oabco3xn/app.bsky.feed.post/3mvsbxcrpl22c","WFH","A public health study shows that hybrid workers sleep on average 15 minutes longer on remote workdays than on office days. However, sedentary behavior increases by 45 minutes when working from home.

🔗 Read more: www.utu.fi/en/news/pres...","en",TRUE,"A public health study shows that hybrid workers sleep on average 15 minutes longer on remote workdays than on office days. However, sedentary behavior increases by 45 minutes when working from home.

🔗 Read more: ",TRUE,"Included"
"at://did:plc:7ufpvhrwwlhszrym3c5pahny/app.bsky.feed.post/3mvsb76yqly2h","WFH","Developers and operators spend hours in front of screens, especially with remote work. Back pain, neck strain, uneven posture, low blink rate, and eye fatigue are easy to ignore until they become real problems.

ErgoPulse is a small open-source app that runs a webcam-based desk health check:","en",TRUE,"Developers and operators spend hours in front of screens, especially with remote work. Back pain, neck strain, uneven posture, low blink rate, and eye fatigue are easy to ignore until they become real problems.

ErgoPulse is a small open-source app that runs a webcam-based desk health check:",TRUE,"Included"
"at://did:plc:ffhfzwr3igtwt4y7zdompvjv/app.bsky.feed.post/3mvs7zoynx226","WFH","#OPTU Optimum to Launch Fastest Internet Speeds to Carterville and Webb City, Missouri

https://www.stocktitan.net/news/OPTU/optimum-to-launch-fastest-internet-speeds-to-carterville-and-webb-9qqiiwfccq6v.html?utm_source=stocktitan-bluesky&utm_medium=social","",FALSE,"#OPTU Optimum to Launch Fastest Internet Speeds to Carterville and Webb City, Missouri

",FALSE,"Missing language tag"
"at://did:plc:xo3lcgmli5253rlqjnoldd4w/app.bsky.feed.post/3mvs2w7avg22e","WFH","Remote work or not, come join us for Locktober. Submit cage checks throughout the day, earn points, build streaks, and join a great community of locked guys! There are some fun Locktober challenges coming too! 🔒 🎃 🔥 cage.watch/g/rogue-owl-...","en",TRUE,"Remote work or not, come join us for Locktober. Submit cage checks throughout the day, earn points, build streaks, and join a great community of locked guys! There are some fun Locktober challenges coming too! 🔒 🎃 🔥 ",TRUE,"Included"
"at://did:plc:v3ibuyjiqc64nckrgcybis2l/app.bsky.feed.post/3mvs2lhhzku24","WFH","Remote work offers multiple job options for baby boomers, including travel agent, bookkeeper, editor, and tutor roles with stated median salaries.
","",FALSE,"Remote work offers multiple job options for baby boomers, including travel agent, bookkeeper, editor, and tutor roles with stated median salaries.
",FALSE,"Missing language tag"
"at://did:plc:ecs3d3dwup5d52p3cuf54umv/app.bsky.feed.post/3mvsrcyclcl24","WFH","**Navigating California's Remote Work Classification: Avoid Costly Mistakes!**

Are you confused about classifying your remote workers in California? You're not alone! As the complexities of AB 5 loom large over businesses, the stakes have never been higher. Misclassification can lead to severe pena","",FALSE,"**Navigating California's Remote Work Classification: Avoid Costly Mistakes!**

Are you confused about classifying your remote workers in California? You're not alone! As the complexities of AB 5 loom large over businesses, the stakes have never been higher. Misclassification can lead to severe pena",FALSE,"Missing language tag"
"at://did:plc:ecs3d3dwup5d52p3cuf54umv/app.bsky.feed.post/3mvsrcxsdr22i","WFH","How to Classify Remote Workers in California (W-2 vs 1099) Without Triggering AB 5 Misclassification Penalties

California’s AB 5 uses the “ABC test,” and failing any one prong can expose employers to civil penalties, back wages, tax exposure, and PAGA claims. Remote work complicates classification ","",FALSE,"How to Classify Remote Workers in California (W-2 vs 1099) Without Triggering AB 5 Misclassification Penalties

California's AB 5 uses the “ABC test,” and failing any one prong can expose employers to civil penalties, back wages, tax exposure, and PAGA claims. Remote work complicates classification ",FALSE,"Missing language tag"
"at://did:plc:dffi3bmt7hdywamaimtqijnc/app.bsky.feed.post/3mvrzcd6y2c2z","WFH","Going to work somewhere, or even most remote work... just doesn't seem feasible to me sadly. But I have the support and time, and I'm improving. Lots of recent drawings that I haven't been posting anywhere public, teehee.","en",TRUE,"Going to work somewhere, or even most remote work... just doesn't seem feasible to me sadly. But I have the support and time, and I'm improving. Lots of recent drawings that I haven't been posting anywhere public, teehee.",TRUE,"Included"
"at://did:plc:lhc7jq3fshywacxsdfj2yeld/app.bsky.feed.post/3mvryrazets2d","WFH","Remote work attire 🔒😏","de",FALSE,"Remote work attire 🔒😏",FALSE,"Non-English or mixed language tags"
"at://did:plc:gudaflztwlufiqgolrp4jjab/app.bsky.feed.post/3mvrvy5ldsc2i","WFH","iranwire.com/en/news/1577...","en",TRUE,"",FALSE,"No retained English word tokens"
"at://did:plc:krwuwso5bnyzx3mk6hny65qp/app.bsky.feed.post/3mvrtdwhg522w","WFH","What is your remote work policy?","en",TRUE,"What is your remote work policy?",TRUE,"Included"
"at://did:plc:v2ipdcqbvzfnwbv2c4fas5sc/app.bsky.feed.post/3mvrr4fe36226","WFH","Remote work requires clear policies on safety, IP, and contracts. Provide guidance on home-office setup, secure access, and confidentiality to protect staff and the business.

Read the article: www.knowab.co.uk/remote-work-...

#RemoteWork #Compliance","en",TRUE,"Remote work requires clear policies on safety, IP, and contracts. Provide guidance on home-office setup, secure access, and confidentiality to protect staff and the business.

Read the article: 

#RemoteWork #Compliance",TRUE,"Included"
"at://did:plc:cmt5uckg32ed2jgaxffvhyp2/app.bsky.feed.post/3mvrntqpt6l2n","WFH","Finally upgraded my remote work setup with a 15.6-inch portable monitor, and I’m honestly obsessed. Dual screens on the go are a complete game-changer for productivity! 🚀 

Read my full honest review: https://review.scope-media.workers.dev/gadget/a/article-971

#Tech #Gadgets #DeskSetup #TechRe","",FALSE,"Finally upgraded my remote work setup with a 15.6-inch portable monitor, and I'm honestly obsessed. Dual screens on the go are a complete game-changer for productivity! 🚀 

Read my full honest review: 

#Tech #Gadgets #DeskSetup #TechRe",FALSE,"Missing language tag"
"at://did:plc:fpoamklbiddtvndjp65wg2n5/app.bsky.feed.post/3mvr7unck722c","WFH","Genuinely unbelievable that I'm still seeing anti remote work propaganda. They're still trying sooo hard to make us believe that it's ""inefficient""","en",TRUE,"Genuinely unbelievable that I'm still seeing anti remote work propaganda. They're still trying sooo hard to make us believe that it's ""inefficient""",TRUE,"Included"
"at://did:plc:gix7geaw2vuiywwuy35v6kaa/app.bsky.feed.post/3mvr4zph5x72d","WFH","IXL Learning seeks content proofreaders to review educational materials for accuracy, spelling, grammar, punctuation, and consistency. Requires strong attention to detail, Google Sheets/Docs proficiency, punctuality; up to 10 hrs/week. buff.ly/XkfR9Zo #EdJobs","",FALSE,"IXL Learning seeks content proofreaders to review educational materials for accuracy, spelling, grammar, punctuation, and consistency. Requires strong attention to detail, Google Sheets/Docs proficiency, punctuality; up to 10 hrs/week.  #EdJobs",FALSE,"Missing language tag"
"at://did:plc:yuoo7j6jybrzlr6gsmz4jgpu/app.bsky.feed.post/3mvr2fkkzys2p","WFH","For years we could say:

“We're too far away.”

But fiber shortened the distance.

AI lowered some costs.

Remote work loosened geography.

So here's the uncomfortable question:

What if the biggest barrier isn't on the other side of the mountain anymore?

dunlap.today/what-if-geog...","en",TRUE,"For years we could say:

“We're too far away.”

But fiber shortened the distance.

AI lowered some costs.

Remote work loosened geography.

So here's the uncomfortable question:

What if the biggest barrier isn't on the other side of the mountain anymore?

",TRUE,"Included"
"at://did:plc:riq6sksgokupbjvqplzna4ou/app.bsky.feed.post/3mvqyqviemc2b","WFH","It's a good thing most people forget how obviously Arthur C Clarke was a part of @thetechnocracy.bsky.social 

When he predicts (in essence) cell phones and remote work, he's on the nose.

Then in the next breath he talks about hyper-intelligent bio-engineered apes, The Progenitors got to him....","en",TRUE,"It's a good thing most people forget how obviously Arthur C Clarke was a part of @ 

When he predicts (in essence) cell phones and remote work, he's on the nose.

Then in the next breath he talks about hyper-intelligent bio-engineered apes, The Progenitors got to him....",TRUE,"Included"
"at://did:plc:4gnprleup4worvbsdzqpzg2h/app.bsky.feed.post/3mvqykr62gr2j","WFH","Remote Work Visibility: How to Get Recognized When No One Can See You

https://peakworkflow.1450enterprises.com/remote-work-visibility-how-to-get-recognized-when-no-one-can-see-you/","",FALSE,"Remote Work Visibility: How to Get Recognized When No One Can See You

",FALSE,"Missing language tag"
"at://did:plc:pgujf4mqaghkhdgfp6rtqxcq/app.bsky.feed.post/3mvqx434h7c24","WFH","i'm not really one to ask for help (see my decade of depression before finally seeking meds) but on the off chance someone knows some entry into remote work, lmk

job hunting is my fucking kryptonite","en",TRUE,"i'm not really one to ask for help (see my decade of depression before finally seeking meds) but on the off chance someone knows some entry into remote work, lmk

job hunting is my fucking kryptonite",TRUE,"Included"
"at://did:plc:lkwvstjjfsbtimdjlu7tj5kw/app.bsky.feed.post/3mvqwxzhqg22c","WFH","But 15 minute cities, trains, bike lanes, and remote work are all DEI, which is bad, they tell me.","en",TRUE,"But 15 minute cities, trains, bike lanes, and remote work are all DEI, which is bad, they tell me.",TRUE,"Included"
"at://did:plc:jjjltl7baxevmg73z7viormn/app.bsky.feed.post/3mvqtktv6lp2n","WFH","Boosted from @penryn@www.librepunk.club:
I don't have much hope in posting this, but I've run out of options. #GetFediHired

I am in desperate need of remote work. I'm a caretaker for my severely epileptic partner, who has just tested positive for colon can…

www.librepunk.club/@penryn/117277610739…","en",TRUE,"Boosted from @
I don't have much hope in posting this, but I've run out of options. #GetFediHired

I am in desperate need of remote work. I'm a caretaker for my severely epileptic partner, who has just tested positive for colon can…

",TRUE,"Included"
"at://did:plc:cgzgf5f4i6lab553nug6phr2/app.bsky.feed.post/3mvqs6iuap22g","WFH","Applying for a full time job at 34 hours with a four-day fully remote work week. Fingers So crossed. They also have 7 weeks of paid office closures a year plus paid vacation.","en",TRUE,"Applying for a full time job at 34 hours with a four-day fully remote work week. Fingers So crossed. They also have 7 weeks of paid office closures a year plus paid vacation.",TRUE,"Included"
"at://did:plc:brhghx7kmjy3cjdxt44aeoju/app.bsky.feed.post/3mvqqie7y2l2b","WFH","brighter than the one below, dark moody background suggesting increasing security strength, no text."", ""assetId"": ""a2"" }, { ""type"": ""educational"", ""topic"": ""VPN is not a security strategy for remote work"", ""body"": ""A VPN creates an encrypted tunnel between an employee's device and your 9/38","",FALSE,"brighter than the one below, dark moody background suggesting increasing security strength, no text."", ""assetId"": ""a2"" }, { ""type"": ""educational"", ""topic"": ""VPN is not a security strategy for remote work"", ""body"": ""A VPN creates an encrypted tunnel between an employee's device and your 9/38",FALSE,"Missing language tag"
"at://did:plc:2j2vszpv4ni2zsduxbe7d72l/app.bsky.feed.post/3mvqmfmajhk2y","WFH","getting very exhausted with the continued handwringing over remote work and the general attitude of “online relationships/work/living/etc. isn’t as legitimate as in-person”","en",TRUE,"getting very exhausted with the continued handwringing over remote work and the general attitude of “online relationships/work/living/etc. isn't as legitimate as in-person”",TRUE,"Included"
"at://did:plc:x4md7trwu7y2zubzuegtujqs/app.bsky.feed.post/3mvql2pmmix2d","WFH","A six-month remote work pilot lets incarcerated men at MCI Shirley participate in work-study through Boston College’s Prison Education Program.
","",FALSE,"A six-month remote work pilot lets incarcerated men at MCI Shirley participate in work-study through Boston College's Prison Education Program.
",FALSE,"Missing language tag"
"at://did:plc:zlxwgkchnvfhh6vxz6tphwby/app.bsky.feed.post/3mvqkyrkei427","WFH","A six-month remote work pilot lets incarcerated men at MCI Shirley participate in work-study through Boston College’s Prison Education Program.
","",FALSE,"A six-month remote work pilot lets incarcerated men at MCI Shirley participate in work-study through Boston College's Prison Education Program.
",FALSE,"Missing language tag"
"at://did:plc:mazynziv6j2n664q4rhb32sw/app.bsky.feed.post/3mvqkmakos327","WFH","How to Get Your First 10 Freelance Clients (No Portfolio) 🚀

freelance clients freelancing client acquisition side hustle freelance tips no portfolio solopreneur remote work","en",TRUE,"How to Get Your First 10 Freelance Clients (No Portfolio) 🚀

freelance clients freelancing client acquisition side hustle freelance tips no portfolio solopreneur remote work",TRUE,"Included"
"at://did:plc:nitl4mpurpgujd6dga6jpjjs/app.bsky.feed.post/3mvqkgyoh3222","WFH","Ahh, yes, that's why American businesses are so friendly to remote work, right? RIGHT?","en",TRUE,"Ahh, yes, that's why American businesses are so friendly to remote work, right? RIGHT?",TRUE,"Included"
"at://did:plc:z5wwgg7vhgfpzmib5txgr4kl/app.bsky.feed.post/3mvqk3lvhwr2q","WFH","Boston College program offers incarcerated men work-study opportunities | Click on the image to read the full story","",FALSE,"Boston College program offers incarcerated men work-study opportunities | Click on the image to read the full story",FALSE,"Missing language tag"
"at://did:plc:brhghx7kmjy3cjdxt44aeoju/app.bsky.feed.post/3mvqhu4tnul2k","WFH","brighter than the one below, dark moody background suggesting increasing security strength, no text."", ""assetId"": ""a2"" }, { ""type"": ""educational"", ""topic"": ""VPN is not a security strategy for remote work"", ""body"": ""A VPN creates an encrypted tunnel between an employee's device and your 9/38","",FALSE,"brighter than the one below, dark moody background suggesting increasing security strength, no text."", ""assetId"": ""a2"" }, { ""type"": ""educational"", ""topic"": ""VPN is not a security strategy for remote work"", ""body"": ""A VPN creates an encrypted tunnel between an employee's device and your 9/38",FALSE,"Missing language tag"
"at://did:plc:u7xbbbsj5oodr6btxe4a4nnu/app.bsky.feed.post/3mvqhmljm5s2r","WFH","If you are looking for great remote work to make some extra cash, check out Mercor.
Lots of Excellent High-Paying Jobs & Opportunities!
Good Luck!
work.mercor.com?referralCode...","en",TRUE,"If you are looking for great remote work to make some extra cash, check out Mercor.
Lots of Excellent High-Paying Jobs & Opportunities!
Good Luck!
",TRUE,"Included"
"at://did:plc:apohfz4tqb3j4lixofk4ywkd/app.bsky.feed.post/3mvqh32wzy22l","WFH","W/o income every month another eviction is filed. Currently facing Sept 30 eviction. ~$1200 from any combo of ppl's donations stops it. (Then the next kicks in)

Disabled. Chronically ill. Housebound. Trying to find remote work & a cheaper home

Pls RS/QS. Pls do what you can. #HelpFolksLive2026","en",TRUE,"W/o income every month another eviction is filed. Currently facing Sept 30 eviction. ~$1200 from any combo of ppl's donations stops it. (Then the next kicks in)

Disabled. Chronically ill. Housebound. Trying to find remote work & a cheaper home

Pls RS/QS. Pls do what you can. #HelpFolksLive2026",TRUE,"Included"
"at://did:plc:mavus2nvldxrkvx7urftndh6/app.bsky.feed.post/3mvqfnghedi2h","WFH","Charles on a11yjobs.com:

I am available for remote work building accessibility – anywhere in the world, from any starting point of maturity. Some of the many things I can do: Actively prevent the release of harm and potential harm. Equitably meet the needs of your customers or constituents. Alig…","",FALSE,"Charles on :

I am available for remote work building accessibility – anywhere in the world, from any starting point of maturity. Some of the many things I can do: Actively prevent the release of harm and potential harm. Equitably meet the needs of your customers or constituents. Alig…",FALSE,"Missing language tag"
"at://did:plc:jmrwviyiqzsh42bdz37rttph/app.bsky.feed.post/3mvqexx6dmk2l","WFH","Oh I probably won’t move there. I love living in Canada, but I love to dream about the idea of living in NYC. Might just do a month long remote work situation instead haha","en",TRUE,"Oh I probably won't move there. I love living in Canada, but I love to dream about the idea of living in NYC. Might just do a month long remote work situation instead haha",TRUE,"Included"
"at://did:plc:uoecoxrgtpegpvdxzshdmcgj/app.bsky.feed.post/3mvqctfiubs2q","WFH","For years, turn on the VPN was almost shorthand for “we are safe.” A #VPN is often presented as a secure tunnel that makes you invisible online, hides your location, and keeps attackers away. But it is not quite that simple. #cybersecurity shortlink.win/1yklW","de",FALSE,"For years, turn on the VPN was almost shorthand for “we are safe.” A #VPN is often presented as a secure tunnel that makes you invisible online, hides your location, and keeps attackers away. But it is not quite that simple. #cybersecurity ",FALSE,"Non-English or mixed language tags"
"at://did:plc:kb77bfha74c3tpxrxvqzsm5x/app.bsky.feed.post/3mvqcaliwxs2e","WFH","Hard to do that when your administration forced people to go back to work instead of continued remote work and teleworking","en",TRUE,"Hard to do that when your administration forced people to go back to work instead of continued remote work and teleworking",TRUE,"Included"
"at://did:plc:nq6a2xaspv2cqpcwbyq7upip/app.bsky.feed.post/3mvqbadjf2s26","WFH","Don't get your hopes up for remote work or walkable cities because them rich folks don't give a shit how much *you* gotta pay for gas to come to the office and get supervision you don't need","en",TRUE,"Don't get your hopes up for remote work or walkable cities because them rich folks don't give a shit how much *you* gotta pay for gas to come to the office and get supervision you don't need",TRUE,"Included"
"at://did:plc:25b36seb5gr2eyhsvx4ngtij/app.bsky.feed.post/3mvq74cyyzc2b","WFH","#NowHiring: #Remote #CustomerServiceRepresentative – $30/Hour - #Customer #Service & #CallCenter #Employment - #Austin, TX at #Geebo

Texas Real Energy Ltd. is currently seeking a Customer Service Representative in a remote work-from-home position.

geebo.com/jobs-online/...","en",TRUE,"#NowHiring: #Remote #CustomerServiceRepresentative – $30/Hour - #Customer #Service & #CallCenter #Employment - #Austin, TX at #Geebo

Texas Real Energy Ltd. is currently seeking a Customer Service Representative in a remote work-from-home position.

",TRUE,"Included"
"at://did:plc:brhghx7kmjy3cjdxt44aeoju/app.bsky.feed.post/3mvq62jcxmm2v","WFH","brighter than the one below, dark moody background suggesting increasing security strength, no text."", ""assetId"": ""a2"" }, { ""type"": ""educational"", ""topic"": ""VPN is not a security strategy for remote work"", ""body"": ""A VPN creates an encrypted tunnel between an employee's device and your 9/38","",FALSE,"brighter than the one below, dark moody background suggesting increasing security strength, no text."", ""assetId"": ""a2"" }, { ""type"": ""educational"", ""topic"": ""VPN is not a security strategy for remote work"", ""body"": ""A VPN creates an encrypted tunnel between an employee's device and your 9/38",FALSE,"Missing language tag"
"at://did:plc:ucpqwgi7gyqj66c4v6e5jwjo/app.bsky.feed.post/3mvq4cbsu722h","WFH","I am in remote work hell, but at least I have decent coffee and I'm on my comfy couch during all this.

Thank you ❤️!","en",TRUE,"I am in remote work hell, but at least I have decent coffee and I'm on my comfy couch during all this.

Thank you ❤️!",TRUE,"Included"
"at://did:plc:vzresfadeswou2nbmqumhhiw/app.bsky.feed.post/3mvq3xf6wws2k","WFH","So they're going to incentivize companies to allow remote work again then?","en",TRUE,"So they're going to incentivize companies to allow remote work again then?",TRUE,"Included"
"at://did:plc:zlkbi3tbcbkhnulrjlsl7og4/app.bsky.feed.post/3mvq3h4le742w","WFH","Dreaming of Austria? Here's the real cost of living in Krems an der Donau. We break down the complete expenses, from rent to your morning coffee. Plus, with high-speed internet and strong remote work readiness, this UNESCO gem is perfect for digital nomads. Get the full 2026 guide at...","",FALSE,"Dreaming of Austria? Here's the real cost of living in Krems an der Donau. We break down the complete expenses, from rent to your morning coffee. Plus, with high-speed internet and strong remote work readiness, this UNESCO gem is perfect for digital nomads. Get the full 2026 guide at...",FALSE,"Missing language tag"
"at://did:plc:njbqbuz5qhu475km33kjfmpv/app.bsky.feed.post/3mvq27qbvzu2d","WFH","✊ Better wages, job protections, remote-work provisions, grievance rights, and a voice over AI and layoffs—Blizzard workers proved collective bargaining delivers.  www.pcgamer.com/gaming-indu...

#CollectivePower #WorkersOverBillionaires","en",TRUE,"✊ Better wages, job protections, remote-work provisions, grievance rights, and a voice over AI and layoffs—Blizzard workers proved collective bargaining delivers.  

#CollectivePower #WorkersOverBillionaires",TRUE,"Included"
"at://did:plc:fl2dao44r2alrukcl52gzyu5/app.bsky.feed.post/3mvpyhxoiys2b","WFH","Hiring for Data Reporting Analyst REMOTE JOB USA

Position: Data Reporting Analyst
Date Posted: September 17, 2026
Administration, or a related field
Location: REMOTE (United States)
Company: WAHVE LLC
APPLY HERE  
gulfcareerhunt.com/hiring-data-...","en",TRUE,"Hiring for Data Reporting Analyst REMOTE JOB USA

Position: Data Reporting Analyst
Date Posted: September 17, 2026
Administration, or a related field
Location: REMOTE (United States)
Company: WAHVE LLC
APPLY HERE  
",TRUE,"Included"
"at://did:plc:snmuzoog3ghqg2smlix5qtfh/app.bsky.feed.post/3mvpy63xi4s2g","WFH","Remote work is returning. It will benefit our African community.❤️❤️❤️","en",TRUE,"Remote work is returning. It will benefit our African community.❤️❤️❤️",TRUE,"Included"
"at://did:plc:3udlyhc4vjlhj4mxw4fwspr7/app.bsky.feed.post/3mvpy5o3yps2j","WFH","Drive less they say, but they took away remote work and made gov employees battle traffic for no parking and no office space either. 🤦🏻‍♀️","en",TRUE,"Drive less they say, but they took away remote work and made gov employees battle traffic for no parking and no office space either. 🤦🏻‍♀️",TRUE,"Included"
"at://did:plc:vugobxbj6uwmcn5jfum6fbkm/app.bsky.feed.post/3mvpy46gkbc27","WFH","us: so there's going to be a renewed emphasis on remote work, right?
them: no. 😌","en",TRUE,"us: so there's going to be a renewed emphasis on remote work, right?
them: no. 😌",TRUE,"Included"
"at://did:plc:aubg6pxg4qagugfmbngayuhu/app.bsky.feed.post/3mvpxpz5bhc2v","WFH","Same administration that eliminated remote work for federal workers on day 1","en",TRUE,"Same administration that eliminated remote work for federal workers on day 1",TRUE,"Included"
"at://did:plc:hro4jwv7kvoxcb76y36ry7no/app.bsky.feed.post/3mvpxoeduvs2q","WFH","Remote work is back, everybody!

We must save the economy, and the only way is to let the office buildings and their landlords rot and die!","en",TRUE,"Remote work is back, everybody!

We must save the economy, and the only way is to let the office buildings and their landlords rot and die!",TRUE,"Included"
"at://did:plc:67wdhrsgstmiyixg5bs6nptl/app.bsky.feed.post/3mvpxfby2222c","WFH","Then I trust we’re getting remote work back.","en",TRUE,"Then I trust we're getting remote work back.",TRUE,"Included"
"at://did:plc:xl2cf6bjd7kyypprejx5b4oj/app.bsky.feed.post/3mvpwo7qd2k2p","WFH","Maybe allow more remote work instead of forcing people to go back into the office.","en",TRUE,"Maybe allow more remote work instead of forcing people to go back into the office.",TRUE,"Included"
"at://did:plc:qsz2amk5ppcs3cp6hth6qelg/app.bsky.feed.post/3mvpwks3dx22u","WFH","This is the same administration that said remote work was bad and gave a permission structure to state, local, and private businesses to pretend that RTO was a good thing.","en",TRUE,"This is the same administration that said remote work was bad and gave a permission structure to state, local, and private businesses to pretend that RTO was a good thing.",TRUE,"Included"
"at://did:plc:mwgsjiwz7ftx42xkgu5dkgyx/app.bsky.feed.post/3mvpwffysxk2i","WFH","Thank goodness every employer embraced remote work, if they were forcing us all back to the office this would be a real pickle","en",TRUE,"Thank goodness every employer embraced remote work, if they were forcing us all back to the office this would be a real pickle",TRUE,"Included"
"at://did:plc:b6ifksscllmlnu43f3znvnw2/app.bsky.feed.post/3mvpw5bqd3n2j","WFH","but also no more remote work you lazy bastards","en",TRUE,"but also no more remote work you lazy bastards",TRUE,"Included"
"at://did:plc:wbiaan2bl2mjonghjvluipco/app.bsky.feed.post/3mvpv4kl6bk2t","WFH","so that must mean back to remote work, right?","en",TRUE,"so that must mean back to remote work, right?",TRUE,"Included"
"at://did:plc:ppcpwmrxxyi7k46ajkko2iuk/app.bsky.feed.post/3mvpuxn4rr22m","WFH","REMOTE WORK COME SOON","en",TRUE,"REMOTE WORK COME SOON",TRUE,"Included"
"at://did:plc:neuvp2pauwcfclp3q73opcnf/app.bsky.feed.post/3mvptap2g6k2c","WFH","Ah so you’re endorsing widespread remote work and perhaps also four-day work weeks? 🤔","en",TRUE,"Ah so you're endorsing widespread remote work and perhaps also four-day work weeks? 🤔",TRUE,"Included"
"at://did:plc:mbsab43g7tpt5yxcowqirq2m/app.bsky.feed.post/3mvpsr4p6ns2j","WFH","I recently came across a posting for a job that sounded very good and would pay 4x my current salary for remote work.

It was an effective altruism org.","en",TRUE,"I recently came across a posting for a job that sounded very good and would pay 4x my current salary for remote work.

It was an effective altruism org.",TRUE,"Included"
"at://did:plc:bitagplop7lgyhdrwyhqpsy5/app.bsky.feed.post/3mvpsq4trdd23","WFH","CISA’s updated insider threat guidance makes an important point: this is not just a data loss issue. CISA said the update reflects feedback from industry & government partners, & it is worth reviewing your own program against that standard now. CISA has not yet set a timetable for further revisions.","",FALSE,"CISA's updated insider threat guidance makes an important point: this is not just a data loss issue. CISA said the update reflects feedback from industry & government partners, & it is worth reviewing your own program against that standard now. CISA has not yet set a timetable for further revisions.",FALSE,"Missing language tag"
"at://did:plc:5i3ilwod3k4lcn4tdskko3kx/app.bsky.feed.post/3mvpqvpsolx23","WFH","🚀 New Remote Job Alert!
💼 Position: Customer Service Specialist - Remote Work From Home
🏢 Company: Healthesystems
🌍 Location: USA
📁 Category: Customer Service
#RemoteJobs #RemoteWork #WorkFromHome #Hiring #JobOpportunity
Apply now: https://www.remote-work.app/job/healthesystems-customer-service","",FALSE,"🚀 New Remote Job Alert!
💼 Position: Customer Service Specialist - Remote Work From Home
🏢 Company: Healthesystems
🌍 Location: USA
📁 Category: Customer Service
#RemoteJobs #RemoteWork #WorkFromHome #Hiring #JobOpportunity
Apply now: ",FALSE,"Missing language tag"
"at://did:plc:zqxo3cgdso2ss6diq4rsjs5l/app.bsky.feed.post/3mvppyupmws2z","WFH","Literature review by Georgouli et al synthesises findings from 126 peer-reviewed articles to assess how Remote Work Arrangements (RWAs) – ranging from working-from-home to more mobile or hybrid forms of work – reshape travel behaviour and activity patterns. 

www.tandfonline.com/doi/full/10....","en;nl",FALSE,"Literature review by Georgouli et al synthesises findings from 126 peer-reviewed articles to assess how Remote Work Arrangements (RWAs) – ranging from working-from-home to more mobile or hybrid forms of work – reshape travel behaviour and activity patterns. 

",FALSE,"Non-English or mixed language tags"
"at://did:plc:bltwj7bkmd473z4riuefmqbb/app.bsky.feed.post/3mvpoqbzbqs2a","WFH","Remote work gets easier when your priorities, tasks meetings, focus sessions, and weekly reviews live in one calm system.
Get Remote Work Daily OS, a complete Notion productivity dashboard for focused remote work.
Buy now: akstores.gumroad.com/l/ghzli
#Notion #Productivity #RemoteWork","en",TRUE,"Remote work gets easier when your priorities, tasks meetings, focus sessions, and weekly reviews live in one calm system.
Get Remote Work Daily OS, a complete Notion productivity dashboard for focused remote work.
Buy now: 
#Notion #Productivity #RemoteWork",TRUE,"Included"
"at://did:plc:bltwj7bkmd473z4riuefmqbb/app.bsky.feed.post/3mvpoggc3yk2a","WFH","Tired of hunting for legitimate remote work? 

Join AK Global Remote Hub for source-listed remote roles, AI training contracts, pay transparency, and new job alerts.

Get early access here: akremotebd-vjkerjpy.manus.space 

#RemoteJobs #AIJobs #WorkFromHome #FreelanceJobs","en",TRUE,"Tired of hunting for legitimate remote work? 

Join AK Global Remote Hub for source-listed remote roles, AI training contracts, pay transparency, and new job alerts.

Get early access here:  

#RemoteJobs #AIJobs #WorkFromHome #FreelanceJobs",TRUE,"Included"
"at://did:plc:u7xbbbsj5oodr6btxe4a4nnu/app.bsky.feed.post/3mvpmkvyk222t","WFH","If you are looking for great remote work to make some extra cash, check out Mercor.
Lots of Amazing High-Paying Jobs & Opportunities!
Good Luck!
work.mercor.com?referralCode...","en",TRUE,"If you are looking for great remote work to make some extra cash, check out Mercor.
Lots of Amazing High-Paying Jobs & Opportunities!
Good Luck!
",TRUE,"Included"
"at://did:plc:q75mdqouvrdabjozg7vtkwzi/app.bsky.feed.post/3mvpfhw5vhu23","WFH","Late one night, feeling the weight of a lonely remote work shift, I turned to HEYID. I soon found myself discussing life in different time zones with a guy from South Africa. His perspective brought fresh energy, making the night fly by and reminding me that connection knows no boundaries. https:...","",FALSE,"Late one night, feeling the weight of a lonely remote work shift, I turned to HEYID. I soon found myself discussing life in different time zones with a guy from South Africa. His perspective brought fresh energy, making the night fly by and reminding me that connection knows no boundaries. https:...",FALSE,"Missing language tag"
"at://did:plc:kof5m3kj2lpme6dgia33ijrc/app.bsky.feed.post/3mvpafw4ovk2t","WFH","📍How is remote work transforming working patterns across Twente–Münsterland?

Already well established in knowledge-intensive sectors, #RemoteWork is reshaping commuting, office spaces and how work is organised.

🔎Discover the Twente–Münsterland Use Case here: r-map.eu/twente-munst...

#RMap","en",TRUE,"📍How is remote work transforming working patterns across Twente–Münsterland?

Already well established in knowledge-intensive sectors, #RemoteWork is reshaping commuting, office spaces and how work is organised.

🔎Discover the Twente–Münsterland Use Case here: 

#RMap",TRUE,"Included"
"at://did:plc:ho65jyr7nnsvojtzct2vgv5w/app.bsky.feed.post/3mvp2z2swb22x","WFH","Otherwise, me too. It might make it easier to find remote work in Canada and earn a Canadian salary while still living here. 👀","en",TRUE,"Otherwise, me too. It might make it easier to find remote work in Canada and earn a Canadian salary while still living here. 👀",TRUE,"Included"
"at://did:plc:qz2dun535czcth7iqk5fjbgn/app.bsky.feed.post/3mvotu46frt2g","WFH","Yle seeks workers affected by stricter remote-work rules #Finland #remotework #workinglife","",FALSE,"Yle seeks workers affected by stricter remote-work rules #Finland #remotework #workinglife",FALSE,"Missing language tag"
"at://did:plc:i3x5aev26bdajo5vh3ajo6j4/app.bsky.feed.post/3mvotjryobk24","WFH","Remote work してるとき、家にいるのに帰りたいと思うのは、何でだ？働きたくないというと角が立つのか？誰に？自分に？","ja",FALSE,"Remote work してるとき、家にいるのに帰りたいと思うのは、何でだ？働きたくないというと角が立つのか？誰に？自分に？",FALSE,"Non-English or mixed language tags"
"at://did:plc:fggv6gfmjok2jy7ue63vn6jq/app.bsky.feed.post/3mvot54aj4c2q","WFH","Of course i'm always open to remote work","en",TRUE,"Of course i'm always open to remote work",TRUE,"Included"
"at://did:plc:64pf3pvhd6iaudtsgsn63yy6/app.bsky.feed.post/3mvoswof6ez2v","WFH","Padres game as a ""remote work"" venue is peak corporate awkwardness, yeah.","en",TRUE,"Padres game as a ""remote work"" venue is peak corporate awkwardness, yeah.",TRUE,"Included"
"at://did:plc:g5vipc4xq5jgzz4kptw2wksy/app.bsky.feed.post/3mvor76fwlc2i","WFH","Remote work can be a blessing.","en",TRUE,"Remote work can be a blessing.",TRUE,"Included"
"at://did:plc:w5rbiq2urwyft7wdt53wgwa5/app.bsky.feed.post/3mvokmgxu4q2q","WFH","You can rent a one-bedroom apartment in the center of Los Polvorines, Argentina, for just $380 a month. Despite the low cost and a solid FIRE score of 65, the average internet speed sits at only 25 Mbps, making it a challenging base for heavy remote work. rewireabroad.com","",FALSE,"You can rent a one-bedroom apartment in the center of Los Polvorines, Argentina, for just $380 a month. Despite the low cost and a solid FIRE score of 65, the average internet speed sits at only 25 Mbps, making it a challenging base for heavy remote work. ",FALSE,"Missing language tag"
"at://did:plc:axjxp2mius4o4zh5nkn3tqmc/app.bsky.feed.post/3mvoicwrb6c22","WFH","With gas prices going through the roof, companies might have to start thinking about remote work again to help manage their employees’ costs.","en",TRUE,"With gas prices going through the roof, companies might have to start thinking about remote work again to help manage their employees' costs.",TRUE,"Included"
"at://did:plc:4qibjdue5ekzdedsxeysicbr/app.bsky.feed.post/3mvoh7dwsxs2d","WFH","Some minor modifications I can see. The house, give them three terms. That's 6 years, that's enough. Remote work, I'm on the fence on that. 
www.tiktok.com/@dreamd236/v...","en",TRUE,"Some minor modifications I can see. The house, give them three terms. That's 6 years, that's enough. Remote work, I'm on the fence on that. 
",TRUE,"Included"
"at://did:plc:2hf52szpfr7jhqnolnvrfssc/app.bsky.feed.post/3mvodpqy4uc2z","WFH","I had a conversation with someone about remote work and he said the same thing. It was gonna happen anyway.","en",TRUE,"I had a conversation with someone about remote work and he said the same thing. It was gonna happen anyway.",TRUE,"Included"
"at://did:plc:ds545cjsbnjlynone3yvmita/app.bsky.feed.post/3mvocht3fi22b","WFH","I'm legitimately shocked that my boss is gonna let me keep my job and go fully remote, when her policy has always been no remote work allowed in the departments she runs.

I still can't really believe it tbh!!","en",TRUE,"I'm legitimately shocked that my boss is gonna let me keep my job and go fully remote, when her policy has always been no remote work allowed in the departments she runs.

I still can't really believe it tbh!!",TRUE,"Included"
"at://did:plc:brhghx7kmjy3cjdxt44aeoju/app.bsky.feed.post/3mvobq545d22b","WFH","brighter than the one below, dark moody background suggesting increasing security strength, no text."", ""assetId"": ""a2"" }, { ""type"": ""educational"", ""topic"": ""VPN is not a security strategy for remote work"", ""body"": ""A VPN creates an encrypted tunnel between an employee's device and your 9/38","",FALSE,"brighter than the one below, dark moody background suggesting increasing security strength, no text."", ""assetId"": ""a2"" }, { ""type"": ""educational"", ""topic"": ""VPN is not a security strategy for remote work"", ""body"": ""A VPN creates an encrypted tunnel between an employee's device and your 9/38",FALSE,"Missing language tag"
"at://did:plc:mazynziv6j2n664q4rhb32sw/app.bsky.feed.post/3mvo2cwg6ey2g","WFH","Working From Home Is Leaking Your Evenings 🏡

work from home boundaries productivity remote work work life balance","en",TRUE,"Working From Home Is Leaking Your Evenings 🏡

work from home boundaries productivity remote work work life balance",TRUE,"Included"
"at://did:plc:o7sq5zy2q5xkfoyy7xqclwdu/app.bsky.feed.post/3mvnythjdqc2w","WFH","If you wanna get super literal, her doing the sketch was so she could ""remote"" work while being at her second job working the stadium.","en",TRUE,"If you wanna get super literal, her doing the sketch was so she could ""remote"" work while being at her second job working the stadium.",TRUE,"Included"
"at://did:plc:zkytkppfdx4lzhyoixcyjuri/app.bsky.feed.post/3mvnymxhc4k25","WFH","Not sure if this is exactly up your alley but might be worth looking at. It says Montreal but we're remote first and have offices in Markham. 
apply.workable.com/j/9DB4DF2241...","en",TRUE,"Not sure if this is exactly up your alley but might be worth looking at. It says Montreal but we're remote first and have offices in Markham. 
",TRUE,"Included"
"at://did:plc:jmuvlsz24jdbf5dosmojhvwd/app.bsky.feed.post/3mvnxnlgrss2r","WFH","another point for remote work!","en",TRUE,"another point for remote work!",TRUE,"Included"
"at://did:plc:brhghx7kmjy3cjdxt44aeoju/app.bsky.feed.post/3mvnxfxyerw2v","WFH","brighter than the one below, dark moody background suggesting increasing security strength, no text."", ""assetId"": ""a2"" }, { ""type"": ""educational"", ""topic"": ""VPN is not a security strategy for remote work"", ""body"": ""A VPN creates an encrypted tunnel between an employee's device and your 9/38","",FALSE,"brighter than the one below, dark moody background suggesting increasing security strength, no text."", ""assetId"": ""a2"" }, { ""type"": ""educational"", ""topic"": ""VPN is not a security strategy for remote work"", ""body"": ""A VPN creates an encrypted tunnel between an employee's device and your 9/38",FALSE,"Missing language tag"
"at://did:plc:ghalzqb7zbdpdghv2d5xvpze/app.bsky.feed.post/3mvnwmdg5d42q","WFH","Is your home Wi-Fi as secure as you think? 🏠🔐

Our latest blog explains how to protect your home network, smart devices, and remote work setup from common cyber risks.

Read more 👇
novoit.uk/cybersecurit... 

#CyberSecurity #HomeCybersecurity #RemoteWorking #IoTSecurity #NovoIT","",FALSE,"Is your home Wi-Fi as secure as you think? 🏠🔐

Our latest blog explains how to protect your home network, smart devices, and remote work setup from common cyber risks.

Read more 👇
 

#CyberSecurity #HomeCybersecurity #RemoteWorking #IoTSecurity #NovoIT",FALSE,"Missing language tag"
"at://did:plc:ywbm3iywnhzep3ckt6efhoh7/app.bsky.feed.post/3mvnwmc6dqc2i","WFH","this is my only issue with remote work it's harder to Look Busy","en",TRUE,"this is my only issue with remote work it's harder to Look Busy",TRUE,"Included"
"at://did:plc:jsvyjzopbmycctnemvz3uwkk/app.bsky.feed.post/3mvnvn2lrgc2e","WFH","Remote work means you can spend all day rubbing my belly 😇","en",TRUE,"Remote work means you can spend all day rubbing my belly 😇",TRUE,"Included"
"at://did:plc:oka4jkhbhpzd7tpzbujimnif/app.bsky.feed.post/3mvntbpf4bk2f","WFH","i really need a job. if you're in bmore & have any hiring leads or you know of any consistent remote work that isn't scams feel free to hit the dm","en",TRUE,"i really need a job. if you're in bmore & have any hiring leads or you know of any consistent remote work that isn't scams feel free to hit the dm",TRUE,"Included"
"at://did:plc:kg6x535vwq6lpy267fkom3in/app.bsky.feed.post/3mvnryee34k2q","WFH","I liked this game a lot and its on sale rn 
store.steampowered.com/app/3547270/...","en",TRUE,"I liked this game a lot and its on sale rn 
",TRUE,"Included"
"at://did:plc:u6ajzyiqzkzbppp2x2y7fpfu/app.bsky.feed.post/3mvnriepww22b","WFH","Remote work *also* for cuck losers","en",TRUE,"Remote work *also* for cuck losers",TRUE,"Included"
"at://did:plc:fjpmwsajxkbnlelfmwdza2v7/app.bsky.feed.post/3mvnq3q4xcc2z","WFH","A mid-century house above Portland was renovated for remote work, with smart planning and detailed materials, plus a detached studio for creative practice.
","",FALSE,"A mid-century house above Portland was renovated for remote work, with smart planning and detailed materials, plus a detached studio for creative practice.
",FALSE,"Missing language tag"
"at://did:plc:utcaq6cjcc7tvim2d4pmeie6/app.bsky.feed.post/3mvnpx6us2s2a","WFH","A mid-century house above Portland was renovated for remote work, with smart planning and detailed materials, plus a detached studio for creative practice.
","",FALSE,"A mid-century house above Portland was renovated for remote work, with smart planning and detailed materials, plus a detached studio for creative practice.
",FALSE,"Missing language tag"
"at://did:plc:wrvzqi5w4rwpvu65fjv5yza4/app.bsky.feed.post/3mvnprlgapr2g","WFH","CHOSEN BRICK Spyware: Iran's Bricks Finally Went Digital
Why CHOSEN BRICK Proves Tehran's Secret Police Finally Discovered Remote Work
Iranian intelligence has allegedly entered the exciting world of digital transformation, after Western intelligence agencies 
https://prat.uk/chosen-brick-spyware/","en-us",TRUE,"CHOSEN BRICK Spyware: Iran's Bricks Finally Went Digital
Why CHOSEN BRICK Proves Tehran's Secret Police Finally Discovered Remote Work
Iranian intelligence has allegedly entered the exciting world of digital transformation, after Western intelligence agencies 
",TRUE,"Included"
"at://did:plc:6avqb2ixjly6jgd7kxh6pw7e/app.bsky.feed.post/3mvnnptl5ac2a","WFH","this is where we are as a country: the top reddit threads are about aggressive remote work oversight and how to survive homelessness.","en",TRUE,"this is where we are as a country: the top reddit threads are about aggressive remote work oversight and how to survive homelessness.",TRUE,"Included"
"at://did:plc:gnv5uii4lue7desd5m4dg32u/app.bsky.feed.post/3mvnn22pfgs2v","WFH","It’s funny considering they have been outsourcing their TV animation for decades and they’re thinking the same for their feature animation since the massive success of Moana 2. I guess they hate remote work when it comes to giving benefits and livable wages to their employees.","en",TRUE,"It's funny considering they have been outsourcing their TV animation for decades and they're thinking the same for their feature animation since the massive success of Moana 2. I guess they hate remote work when it comes to giving benefits and livable wages to their employees.",TRUE,"Included"
"at://did:plc:d2txneimf647smkntm5c27fo/app.bsky.feed.post/3mvnmwas5ls2m","WFH","Drive less, but no remote work 

Drive less, but no transit

Drive less, but no bike lanes or ebikes 

Drive less, but no EVs","en",TRUE,"Drive less, but no remote work 

Drive less, but no transit

Drive less, but no bike lanes or ebikes 

Drive less, but no EVs",TRUE,"Included"
"at://did:plc:brhghx7kmjy3cjdxt44aeoju/app.bsky.feed.post/3mvnmrp7wfn2p","WFH","brighter than the one below, dark moody background suggesting increasing security strength, no text."", ""assetId"": ""a2"" }, { ""type"": ""educational"", ""topic"": ""VPN is not a security strategy for remote work"", ""body"": ""A VPN creates an encrypted tunnel between an employee's device and your 9/38","",FALSE,"brighter than the one below, dark moody background suggesting increasing security strength, no text."", ""assetId"": ""a2"" }, { ""type"": ""educational"", ""topic"": ""VPN is not a security strategy for remote work"", ""body"": ""A VPN creates an encrypted tunnel between an employee's device and your 9/38",FALSE,"Missing language tag"
"at://did:plc:njgakmquzxdmz6t32j27hgee/app.bsky.feed.post/3mvnk5mnbuk2i","WFH","I love all of my Zulip loving friends, I just have never been able to wrap my head around it.

Here's @monadical.bsky.social's write up of how it is crucial to their Distributed Work. Very relevant to Networked Organizations, and I follow a lot of the same patterns like no DMs.","",FALSE,"I love all of my Zulip loving friends, I just have never been able to wrap my head around it.

Here's @'s write up of how it is crucial to their Distributed Work. Very relevant to Networked Organizations, and I follow a lot of the same patterns like no DMs.",FALSE,"Missing language tag"
"at://did:plc:apohfz4tqb3j4lixofk4ywkd/app.bsky.feed.post/3mvnfsna6fs2s","WFH","$150 does a day but it's a really nice b'day gift if 80 ppl step up w/ $10 each to get Tati safe for a week. (Room rent + food & meds)

Disabled, chronically ill, bedridden, homeless. If she can just get stable she'll be able to seek remote work.

 Pls RS/QS. Pls do what you can. #HelpFolksLive2026","en",TRUE,"$150 does a day but it's a really nice b'day gift if 80 ppl step up w/ $10 each to get Tati safe for a week. (Room rent + food & meds)

Disabled, chronically ill, bedridden, homeless. If she can just get stable she'll be able to seek remote work.

 Pls RS/QS. Pls do what you can. #HelpFolksLive2026",TRUE,"Included"
"at://did:plc:apohfz4tqb3j4lixofk4ywkd/app.bsky.feed.post/3mvnfpsxyjs2s","WFH","It would a really nice b'day gift if 80 ppl would step up w/ $10 each to get Tati safe for a week. (Room rent + food & meds)

Disabled, chronically ill, bedridden, homeless. If she can just get stable she'll be able to seek remote work.

 Pls RS/QS. Pls do what you can. #HelpFolksLive2026","en",TRUE,"It would a really nice b'day gift if 80 ppl would step up w/ $10 each to get Tati safe for a week. (Room rent + food & meds)

Disabled, chronically ill, bedridden, homeless. If she can just get stable she'll be able to seek remote work.

 Pls RS/QS. Pls do what you can. #HelpFolksLive2026",TRUE,"Included"
"at://did:plc:w5rbiq2urwyft7wdt53wgwa5/app.bsky.feed.post/3mvncez5gab2z","WFH","Luján, Argentina, has a cost of living index of just 45.4, yet the average internet speed is only 20 Mbps. If you are looking for remote work affordability, you are trading high-speed connectivity for a $320 monthly rent outside the city center. rewireabroad.com","",FALSE,"Luján, Argentina, has a cost of living index of just 45.4, yet the average internet speed is only 20 Mbps. If you are looking for remote work affordability, you are trading high-speed connectivity for a $320 monthly rent outside the city center. ",FALSE,"Missing language tag"
"at://did:plc:oc27rjm5tbfjuresfooj6xpv/app.bsky.feed.post/3mvn7mc3oq224","WFH","Solar, remote work","en",TRUE,"Solar, remote work",TRUE,"Included"
"at://did:plc:akiinkd3hnlcvu3shjxhuwid/app.bsky.feed.post/3mvn23dt4mk2a","WFH","I spent 2019 waiting for the crash of an overheating tech industry but then 2020 ate everyone's sins and remote work sparked a new tech boom.

I'm guessing similar things happened in other industries too.","en",TRUE,"I spent 2019 waiting for the crash of an overheating tech industry but then 2020 ate everyone's sins and remote work sparked a new tech boom.

I'm guessing similar things happened in other industries too.",TRUE,"Included"
"at://did:plc:73tee2whxdk52ad54mu7lgtz/app.bsky.feed.post/3mvmuulul222b","WFH","My new job does not typically approve remote work, but I got one approved for today.☺️☺️

Guess who checked their bag and realized I left my laptop on my docking station 🤬😡🤯😠","en",TRUE,"My new job does not typically approve remote work, but I got one approved for today.☺️☺️

Guess who checked their bag and realized I left my laptop on my docking station 🤬😡🤯😠",TRUE,"Included"
"at://did:plc:log7vltoov6iv5ozw7hhzj2h/app.bsky.feed.post/3mvmaum5qqk2g","WFH","Remote work makes these unfinished lifecycle steps harder to ignore.

Our latest article looks at where service workflows can leave asset records incomplete when devices move beyond the office.

Read the full breakdown. 👇️ 
teqtivity.com/how-remote-w... 

#RemoteWork #ITAM #ITSM #ITAssetManagement","",FALSE,"Remote work makes these unfinished lifecycle steps harder to ignore.

Our latest article looks at where service workflows can leave asset records incomplete when devices move beyond the office.

Read the full breakdown. 👇️ 
 

#RemoteWork #ITAM #ITSM #ITAssetManagement",FALSE,"Missing language tag"
"at://did:plc:2s5f5lsvz6zwym4ybmngvhke/app.bsky.feed.post/3mvm7j7okms22","WFH","While I can’t know your specific situation, on average you might actually drive more than someone who commutes to the office usa.streetsblog.org/2024/09/16/c...","en",TRUE,"While I can't know your specific situation, on average you might actually drive more than someone who commutes to the office ",TRUE,"Included"
"at://did:plc:pz4mhojh6iaa62bfvrkrirdp/app.bsky.feed.post/3mvm5q7sq2c2t","WFH","This is creepier and more unhinged than Morgan & Morgan founder John Morgan telling remote work employees ""We're going to put a camera up your ass.""","en",TRUE,"This is creepier and more unhinged than Morgan & Morgan founder John Morgan telling remote work employees ""We're going to put a camera up your ass.""",TRUE,"Included"
"at://did:plc:2gk5jp5podibo4kvzpl7xlzg/app.bsky.feed.post/3mvm3xycxxu23","WFH","California tech offices for Google, OpenAI, Anthropic, and more face potential shutdown as security guards plan a Friday 4:30 AM strike. Demands include higher wages, better health insurance, and training. Employees may shift to remote work. #TechStrike #California #SecurityGuards","en",TRUE,"California tech offices for Google, OpenAI, Anthropic, and more face potential shutdown as security guards plan a Friday 4:30 AM strike. Demands include higher wages, better health insurance, and training. Employees may shift to remote work. #TechStrike #California #SecurityGuards",TRUE,"Included"
"at://did:plc:73vlmhg2vlphnhkwkxjw7x3h/app.bsky.feed.post/3mvlzisv6xk2t","WFH","need to start desperately applying for office or remote work jobs tonight because i think i'm officially past the ""mild disability"" line into ""moderately to severely disabled"" territory. shit is scary man.","en",TRUE,"need to start desperately applying for office or remote work jobs tonight because i think i'm officially past the ""mild disability"" line into ""moderately to severely disabled"" territory. shit is scary man.",TRUE,"Included"
"at://did:plc:q75mdqouvrdabjozg7vtkwzi/app.bsky.feed.post/3mvlwtfqgmb2r","WFH","In the midst of a late-night remote work session, I found myself yearning for connection. A quick chat with a nurse from the Philippines on HEYID turned my solitude into shared stories. We exchanged experiences about our travels, making the night feel less lonely. It’s comforting to know there’s ...","",FALSE,"In the midst of a late-night remote work session, I found myself yearning for connection. A quick chat with a nurse from the Philippines on HEYID turned my solitude into shared stories. We exchanged experiences about our travels, making the night feel less lonely. It's comforting to know there's ...",FALSE,"Missing language tag"
"at://did:plc:haekqw5fwbig2jutlzyinjyp/app.bsky.feed.post/3mvltjgjggc2a","WFH","We've asked for financial support & reposted others' needs but haven't asked- does anybody know a Seattle area company or remote work hiring Site Reliability Engineers or similar jobs? Very experienced wife has been searching for months but tech is such cronyism. Plz repost! #mutualaid #jobhunting","en",TRUE,"We've asked for financial support & reposted others' needs but haven't asked- does anybody know a Seattle area company or remote work hiring Site Reliability Engineers or similar jobs? Very experienced wife has been searching for months but tech is such cronyism. Plz repost! #mutualaid #jobhunting",TRUE,"Included"
"at://did:plc:yaoiybs5quuk6dog7hrucxwt/app.bsky.feed.post/3mvlqvytvck2j","WFH","oh remote work might be different idk if the union covers that. not something to ask about during interview/application anyway you'd do that once you got hired. idk if amazon has actually managed to unionize tbh","en",TRUE,"oh remote work might be different idk if the union covers that. not something to ask about during interview/application anyway you'd do that once you got hired. idk if amazon has actually managed to unionize tbh",TRUE,"Included"
"at://did:plc:brhghx7kmjy3cjdxt44aeoju/app.bsky.feed.post/3mvlqpla7im2s","WFH","brighter than the one below, dark moody background suggesting increasing security strength, no text."", ""assetId"": ""a2"" }, { ""type"": ""educational"", ""topic"": ""VPN is not a security strategy for remote work"", ""body"": ""A VPN creates an encrypted tunnel between an employee's device and your 9/38","",FALSE,"brighter than the one below, dark moody background suggesting increasing security strength, no text."", ""assetId"": ""a2"" }, { ""type"": ""educational"", ""topic"": ""VPN is not a security strategy for remote work"", ""body"": ""A VPN creates an encrypted tunnel between an employee's device and your 9/38",FALSE,"Missing language tag"
"at://did:plc:6jyvdbwch26oyyqho7q7vtcl/app.bsky.feed.post/3mvlnv4jktk2l","WFH","I'm so sick of these articles about the ""negative"" impact of remote work.","en",TRUE,"I'm so sick of these articles about the ""negative"" impact of remote work.",TRUE,"Included"
"at://did:plc:hhtban6na7wlvfzkxd57asrm/app.bsky.feed.post/3mvlk5ykysr2w","WFH","Austin remote-work shift: ~60% of tech employment at least hybrid. State taxes differ by day of presence. Texas domicile vs. other-state work = withholding + nexus. → https://promise.legal/atx #TexasLaw","en",TRUE,"Austin remote-work shift: ~60% of tech employment at least hybrid. State taxes differ by day of presence. Texas domicile vs. other-state work = withholding + nexus. →  #TexasLaw",TRUE,"Included"
"at://did:plc:s4lsju3rjvcm66thieayktpj/app.bsky.feed.post/3mvljjvac5d2j","WFH","💡 A VPN for remote work isn't optional — it's essential. It creates a secure tunnel from your home device to your employer's systems. We set it up properly. $50 → connectedgeek.net","",FALSE,"💡 A VPN for remote work isn't optional — it's essential. It creates a secure tunnel from your home device to your employer's systems. We set it up properly. $50 → ",FALSE,"Missing language tag"
"at://did:plc:u7xbbbsj5oodr6btxe4a4nnu/app.bsky.feed.post/3mvliijsbfk2q","WFH","If you are looking for great remote work to make some extra cash, check out Mercor.
Lots of Excellent High-Paying Jobs & Opportunities!
Good Luck!
work.mercor.com?referralCode...","en",TRUE,"If you are looking for great remote work to make some extra cash, check out Mercor.
Lots of Excellent High-Paying Jobs & Opportunities!
Good Luck!
",TRUE,"Included"
"at://did:plc:apohfz4tqb3j4lixofk4ywkd/app.bsky.feed.post/3mvlgtbp3e22w","WFH","Tati's disabled, chronically ill, mostly bedridden, homeless.

$70 = 1 day shelter. $435 = 1 week shelter (lower rate). ~$250 does food & meds. Tati needs shelter 1st but also food/meds to recover enough for remote work.

70 ppl $10 each is good.

Pls RS/QS. Pls do what you can. #HelpFolksLive2026","en",TRUE,"Tati's disabled, chronically ill, mostly bedridden, homeless.

$70 = 1 day shelter. $435 = 1 week shelter (lower rate). ~$250 does food & meds. Tati needs shelter 1st but also food/meds to recover enough for remote work.

70 ppl $10 each is good.

Pls RS/QS. Pls do what you can. #HelpFolksLive2026",TRUE,"Included"
"at://did:plc:apohfz4tqb3j4lixofk4ywkd/app.bsky.feed.post/3mvlgs646zc2w","WFH","Tati's disabled, chronically ill, mostly bedridden, homeless.

$70 = 1 day shelter. $435 = 1 week shelter (lower rate). ~$250 does food & meds. Tati needs shelter 1st but also food & meds to recover enough for remote work.

70 ppl $10 each is good.

Pls RS/QS. Pls do what you can. #HelpFolksLive2026","en",TRUE,"Tati's disabled, chronically ill, mostly bedridden, homeless.

$70 = 1 day shelter. $435 = 1 week shelter (lower rate). ~$250 does food & meds. Tati needs shelter 1st but also food & meds to recover enough for remote work.

70 ppl $10 each is good.

Pls RS/QS. Pls do what you can. #HelpFolksLive2026",TRUE,"Included"
"at://did:plc:up3bfaowquby7eup7u2yuhw5/app.bsky.feed.post/3mvlgptx5jc2u","WFH","That would have made the process of applying for remote work at my previous job (submit a form, get line manager to back you up) several times more annoying.","cy",FALSE,"That would have made the process of applying for remote work at my previous job (submit a form, get line manager to back you up) several times more annoying.",FALSE,"Non-English or mixed language tags"
"at://did:plc:xkmhfom544xqivxdodw4wtut/app.bsky.feed.post/3mvlgkbfqg225","WFH","The big remote debate. It's mostly over, right? Maybe not for small and midsize firms. Smaller firms are still stuck debating, and it's tearing at the relationship between partners and associates.

abovethelaw.com/2026/09/the-...","en",TRUE,"The big remote debate. It's mostly over, right? Maybe not for small and midsize firms. Smaller firms are still stuck debating, and it's tearing at the relationship between partners and associates.

",TRUE,"Included"
"at://did:plc:brhghx7kmjy3cjdxt44aeoju/app.bsky.feed.post/3mvlfk3hm6j2s","WFH","brighter than the one below, dark moody background suggesting increasing security strength, no text."", ""assetId"": ""a2"" }, { ""type"": ""educational"", ""topic"": ""VPN is not a security strategy for remote work"", ""body"": ""A VPN creates an encrypted tunnel between an employee's device and your 9/38","",FALSE,"brighter than the one below, dark moody background suggesting increasing security strength, no text."", ""assetId"": ""a2"" }, { ""type"": ""educational"", ""topic"": ""VPN is not a security strategy for remote work"", ""body"": ""A VPN creates an encrypted tunnel between an employee's device and your 9/38",FALSE,"Missing language tag"
"at://did:plc:tsohujxrzpruuuhh4tmitvmh/app.bsky.feed.post/3mvleclr4z22n","WFH","smartpicksstore2026.blogspot.com/2026/09/uper...","en",TRUE,"",FALSE,"No retained English word tokens"
"at://did:plc:tsohujxrzpruuuhh4tmitvmh/app.bsky.feed.post/3mvlec4n3qs2n","WFH","smartpicksstore2026.blogspot.com/2026/09/uper...","en",TRUE,"",FALSE,"No retained English word tokens"
"at://did:plc:sxr3mpt5mxgoo6ljzmbtb2pb/app.bsky.feed.post/3mvldoce4t22n","WFH","Good stuffs im lookin at 30-40 dollars an hour positions,

 remote work,

 relocation,

 full benefits avaliable...

its the same just as they stated.

I could even leavd and come back 

Please travel more often 

 Ya just earn more in the future which is today.

Well,that was pretty much it, unless","en",TRUE,"Good stuffs im lookin at 30-40 dollars an hour positions,

 remote work,

 relocation,

 full benefits avaliable...

its the same just as they stated.

I could even leavd and come back 

Please travel more often 

 Ya just earn more in the future which is today.

Well,that was pretty much it, unless",TRUE,"Included"
"at://did:plc:556hsgd5u3y5kytb6j6slbn7/app.bsky.feed.post/3mvlcnseilc2a","WFH","In the Netherlands bosses have to talk to the employee, too. I still remember the huge smile on the face of the HR lady when she told me no.

The only thing that works, is a default right when remote work is possible. Otherwise the employer will have (weak) reasons ready to reject it.","en",TRUE,"In the Netherlands bosses have to talk to the employee, too. I still remember the huge smile on the face of the HR lady when she told me no.

The only thing that works, is a default right when remote work is possible. Otherwise the employer will have (weak) reasons ready to reject it.",TRUE,"Included"
