"group","word","posts_with_word","total_posts","percent"
"RTO","aangetoond",1,371,0.269541778975741
"RTO","abandon",1,371,0.269541778975741
"RTO","abandoned",1,371,0.269541778975741
"RTO","abetting",1,371,0.269541778975741
"RTO","abroad",1,371,0.269541778975741
"RTO","absence",2,371,0.539083557951482
"RTO","absentee",1,371,0.269541778975741
"RTO","absolute",2,371,0.539083557951482
"RTO","absolutely",3,371,0.808625336927224
"RTO","absurdity",1,371,0.269541778975741
"RTO","abusive",1,371,0.269541778975741
"RTO","ac",1,371,0.269541778975741
"RTO","academic",1,371,0.269541778975741
"RTO","accelerated",1,371,0.269541778975741
"RTO","accelerating",1,371,0.269541778975741
"RTO","acceptable",1,371,0.269541778975741
"RTO","accepting",1,371,0.269541778975741
"RTO","access",2,371,0.539083557951482
"RTO","accommodation",1,371,0.269541778975741
"RTO","accommodations",1,371,0.269541778975741
"RTO","account",1,371,0.269541778975741
"RTO","accountability",1,371,0.269541778975741
"RTO","accountable",2,371,0.539083557951482
"RTO","accounting",1,371,0.269541778975741
"RTO","accounts",1,371,0.269541778975741
"RTO","acct",1,371,0.269541778975741
"RTO","accusation",1,371,0.269541778975741
"RTO","accused",3,371,0.808625336927224
"RTO","achievement",1,371,0.269541778975741
"RTO","acquire",1,371,0.269541778975741
"RTO","acronym",1,371,0.269541778975741
"RTO","act",1,371,0.269541778975741
"RTO","action",3,371,0.808625336927224
"RTO","actionable",1,371,0.269541778975741
"RTO","actions",3,371,0.808625336927224
"RTO","activity",1,371,0.269541778975741
"RTO","actual",1,371,0.269541778975741
"RTO","ada",1,371,0.269541778975741
"RTO","adapt",1,371,0.269541778975741
"RTO","add",1,371,0.269541778975741
"RTO","adds",1,371,0.269541778975741
"RTO","adjacent",1,371,0.269541778975741
"RTO","admin",1,371,0.269541778975741
"RTO","administration",4,371,1.07816711590296
"RTO","ads",1,371,0.269541778975741
"RTO","advice",1,371,0.269541778975741
"RTO","affiliated",1,371,0.269541778975741
"RTO","afford",1,371,0.269541778975741
"RTO","afscme",1,371,0.269541778975741
"RTO","age",10,371,2.69541778975741
"RTO","agencies",3,371,0.808625336927224
"RTO","agency",5,371,1.34770889487871
"RTO","agenda",1,371,0.269541778975741
"RTO","agendas",1,371,0.269541778975741
"RTO","agents",3,371,0.808625336927224
"RTO","ago",7,371,1.88679245283019
"RTO","agree",2,371,0.539083557951482
"RTO","ahead",3,371,0.808625336927224
"RTO","ai",11,371,2.96495956873315
"RTO","air",3,371,0.808625336927224
"RTO","alaska",1,371,0.269541778975741
"RTO","albanesi",1,371,0.269541778975741
"RTO","alexpretti",1,371,0.269541778975741
"RTO","allies",2,371,0.539083557951482
"RTO","allowed",6,371,1.61725067385445
"RTO","allowing",1,371,0.269541778975741
"RTO","als",2,371,0.539083557951482
"RTO","alt",1,371,0.269541778975741
"RTO","altered",1,371,0.269541778975741
"RTO","alternative",1,371,0.269541778975741
"RTO","altijd",1,371,0.269541778975741
"RTO","amazon",1,371,0.269541778975741
"RTO","ambitions",1,371,0.269541778975741
"RTO","america",3,371,0.808625336927224
"RTO","american",3,371,0.808625336927224
"RTO","americans",3,371,0.808625336927224
"RTO","analyses",1,371,0.269541778975741
"RTO","analysis",7,371,1.88679245283019
"RTO","analyzed",1,371,0.269541778975741
"RTO","anchored",1,371,0.269541778975741
"RTO","andrew",1,371,0.269541778975741
"RTO","anglais",1,371,0.269541778975741
"RTO","angry",1,371,0.269541778975741
"RTO","annoying",1,371,0.269541778975741
"RTO","annually",1,371,0.269541778975741
"RTO","answered",1,371,0.269541778975741
"RTO","anticipate",1,371,0.269541778975741
"RTO","antitrust",1,371,0.269541778975741
"RTO","anymore",4,371,1.07816711590296
"RTO","anytime",1,371,0.269541778975741
"RTO","apocalypse",1,371,0.269541778975741
"RTO","apparent",1,371,0.269541778975741
"RTO","apparently",1,371,0.269541778975741
"RTO","appeal",2,371,0.539083557951482
"RTO","appeals",4,371,1.07816711590296
"RTO","appease",1,371,0.269541778975741
"RTO","applicants",1,371,0.269541778975741
"RTO","application",1,371,0.269541778975741
"RTO","approval",1,371,0.269541778975741
"RTO","approve",2,371,0.539083557951482
"RTO","arab",1,371,0.269541778975741
"RTO","araqchi",1,371,0.269541778975741
"RTO","arbitrary",2,371,0.539083557951482
"RTO","arch",1,371,0.269541778975741
"RTO","argument",4,371,1.07816711590296
"RTO","arm",1,371,0.269541778975741
"RTO","army",1,371,0.269541778975741
"RTO","arrangements",1,371,0.269541778975741
"RTO","arrest",1,371,0.269541778975741
"RTO","arrested",1,371,0.269541778975741
"RTO","arrests",1,371,0.269541778975741
"RTO","article",3,371,0.808625336927224
"RTO","articles",3,371,0.808625336927224
"RTO","artificial",3,371,0.808625336927224
"RTO","arxiv",1,371,0.269541778975741
"RTO","asap",1,371,0.269541778975741
"RTO","ass",2,371,0.539083557951482
"RTO","assassination",1,371,0.269541778975741
"RTO","assemblies",1,371,0.269541778975741
"RTO","assigned",1,371,0.269541778975741
"RTO","association",1,371,0.269541778975741
"RTO","asymmetric",1,371,0.269541778975741
"RTO","att",1,371,0.269541778975741
"RTO","attempting",1,371,0.269541778975741
"RTO","attention",2,371,0.539083557951482
"RTO","attract",1,371,0.269541778975741
"RTO","attribute",1,371,0.269541778975741
"RTO","attrition",1,371,0.269541778975741
"RTO","authority",1,371,0.269541778975741
"RTO","auto",4,371,1.07816711590296
"RTO","autonomy",1,371,0.269541778975741
"RTO","average",1,371,0.269541778975741
"RTO","avoid",1,371,0.269541778975741
"RTO","aware",1,371,0.269541778975741
"RTO","aways",1,371,0.269541778975741
"RTO","awhile",1,371,0.269541778975741
"RTO","backfires",1,371,0.269541778975741
"RTO","backlash",3,371,0.808625336927224
"RTO","backpacks",1,371,0.269541778975741
"RTO","backpay",2,371,0.539083557951482
"RTO","bad",4,371,1.07816711590296
"RTO","bags",1,371,0.269541778975741
"RTO","bail",1,371,0.269541778975741
"RTO","ballots",1,371,0.269541778975741
"RTO","ballroom",1,371,0.269541778975741
"RTO","bank",1,371,0.269541778975741
"RTO","banking",1,371,0.269541778975741
"RTO","banuelos",1,371,0.269541778975741
"RTO","barcelona",1,371,0.269541778975741
"RTO","barclays",8,371,2.15633423180593
"RTO","bargaining",1,371,0.269541778975741
"RTO","barred",1,371,0.269541778975741
"RTO","based",1,371,0.269541778975741
"RTO","basically",1,371,0.269541778975741
"RTO","batteries",9,371,2.42587601078167
"RTO","battery",1,371,0.269541778975741
"RTO","battle",1,371,0.269541778975741
"RTO","bbcaq",1,371,0.269541778975741
"RTO","bc",2,371,0.539083557951482
"RTO","bear",1,371,0.269541778975741
"RTO","beating",1,371,0.269541778975741
"RTO","beats",1,371,0.269541778975741
"RTO","beautiful",2,371,0.539083557951482
"RTO","bedrijven",1,371,0.269541778975741
"RTO","bedroom",1,371,0.269541778975741
"RTO","begich",1,371,0.269541778975741
"RTO","beginning",2,371,0.539083557951482
"RTO","begins",4,371,1.07816711590296
"RTO","behave",1,371,0.269541778975741
"RTO","behaviour",1,371,0.269541778975741
"RTO","beijing",1,371,0.269541778975741
"RTO","beliefs",1,371,0.269541778975741
"RTO","believes",1,371,0.269541778975741
"RTO","belt",1,371,0.269541778975741
"RTO","benefit",3,371,0.808625336927224
"RTO","benefited",1,371,0.269541778975741
"RTO","benefits",2,371,0.539083557951482
"RTO","bet",1,371,0.269541778975741
"RTO","betray",1,371,0.269541778975741
"RTO","bezigheids",1,371,0.269541778975741
"RTO","biden",3,371,0.808625336927224
"RTO","bill",3,371,0.808625336927224
"RTO","billing",1,371,0.269541778975741
"RTO","billion",4,371,1.07816711590296
"RTO","billionaire",1,371,0.269541778975741
"RTO","billions",2,371,0.539083557951482
"RTO","bio",1,371,0.269541778975741
"RTO","biology",1,371,0.269541778975741
"RTO","bipartisan",1,371,0.269541778975741
"RTO","birth",1,371,0.269541778975741
"RTO","bit",1,371,0.269541778975741
"RTO","bitches",1,371,0.269541778975741
"RTO","black",1,371,0.269541778975741
"RTO","blanket",2,371,0.539083557951482
"RTO","blessed",1,371,0.269541778975741
"RTO","blistering",1,371,0.269541778975741
"RTO","blitz",1,371,0.269541778975741
"RTO","bloggins",1,371,0.269541778975741
"RTO","bloody",1,371,0.269541778975741
"RTO","bloom",1,371,0.269541778975741
"RTO","bloomberg",3,371,0.808625336927224
"RTO","blow",1,371,0.269541778975741
"RTO","blueprint",2,371,0.539083557951482
"RTO","blues",1,371,0.269541778975741
"RTO","bluesky",1,371,0.269541778975741
"RTO","bnb",1,371,0.269541778975741
"RTO","boasted",1,371,0.269541778975741
"RTO","boat",1,371,0.269541778975741
"RTO","bollocks",1,371,0.269541778975741
"RTO","bonanza",1,371,0.269541778975741
"RTO","books",1,371,0.269541778975741
"RTO","boom",12,371,3.2345013477089
"RTO","boomer",1,371,0.269541778975741
"RTO","boon",1,371,0.269541778975741
"RTO","border",1,371,0.269541778975741
"RTO","bordercontrol",1,371,0.269541778975741
"RTO","borders",3,371,0.808625336927224
"RTO","borrowing",1,371,0.269541778975741
"RTO","boss",4,371,1.07816711590296
"RTO","bosses",5,371,1.34770889487871
"RTO","bother",1,371,0.269541778975741
"RTO","bothers",1,371,0.269541778975741
"RTO","botswana",1,371,0.269541778975741
"RTO","bought",1,371,0.269541778975741
"RTO","bovenop",1,371,0.269541778975741
"RTO","bowl",1,371,0.269541778975741
"RTO","boy",1,371,0.269541778975741
"RTO","brace",1,371,0.269541778975741
"RTO","brain",3,371,0.808625336927224
"RTO","branded",1,371,0.269541778975741
"RTO","braunhemden",1,371,0.269541778975741
"RTO","break",1,371,0.269541778975741
"RTO","breakdown",1,371,0.269541778975741
"RTO","breakfast",1,371,0.269541778975741
"RTO","breath",1,371,0.269541778975741
"RTO","breathe",1,371,0.269541778975741
"RTO","breeds",1,371,0.269541778975741
"RTO","bribery",10,371,2.69541778975741
"RTO","bring",1,371,0.269541778975741
"RTO","broad",4,371,1.07816711590296
"RTO","broader",1,371,0.269541778975741
"RTO","broke",1,371,0.269541778975741
"RTO","brother",1,371,0.269541778975741
"RTO","brought",1,371,0.269541778975741
"RTO","brutal",1,371,0.269541778975741
"RTO","budget",2,371,0.539083557951482
"RTO","budgeted",1,371,0.269541778975741
"RTO","buffalo",1,371,0.269541778975741
"RTO","build",9,371,2.42587601078167
"RTO","building",5,371,1.34770889487871
"RTO","buildings",2,371,0.539083557951482
"RTO","bullshit",4,371,1.07816711590296
"RTO","bully",1,371,0.269541778975741
"RTO","bunch",3,371,0.808625336927224
"RTO","burned",1,371,0.269541778975741
"RTO","burns",1,371,0.269541778975741
"RTO","bus",1,371,0.269541778975741
"RTO","bush",1,371,0.269541778975741
"RTO","business",5,371,1.34770889487871
"RTO","busting",1,371,0.269541778975741
"RTO","buttress",1,371,0.269541778975741
"RTO","buy",4,371,1.07816711590296
"RTO","buyers",1,371,0.269541778975741
"RTO","buying",1,371,0.269541778975741
"RTO","buys",1,371,0.269541778975741
"RTO","cabin",1,371,0.269541778975741
"RTO","calculation",1,371,0.269541778975741
"RTO","calculations",1,371,0.269541778975741
"RTO","calculatuon",1,371,0.269541778975741
"RTO","calif",1,371,0.269541778975741
"RTO","california",1,371,0.269541778975741
"RTO","call",2,371,0.539083557951482
"RTO","called",4,371,1.07816711590296
"RTO","calling",1,371,0.269541778975741
"RTO","calls",4,371,1.07816711590296
"RTO","cameo",1,371,0.269541778975741
"RTO","campaign",3,371,0.808625336927224
"RTO","campus",1,371,0.269541778975741
"RTO","canada",4,371,1.07816711590296
"RTO","cancel",1,371,0.269541778975741
"RTO","cancelled",1,371,0.269541778975741
"RTO","candidate",1,371,0.269541778975741
"RTO","candidates",1,371,0.269541778975741
"RTO","capitulation",10,371,2.69541778975741
"RTO","car",2,371,0.539083557951482
"RTO","carbon",1,371,0.269541778975741
"RTO","card",1,371,0.269541778975741
"RTO","cards",1,371,0.269541778975741
"RTO","care",2,371,0.539083557951482
"RTO","caregivers",1,371,0.269541778975741
"RTO","cares",1,371,0.269541778975741
"RTO","carpenters",1,371,0.269541778975741
"RTO","cars",1,371,0.269541778975741
"RTO","caselaw",1,371,0.269541778975741
"RTO","caused",1,371,0.269541778975741
"RTO","causing",1,371,0.269541778975741
"RTO","cdc",1,371,0.269541778975741
"RTO","cdnpoli",1,371,0.269541778975741
"RTO","center",3,371,0.808625336927224
"RTO","centerpiece",1,371,0.269541778975741
"RTO","central",1,371,0.269541778975741
"RTO","centrebc",1,371,0.269541778975741
"RTO","centretown",1,371,0.269541778975741
"RTO","ceo",2,371,0.539083557951482
"RTO","ceos",6,371,1.61725067385445
"RTO","cert",1,371,0.269541778975741
"RTO","chain",9,371,2.42587601078167
"RTO","chair",2,371,0.539083557951482
"RTO","challenge",2,371,0.539083557951482
"RTO","challenges",2,371,0.539083557951482
"RTO","chamber",2,371,0.539083557951482
"RTO","chance",1,371,0.269541778975741
"RTO","change",3,371,0.808625336927224
"RTO","changed",4,371,1.07816711590296
"RTO","changing",1,371,0.269541778975741
"RTO","chaos",1,371,0.269541778975741
"RTO","character",2,371,0.539083557951482
"RTO","charged",1,371,0.269541778975741
"RTO","charges",1,371,0.269541778975741
"RTO","charter",1,371,0.269541778975741
"RTO","chasing",1,371,0.269541778975741
"RTO","cheat",1,371,0.269541778975741
"RTO","check",1,371,0.269541778975741
"RTO","cherry",1,371,0.269541778975741
"RTO","china",1,371,0.269541778975741
"RTO","choice",1,371,0.269541778975741
"RTO","chopping",1,371,0.269541778975741
"RTO","chump",1,371,0.269541778975741
"RTO","circulating",1,371,0.269541778975741
"RTO","cissp",1,371,0.269541778975741
"RTO","citing",1,371,0.269541778975741
"RTO","citizens",1,371,0.269541778975741
"RTO","city",4,371,1.07816711590296
"RTO","civic",1,371,0.269541778975741
"RTO","civil",4,371,1.07816711590296
"RTO","civilians",1,371,0.269541778975741
"RTO","claimed",1,371,0.269541778975741
"RTO","claiming",1,371,0.269541778975741
"RTO","clarify",1,371,0.269541778975741
"RTO","click",1,371,0.269541778975741
"RTO","climbing",1,371,0.269541778975741
"RTO","close",1,371,0.269541778975741
"RTO","closed",1,371,0.269541778975741
"RTO","cloths",1,371,0.269541778975741
"RTO","cohen",2,371,0.539083557951482
"RTO","cohesion",1,371,0.269541778975741
"RTO","coincides",1,371,0.269541778975741
"RTO","cold",1,371,0.269541778975741
"RTO","colds",1,371,0.269541778975741
"RTO","collaboration",3,371,0.808625336927224
"RTO","collaborative",1,371,0.269541778975741
"RTO","collapsing",1,371,0.269541778975741
"RTO","collar",2,371,0.539083557951482
"RTO","colleague",1,371,0.269541778975741
"RTO","collecting",1,371,0.269541778975741
"RTO","collins",12,371,3.2345013477089
"RTO","column",1,371,0.269541778975741
"RTO","combined",13,371,3.50404312668464
"RTO","coming",2,371,0.539083557951482
"RTO","comment",1,371,0.269541778975741
"RTO","commentary",1,371,0.269541778975741
"RTO","commercial",3,371,0.808625336927224
"RTO","committee",2,371,0.539083557951482
"RTO","communication",1,371,0.269541778975741
"RTO","community",3,371,0.808625336927224
"RTO","commute",5,371,1.34770889487871
"RTO","commuters",2,371,0.539083557951482
"RTO","commutes",3,371,0.808625336927224
"RTO","commuting",1,371,0.269541778975741
"RTO","companies",9,371,2.42587601078167
"RTO","company",6,371,1.61725067385445
"RTO","compared",1,371,0.269541778975741
"RTO","comparing",4,371,1.07816711590296
"RTO","compensation",1,371,0.269541778975741
"RTO","compete",1,371,0.269541778975741
"RTO","competency",1,371,0.269541778975741
"RTO","competitive",1,371,0.269541778975741
"RTO","complaining",1,371,0.269541778975741
"RTO","complicit",1,371,0.269541778975741
"RTO","comprehend",1,371,0.269541778975741
"RTO","compulsory",1,371,0.269541778975741
"RTO","computer",1,371,0.269541778975741
"RTO","concentrationcamps",1,371,0.269541778975741
"RTO","concern",1,371,0.269541778975741
"RTO","concerns",1,371,0.269541778975741
"RTO","concha",1,371,0.269541778975741
"RTO","condemn",1,371,0.269541778975741
"RTO","conditions",1,371,0.269541778975741
"RTO","condo",1,371,0.269541778975741
"RTO","confessed",8,371,2.15633423180593
"RTO","congestion",2,371,0.539083557951482
"RTO","congress",18,371,4.85175202156334
"RTO","congressional",2,371,0.539083557951482
"RTO","connected",1,371,0.269541778975741
"RTO","connection",1,371,0.269541778975741
"RTO","consequences",1,371,0.269541778975741
"RTO","conservation",1,371,0.269541778975741
"RTO","conservative",2,371,0.539083557951482
"RTO","conservatives",2,371,0.539083557951482
"RTO","considered",1,371,0.269541778975741
"RTO","constitution",2,371,0.539083557951482
"RTO","constitutional",1,371,0.269541778975741
"RTO","construction",1,371,0.269541778975741
"RTO","consultants",1,371,0.269541778975741
"RTO","consultation",1,371,0.269541778975741
"RTO","cont",1,371,0.269541778975741
"RTO","content",1,371,0.269541778975741
"RTO","context",1,371,0.269541778975741
"RTO","continue",3,371,0.808625336927224
"RTO","continued",2,371,0.539083557951482
"RTO","continues",1,371,0.269541778975741
"RTO","continuing",2,371,0.539083557951482
"RTO","continuously",1,371,0.269541778975741
"RTO","contractor",1,371,0.269541778975741
"RTO","contracts",2,371,0.539083557951482
"RTO","contributed",1,371,0.269541778975741
"RTO","contributing",2,371,0.539083557951482
"RTO","contributor",1,371,0.269541778975741
"RTO","contributors",1,371,0.269541778975741
"RTO","control",6,371,1.61725067385445
"RTO","controls",1,371,0.269541778975741
"RTO","controversial",1,371,0.269541778975741
"RTO","convention",1,371,0.269541778975741
"RTO","conversation",1,371,0.269541778975741
"RTO","conversations",1,371,0.269541778975741
"RTO","convicted",1,371,0.269541778975741
"RTO","convictions",1,371,0.269541778975741
"RTO","convinced",1,371,0.269541778975741
"RTO","coo",2,371,0.539083557951482
"RTO","cool",2,371,0.539083557951482
"RTO","cooler",2,371,0.539083557951482
"RTO","coordinadora",1,371,0.269541778975741
"RTO","coordinating",1,371,0.269541778975741
"RTO","core",1,371,0.269541778975741
"RTO","corona",1,371,0.269541778975741
"RTO","corporate",4,371,1.07816711590296
"RTO","corporation",1,371,0.269541778975741
"RTO","corporations",3,371,0.808625336927224
"RTO","correlated",1,371,0.269541778975741
"RTO","correlation",1,371,0.269541778975741
"RTO","corruption",6,371,1.61725067385445
"RTO","cost",4,371,1.07816711590296
"RTO","costing",13,371,3.50404312668464
"RTO","costs",6,371,1.61725067385445
"RTO","count",5,371,1.34770889487871
"RTO","counting",2,371,0.539083557951482
"RTO","countries",3,371,0.808625336927224
"RTO","country",6,371,1.61725067385445
"RTO","county",1,371,0.269541778975741
"RTO","couple",1,371,0.269541778975741
"RTO","court",6,371,1.61725067385445
"RTO","courts",1,371,0.269541778975741
"RTO","cousin",1,371,0.269541778975741
"RTO","cover",1,371,0.269541778975741
"RTO","covered",1,371,0.269541778975741
"RTO","covering",2,371,0.539083557951482
"RTO","covid",9,371,2.42587601078167
"RTO","coworker",1,371,0.269541778975741
"RTO","coworkers",1,371,0.269541778975741
"RTO","crappy",1,371,0.269541778975741
"RTO","craving",1,371,0.269541778975741
"RTO","create",2,371,0.539083557951482
"RTO","creates",1,371,0.269541778975741
"RTO","credential",1,371,0.269541778975741
"RTO","crime",1,371,0.269541778975741
"RTO","crimes",1,371,0.269541778975741
"RTO","criminal",1,371,0.269541778975741
"RTO","crisis",2,371,0.539083557951482
"RTO","cronies",2,371,0.539083557951482
"RTO","crowded",1,371,0.269541778975741
"RTO","crpd",1,371,0.269541778975741
"RTO","crypto",1,371,0.269541778975741
"RTO","csv",1,371,0.269541778975741
"RTO","cult",2,371,0.539083557951482
"RTO","culture",4,371,1.07816711590296
"RTO","curbing",1,371,0.269541778975741
"RTO","currentevents",1,371,0.269541778975741
"RTO","cursory",1,371,0.269541778975741
"RTO","customer",1,371,0.269541778975741
"RTO","customers",1,371,0.269541778975741
"RTO","customs",1,371,0.269541778975741
"RTO","cut",3,371,0.808625336927224
"RTO","cuts",3,371,0.808625336927224
"RTO","cutting",1,371,0.269541778975741
"RTO","daar",1,371,0.269541778975741
"RTO","daily",1,371,0.269541778975741
"RTO","damage",2,371,0.539083557951482
"RTO","damned",1,371,0.269541778975741
"RTO","dampen",1,371,0.269541778975741
"RTO","dan",1,371,0.269541778975741
"RTO","dark",2,371,0.539083557951482
"RTO","dashed",1,371,0.269541778975741
"RTO","dat",2,371,0.539083557951482
"RTO","data",7,371,1.88679245283019
"RTO","datasets",1,371,0.269541778975741
"RTO","date",1,371,0.269541778975741
"RTO","david",2,371,0.539083557951482
"RTO","day",14,371,3.77358490566038
"RTO","days",18,371,4.85175202156334
"RTO","dc",5,371,1.34770889487871
"RTO","de",2,371,0.539083557951482
"RTO","dead",3,371,0.808625336927224
"RTO","deals",2,371,0.539083557951482
"RTO","dear",1,371,0.269541778975741
"RTO","deaths",1,371,0.269541778975741
"RTO","debate",1,371,0.269541778975741
"RTO","debt",1,371,0.269541778975741
"RTO","decade",2,371,0.539083557951482
"RTO","decent",1,371,0.269541778975741
"RTO","decide",3,371,0.808625336927224
"RTO","decided",1,371,0.269541778975741
"RTO","decision",4,371,1.07816711590296
"RTO","decline",3,371,0.808625336927224
"RTO","declines",1,371,0.269541778975741
"RTO","deemed",1,371,0.269541778975741
"RTO","deep",1,371,0.269541778975741
"RTO","deepdive",1,371,0.269541778975741
"RTO","deeper",1,371,0.269541778975741
"RTO","deeply",2,371,0.539083557951482
"RTO","defendants",1,371,0.269541778975741
"RTO","defense",9,371,2.42587601078167
"RTO","deference",2,371,0.539083557951482
"RTO","defiance",2,371,0.539083557951482
"RTO","defined",11,371,2.96495956873315
"RTO","defrauding",1,371,0.269541778975741
"RTO","defunct",1,371,0.269541778975741
"RTO","dehumanizing",1,371,0.269541778975741
"RTO","dei",1,371,0.269541778975741
"RTO","del",1,371,0.269541778975741
"RTO","delaware",1,371,0.269541778975741
"RTO","delivered",1,371,0.269541778975741
"RTO","demand",6,371,1.61725067385445
"RTO","demanded",2,371,0.539083557951482
"RTO","demanding",3,371,0.808625336927224
"RTO","democracy",1,371,0.269541778975741
"RTO","democrats",5,371,1.34770889487871
"RTO","demonized",1,371,0.269541778975741
"RTO","demonstrated",1,371,0.269541778975741
"RTO","dems",3,371,0.808625336927224
"RTO","denial",1,371,0.269541778975741
"RTO","department",1,371,0.269541778975741
"RTO","depends",1,371,0.269541778975741
"RTO","depicts",1,371,0.269541778975741
"RTO","deportation",1,371,0.269541778975741
"RTO","deports",1,371,0.269541778975741
"RTO","deputy",1,371,0.269541778975741
"RTO","derailed",4,371,1.07816711590296
"RTO","desks",2,371,0.539083557951482
"RTO","desperate",1,371,0.269541778975741
"RTO","destroy",1,371,0.269541778975741
"RTO","destroyed",1,371,0.269541778975741
"RTO","destruction",1,371,0.269541778975741
"RTO","detail",3,371,0.808625336927224
"RTO","details",2,371,0.539083557951482
"RTO","detained",1,371,0.269541778975741
"RTO","detaining",3,371,0.808625336927224
"RTO","detention",8,371,2.15633423180593
"RTO","detrimental",1,371,0.269541778975741
"RTO","developers",1,371,0.269541778975741
"RTO","development",1,371,0.269541778975741
"RTO","developments",1,371,0.269541778975741
"RTO","devoid",1,371,0.269541778975741
"RTO","dfl",1,371,0.269541778975741
"RTO","dhs",2,371,0.539083557951482
"RTO","diabolical",1,371,0.269541778975741
"RTO","diarrhea",1,371,0.269541778975741
"RTO","dickheads",1,371,0.269541778975741
"RTO","dictates",2,371,0.539083557951482
"RTO","die",2,371,0.539083557951482
"RTO","died",1,371,0.269541778975741
"RTO","dig",1,371,0.269541778975741
"RTO","dignity",1,371,0.269541778975741
"RTO","dijcke",2,371,0.539083557951482
"RTO","diminished",1,371,0.269541778975741
"RTO","dipshit",1,371,0.269541778975741
"RTO","direction",1,371,0.269541778975741
"RTO","directions",1,371,0.269541778975741
"RTO","directive",2,371,0.539083557951482
"RTO","directly",3,371,0.808625336927224
"RTO","dirt",1,371,0.269541778975741
"RTO","dirty",1,371,0.269541778975741
"RTO","disabled",3,371,0.808625336927224
"RTO","disagreed",2,371,0.539083557951482
"RTO","disappearing",1,371,0.269541778975741
"RTO","disappointed",1,371,0.269541778975741
"RTO","disapproval",2,371,0.539083557951482
"RTO","disapprove",1,371,0.269541778975741
"RTO","disasters",1,371,0.269541778975741
"RTO","disbanded",3,371,0.808625336927224
"RTO","disclose",2,371,0.539083557951482
"RTO","disclosures",1,371,0.269541778975741
"RTO","discontinued",1,371,0.269541778975741
"RTO","discourse",2,371,0.539083557951482
"RTO","discovering",1,371,0.269541778975741
"RTO","discuss",1,371,0.269541778975741
"RTO","discusses",1,371,0.269541778975741
"RTO","discussions",1,371,0.269541778975741
"RTO","disease",1,371,0.269541778975741
"RTO","disengagement",1,371,0.269541778975741
"RTO","disgusting",2,371,0.539083557951482
"RTO","disinformation",1,371,0.269541778975741
"RTO","dismantled",8,371,2.15633423180593
"RTO","dismissed",1,371,0.269541778975741
"RTO","dispute",1,371,0.269541778975741
"RTO","distance",1,371,0.269541778975741
"RTO","distributed",1,371,0.269541778975741
"RTO","distribution",2,371,0.539083557951482
"RTO","dive",1,371,0.269541778975741
"RTO","djt",1,371,0.269541778975741
"RTO","documents",2,371,0.539083557951482
"RTO","doen",1,371,0.269541778975741
"RTO","dog",2,371,0.539083557951482
"RTO","dogs",1,371,0.269541778975741
"RTO","dollars",1,371,0.269541778975741
"RTO","domestic",8,371,2.15633423180593
"RTO","donald",17,371,4.5822102425876
"RTO","donor",1,371,0.269541778975741
"RTO","donors",1,371,0.269541778975741
"RTO","downtown",1,371,0.269541778975741
"RTO","dragging",1,371,0.269541778975741
"RTO","drain",1,371,0.269541778975741
"RTO","drama",1,371,0.269541778975741
"RTO","dramatically",2,371,0.539083557951482
"RTO","drawing",1,371,0.269541778975741
"RTO","dressed",1,371,0.269541778975741
"RTO","drew",1,371,0.269541778975741
"RTO","drinks",1,371,0.269541778975741
"RTO","drive",6,371,1.61725067385445
"RTO","driven",2,371,0.539083557951482
"RTO","driver",1,371,0.269541778975741
"RTO","driving",3,371,0.808625336927224
"RTO","dropped",4,371,1.07816711590296
"RTO","dropping",1,371,0.269541778975741
"RTO","drug",1,371,0.269541778975741
"RTO","drumpf",1,371,0.269541778975741
"RTO","due",5,371,1.34770889487871
"RTO","duh",2,371,0.539083557951482
"RTO","dumb",2,371,0.539083557951482
"RTO","dump",1,371,0.269541778975741
"RTO","duties",1,371,0.269541778975741
"RTO","dynamics",1,371,0.269541778975741
"RTO","dystopian",1,371,0.269541778975741
"RTO","eared",1,371,0.269541778975741
"RTO","earlier",2,371,0.539083557951482
"RTO","earned",1,371,0.269541778975741
"RTO","easier",2,371,0.539083557951482
"RTO","easily",1,371,0.269541778975741
"RTO","easy",2,371,0.539083557951482
"RTO","eat",2,371,0.539083557951482
"RTO","eating",1,371,0.269541778975741
"RTO","economic",1,371,0.269541778975741
"RTO","economics",2,371,0.539083557951482
"RTO","economist",1,371,0.269541778975741
"RTO","economy",2,371,0.539083557951482
"RTO","econsky",1,371,0.269541778975741
"RTO","ed",1,371,0.269541778975741
"RTO","edited",1,371,0.269541778975741
"RTO","eens",1,371,0.269541778975741
"RTO","eeo",1,371,0.269541778975741
"RTO","effect",1,371,0.269541778975741
"RTO","effective",2,371,0.539083557951482
"RTO","effectively",1,371,0.269541778975741
"RTO","effort",1,371,0.269541778975741
"RTO","elected",1,371,0.269541778975741
"RTO","election",2,371,0.539083557951482
"RTO","elections",1,371,0.269541778975741
"RTO","electric",9,371,2.42587601078167
"RTO","element",2,371,0.539083557951482
"RTO","emanating",1,371,0.269541778975741
"RTO","embrace",1,371,0.269541778975741
"RTO","emerged",1,371,0.269541778975741
"RTO","emergency",3,371,0.808625336927224
"RTO","emissions",1,371,0.269541778975741
"RTO","emphasis",1,371,0.269541778975741
"RTO","emphasized",1,371,0.269541778975741
"RTO","empire",1,371,0.269541778975741
"RTO","employee",5,371,1.34770889487871
"RTO","employees",20,371,5.39083557951482
"RTO","employer",2,371,0.539083557951482
"RTO","employers",4,371,1.07816711590296
"RTO","employment",1,371,0.269541778975741
"RTO","emptied",1,371,0.269541778975741
"RTO","empty",1,371,0.269541778975741
"RTO","en",2,371,0.539083557951482
"RTO","enabled",2,371,0.539083557951482
"RTO","endorsing",1,371,0.269541778975741
"RTO","endpoints",1,371,0.269541778975741
"RTO","energy",2,371,0.539083557951482
"RTO","enforce",2,371,0.539083557951482
"RTO","enforcement",2,371,0.539083557951482
"RTO","enforces",1,371,0.269541778975741
"RTO","engagement",2,371,0.539083557951482
"RTO","engagements",1,371,0.269541778975741
"RTO","enjoy",1,371,0.269541778975741
"RTO","enrage",1,371,0.269541778975741
"RTO","enrichment",1,371,0.269541778975741
"RTO","enter",1,371,0.269541778975741
"RTO","enthusiastic",1,371,0.269541778975741
"RTO","entice",1,371,0.269541778975741
"RTO","entire",1,371,0.269541778975741
"RTO","environment",1,371,0.269541778975741
"RTO","eo",1,371,0.269541778975741
"RTO","epa",1,371,0.269541778975741
"RTO","epidemiologists",1,371,0.269541778975741
"RTO","equity",1,371,0.269541778975741
"RTO","equivalent",1,371,0.269541778975741
"RTO","er",1,371,0.269541778975741
"RTO","era",1,371,0.269541778975741
"RTO","ergot",1,371,0.269541778975741
"RTO","erosion",1,371,0.269541778975741
"RTO","errands",1,371,0.269541778975741
"RTO","ers",1,371,0.269541778975741
"RTO","escalate",1,371,0.269541778975741
"RTO","estate",4,371,1.07816711590296
"RTO","estimates",1,371,0.269541778975741
"RTO","ethic",1,371,0.269541778975741
"RTO","ethics",1,371,0.269541778975741
"RTO","eu",1,371,0.269541778975741
"RTO","europe",1,371,0.269541778975741
"RTO","european",1,371,0.269541778975741
"RTO","ev",2,371,0.539083557951482
"RTO","eventually",3,371,0.808625336927224
"RTO","everyday",2,371,0.539083557951482
"RTO","evidence",4,371,1.07816711590296
"RTO","evs",4,371,1.07816711590296
"RTO","exacerbating",2,371,0.539083557951482
"RTO","exact",3,371,0.808625336927224
"RTO","examine",1,371,0.269541778975741
"RTO","examples",1,371,0.269541778975741
"RTO","excellent",1,371,0.269541778975741
"RTO","exchange",1,371,0.269541778975741
"RTO","exclusively",1,371,0.269541778975741
"RTO","execs",1,371,0.269541778975741
"RTO","executed",1,371,0.269541778975741
"RTO","executive",2,371,0.539083557951482
"RTO","executives",1,371,0.269541778975741
"RTO","exemption",1,371,0.269541778975741
"RTO","exercise",1,371,0.269541778975741
"RTO","expanded",1,371,0.269541778975741
"RTO","expect",1,371,0.269541778975741
"RTO","expects",1,371,0.269541778975741
"RTO","expense",2,371,0.539083557951482
"RTO","expenses",1,371,0.269541778975741
"RTO","expensive",2,371,0.539083557951482
"RTO","experience",2,371,0.539083557951482
"RTO","experienced",1,371,0.269541778975741
"RTO","experiencing",2,371,0.539083557951482
"RTO","expired",1,371,0.269541778975741
"RTO","explain",1,371,0.269541778975741
"RTO","explaining",1,371,0.269541778975741
"RTO","explicit",1,371,0.269541778975741
"RTO","explode",3,371,0.808625336927224
"RTO","exploding",1,371,0.269541778975741
"RTO","exploiting",1,371,0.269541778975741
"RTO","explore",1,371,0.269541778975741
"RTO","expressed",1,371,0.269541778975741
"RTO","expressing",2,371,0.539083557951482
"RTO","extra",1,371,0.269541778975741
"RTO","extraordinarily",1,371,0.269541778975741
"RTO","extreme",1,371,0.269541778975741
"RTO","extremely",1,371,0.269541778975741
"RTO","facing",2,371,0.539083557951482
"RTO","factor",1,371,0.269541778975741
"RTO","factors",1,371,0.269541778975741
"RTO","factory",4,371,1.07816711590296
"RTO","fade",9,371,2.42587601078167
"RTO","fading",1,371,0.269541778975741
"RTO","failed",3,371,0.808625336927224
"RTO","failure",1,371,0.269541778975741
"RTO","fall",1,371,0.269541778975741
"RTO","fallen",1,371,0.269541778975741
"RTO","falling",1,371,0.269541778975741
"RTO","fallout",1,371,0.269541778975741
"RTO","falls",1,371,0.269541778975741
"RTO","families",1,371,0.269541778975741
"RTO","family",2,371,0.539083557951482
"RTO","fancy",1,371,0.269541778975741
"RTO","fantasy",1,371,0.269541778975741
"RTO","farther",1,371,0.269541778975741
"RTO","fascism",3,371,0.808625336927224
"RTO","fashion",1,371,0.269541778975741
"RTO","fat",2,371,0.539083557951482
"RTO","faux",1,371,0.269541778975741
"RTO","favorite",2,371,0.539083557951482
"RTO","fbi",10,371,2.69541778975741
"RTO","fcc",1,371,0.269541778975741
"RTO","fda",1,371,0.269541778975741
"RTO","feasible",1,371,0.269541778975741
"RTO","feature",1,371,0.269541778975741
"RTO","fed",1,371,0.269541778975741
"RTO","federal",11,371,2.96495956873315
"RTO","feds",1,371,0.269541778975741
"RTO","feel",5,371,1.34770889487871
"RTO","feelings",1,371,0.269541778975741
"RTO","feels",1,371,0.269541778975741
"RTO","fellow",2,371,0.539083557951482
"RTO","felon",1,371,0.269541778975741
"RTO","ferrari",1,371,0.269541778975741
"RTO","fetish",1,371,0.269541778975741
"RTO","fewer",2,371,0.539083557951482
"RTO","field",1,371,0.269541778975741
"RTO","fifty",1,371,0.269541778975741
"RTO","fight",2,371,0.539083557951482
"RTO","figure",3,371,0.808625336927224
"RTO","filmed",1,371,0.269541778975741
"RTO","filthy",1,371,0.269541778975741
"RTO","finally",5,371,1.34770889487871
"RTO","financial",1,371,0.269541778975741
"RTO","fine",1,371,0.269541778975741
"RTO","fines",1,371,0.269541778975741
"RTO","finest",1,371,0.269541778975741
"RTO","fire",2,371,0.539083557951482
"RTO","fired",2,371,0.539083557951482
"RTO","firings",1,371,0.269541778975741
"RTO","firms",2,371,0.539083557951482
"RTO","fish",1,371,0.269541778975741
"RTO","fits",1,371,0.269541778975741
"RTO","fix",1,371,0.269541778975741
"RTO","flag",1,371,0.269541778975741
"RTO","flatten",1,371,0.269541778975741
"RTO","flexibility",2,371,0.539083557951482
"RTO","flirt",1,371,0.269541778975741
"RTO","flooded",1,371,0.269541778975741
"RTO","flooding",1,371,0.269541778975741
"RTO","floors",1,371,0.269541778975741
"RTO","flow",1,371,0.269541778975741
"RTO","fmla",1,371,0.269541778975741
"RTO","focus",1,371,0.269541778975741
"RTO","follow",1,371,0.269541778975741
"RTO","food",2,371,0.539083557951482
"RTO","foolish",1,371,0.269541778975741
"RTO","foot",2,371,0.539083557951482
"RTO","foothold",1,371,0.269541778975741
"RTO","forbes",1,371,0.269541778975741
"RTO","force",4,371,1.07816711590296
"RTO","forced",13,371,3.50404312668464
"RTO","forcefully",2,371,0.539083557951482
"RTO","forces",2,371,0.539083557951482
"RTO","forcing",1,371,0.269541778975741
"RTO","foreign",1,371,0.269541778975741
"RTO","forever",1,371,0.269541778975741
"RTO","forthcoming",1,371,0.269541778975741
"RTO","fortunately",1,371,0.269541778975741
"RTO","forward",2,371,0.539083557951482
"RTO","fossil",1,371,0.269541778975741
"RTO","fought",2,371,0.539083557951482
"RTO","found",5,371,1.34770889487871
"RTO","foundation",2,371,0.539083557951482
"RTO","fountains",1,371,0.269541778975741
"RTO","fox",1,371,0.269541778975741
"RTO","foxnews",1,371,0.269541778975741
"RTO","fragmented",1,371,0.269541778975741
"RTO","france",1,371,0.269541778975741
"RTO","fraud",1,371,0.269541778975741
"RTO","freak",1,371,0.269541778975741
"RTO","free",5,371,1.34770889487871
"RTO","freedom",4,371,1.07816711590296
"RTO","freeze",1,371,0.269541778975741
"RTO","french",1,371,0.269541778975741
"RTO","frenzy",1,371,0.269541778975741
"RTO","frequently",3,371,0.808625336927224
"RTO","fresh",1,371,0.269541778975741
"RTO","friday",1,371,0.269541778975741
"RTO","fridays",1,371,0.269541778975741
"RTO","fro",1,371,0.269541778975741
"RTO","ft",3,371,0.808625336927224
"RTO","fu",1,371,0.269541778975741
"RTO","fuck",4,371,1.07816711590296
"RTO","fucked",1,371,0.269541778975741
"RTO","fucking",3,371,0.808625336927224
"RTO","fuel",4,371,1.07816711590296
"RTO","fueled",1,371,0.269541778975741
"RTO","fun",1,371,0.269541778975741
"RTO","fund",1,371,0.269541778975741
"RTO","fundamental",1,371,0.269541778975741
"RTO","funded",3,371,0.808625336927224
"RTO","funding",3,371,0.808625336927224
"RTO","funds",1,371,0.269541778975741
"RTO","funny",4,371,1.07816711590296
"RTO","furious",2,371,0.539083557951482
"RTO","future",3,371,0.808625336927224
"RTO","ga",1,371,0.269541778975741
"RTO","galaxies",1,371,0.269541778975741
"RTO","garbage",1,371,0.269541778975741
"RTO","garden",1,371,0.269541778975741
"RTO","garland",1,371,0.269541778975741
"RTO","gas",7,371,1.88679245283019
"RTO","gasket",1,371,0.269541778975741
"RTO","gavin",2,371,0.539083557951482
"RTO","gay",1,371,0.269541778975741
"RTO","gaza",1,371,0.269541778975741
"RTO","gec",2,371,0.539083557951482
"RTO","gee",1,371,0.269541778975741
"RTO","geen",1,371,0.269541778975741
"RTO","gehoopt",1,371,0.269541778975741
"RTO","gemiddelde",1,371,0.269541778975741
"RTO","gen",1,371,0.269541778975741
"RTO","generate",1,371,0.269541778975741
"RTO","generations",1,371,0.269541778975741
"RTO","genocide",1,371,0.269541778975741
"RTO","georgefloyd",1,371,0.269541778975741
"RTO","gestapo",1,371,0.269541778975741
"RTO","getter",1,371,0.269541778975741
"RTO","gewoon",1,371,0.269541778975741
"RTO","giant",1,371,0.269541778975741
"RTO","gift",2,371,0.539083557951482
"RTO","gilding",1,371,0.269541778975741
"RTO","giving",3,371,0.808625336927224
"RTO","glad",2,371,0.539083557951482
"RTO","glance",1,371,0.269541778975741
"RTO","global",2,371,0.539083557951482
"RTO","goals",1,371,0.269541778975741
"RTO","gold",2,371,0.539083557951482
"RTO","golden",1,371,0.269541778975741
"RTO","golf",3,371,0.808625336927224
"RTO","gonna",1,371,0.269541778975741
"RTO","google",1,371,0.269541778975741
"RTO","gooit",1,371,0.269541778975741
"RTO","gop",4,371,1.07816711590296
"RTO","gorsica",1,371,0.269541778975741
"RTO","gotta",1,371,0.269541778975741
"RTO","gouvernement",1,371,0.269541778975741
"RTO","gov",3,371,0.808625336927224
"RTO","govern",1,371,0.269541778975741
"RTO","government",4,371,1.07816711590296
"RTO","governor",1,371,0.269541778975741
"RTO","grabbing",1,371,0.269541778975741
"RTO","grade",1,371,0.269541778975741
"RTO","grasp",1,371,0.269541778975741
"RTO","grave",1,371,0.269541778975741
"RTO","greatly",2,371,0.539083557951482
"RTO","greed",1,371,0.269541778975741
"RTO","green",1,371,0.269541778975741
"RTO","gridlocked",1,371,0.269541778975741
"RTO","grift",1,371,0.269541778975741
"RTO","grossly",1,371,0.269541778975741
"RTO","ground",1,371,0.269541778975741
"RTO","growing",3,371,0.808625336927224
"RTO","grown",1,371,0.269541778975741
"RTO","growth",1,371,0.269541778975741
"RTO","grueling",1,371,0.269541778975741
"RTO","grumble",1,371,0.269541778975741
"RTO","grunt",1,371,0.269541778975741
"RTO","gta",1,371,0.269541778975741
"RTO","guardian",2,371,0.539083557951482
"RTO","guardians",1,371,0.269541778975741
"RTO","guess",3,371,0.808625336927224
"RTO","guessing",1,371,0.269541778975741
"RTO","gulf",1,371,0.269541778975741
"RTO","gunsilius",1,371,0.269541778975741
"RTO","gunter",1,371,0.269541778975741
"RTO","guy",6,371,1.61725067385445
"RTO","guys",1,371,0.269541778975741
"RTO","habit",2,371,0.539083557951482
"RTO","hahahaha",1,371,0.269541778975741
"RTO","half",2,371,0.539083557951482
"RTO","halve",1,371,0.269541778975741
"RTO","hand",1,371,0.269541778975741
"RTO","handmade",1,371,0.269541778975741
"RTO","hands",1,371,0.269541778975741
"RTO","happen",1,371,0.269541778975741
"RTO","happening",1,371,0.269541778975741
"RTO","hard",5,371,1.34770889487871
"RTO","harm",2,371,0.539083557951482
"RTO","harris",1,371,0.269541778975741
"RTO","harshly",1,371,0.269541778975741
"RTO","hate",1,371,0.269541778975741
"RTO","hated",1,371,0.269541778975741
"RTO","hater",1,371,0.269541778975741
"RTO","hates",1,371,0.269541778975741
"RTO","head",1,371,0.269541778975741
"RTO","headed",1,371,0.269541778975741
"RTO","headline",1,371,0.269541778975741
"RTO","headlines",2,371,0.539083557951482
"RTO","health",2,371,0.539083557951482
"RTO","hear",2,371,0.539083557951482
"RTO","heard",1,371,0.269541778975741
"RTO","hearing",1,371,0.269541778975741
"RTO","heartland",9,371,2.42587601078167
"RTO","hebben",1,371,0.269541778975741
"RTO","height",1,371,0.269541778975741
"RTO","heilemann",2,371,0.539083557951482
"RTO","held",6,371,1.61725067385445
"RTO","helemaal",1,371,0.269541778975741
"RTO","hell",4,371,1.07816711590296
"RTO","helped",2,371,0.539083557951482
"RTO","helping",1,371,0.269541778975741
"RTO","hemisphere",1,371,0.269541778975741
"RTO","heritage",2,371,0.539083557951482
"RTO","hesitancy",1,371,0.269541778975741
"RTO","het",1,371,0.269541778975741
"RTO","highlights",1,371,0.269541778975741
"RTO","highway",1,371,0.269541778975741
"RTO","hill",1,371,0.269541778975741
"RTO","hint",1,371,0.269541778975741
"RTO","hired",2,371,0.539083557951482
"RTO","history",1,371,0.269541778975741
"RTO","hit",1,371,0.269541778975741
"RTO","hits",1,371,0.269541778975741
"RTO","hold",2,371,0.539083557951482
"RTO","holdings",1,371,0.269541778975741
"RTO","hollowing",1,371,0.269541778975741
"RTO","homelessness",1,371,0.269541778975741
"RTO","homeowners",1,371,0.269541778975741
"RTO","honestly",1,371,0.269541778975741
"RTO","hoo",1,371,0.269541778975741
"RTO","hope",3,371,0.808625336927224
"RTO","hoping",2,371,0.539083557951482
"RTO","hormuz",1,371,0.269541778975741
"RTO","horrible",1,371,0.269541778975741
"RTO","hospitality",1,371,0.269541778975741
"RTO","hospitalization",1,371,0.269541778975741
"RTO","host",1,371,0.269541778975741
"RTO","hot",1,371,0.269541778975741
"RTO","hour",1,371,0.269541778975741
"RTO","hours",2,371,0.539083557951482
"RTO","house",4,371,1.07816711590296
"RTO","housing",2,371,0.539083557951482
"RTO","houston",1,371,0.269541778975741
"RTO","hr",1,371,0.269541778975741
"RTO","hubs",1,371,0.269541778975741
"RTO","huffpost",1,371,0.269541778975741
"RTO","huge",1,371,0.269541778975741
"RTO","human",9,371,2.42587601078167
"RTO","humans",1,371,0.269541778975741
"RTO","hun",1,371,0.269541778975741
"RTO","hundreds",2,371,0.539083557951482
"RTO","hurt",1,371,0.269541778975741
"RTO","hvac",1,371,0.269541778975741
"RTO","hybrid",4,371,1.07816711590296
"RTO","hyperfixate",1,371,0.269541778975741
"RTO","hypocrites",1,371,0.269541778975741
"RTO","ice",13,371,3.50404312668464
"RTO","icebreakers",1,371,0.269541778975741
"RTO","idea",7,371,1.88679245283019
"RTO","idee",1,371,0.269541778975741
"RTO","idiote",1,371,0.269541778975741
"RTO","ignore",1,371,0.269541778975741
"RTO","iii",1,371,0.269541778975741
"RTO","ik",1,371,0.269541778975741
"RTO","ilk",1,371,0.269541778975741
"RTO","illinois",1,371,0.269541778975741
"RTO","illness",1,371,0.269541778975741
"RTO","imagine",2,371,0.539083557951482
"RTO","immediately",1,371,0.269541778975741
"RTO","immigrants",1,371,0.269541778975741
"RTO","immigration",4,371,1.07816711590296
"RTO","immigrationpolicy",1,371,0.269541778975741
"RTO","impact",2,371,0.539083557951482
"RTO","impacts",1,371,0.269541778975741
"RTO","impartial",1,371,0.269541778975741
"RTO","impeached",1,371,0.269541778975741
"RTO","impeachment",3,371,0.808625336927224
"RTO","implemented",2,371,0.539083557951482
"RTO","implicating",9,371,2.42587601078167
"RTO","implies",1,371,0.269541778975741
"RTO","improvement",1,371,0.269541778975741
"RTO","inbound",1,371,0.269541778975741
"RTO","inbox",1,371,0.269541778975741
"RTO","incarcerated",1,371,0.269541778975741
"RTO","incentive",1,371,0.269541778975741
"RTO","include",2,371,0.539083557951482
"RTO","included",1,371,0.269541778975741
"RTO","including",2,371,0.539083557951482
"RTO","incompetence",1,371,0.269541778975741
"RTO","inconvenient",1,371,0.269541778975741
"RTO","incorporation",1,371,0.269541778975741
"RTO","increase",2,371,0.539083557951482
"RTO","increased",1,371,0.269541778975741
"RTO","increasing",1,371,0.269541778975741
"RTO","increasingly",4,371,1.07816711590296
"RTO","incriminating",1,371,0.269541778975741
"RTO","incumbents",1,371,0.269541778975741
"RTO","index",1,371,0.269541778975741
"RTO","indication",1,371,0.269541778975741
"RTO","indictable",1,371,0.269541778975741
"RTO","individual",1,371,0.269541778975741
"RTO","inducement",1,371,0.269541778975741
"RTO","industry",4,371,1.07816711590296
"RTO","ineligible",1,371,0.269541778975741
"RTO","infectious",1,371,0.269541778975741
"RTO","inferred",1,371,0.269541778975741
"RTO","inflation",1,371,0.269541778975741
"RTO","inflection",1,371,0.269541778975741
"RTO","inflexibility",1,371,0.269541778975741
"RTO","inflict",1,371,0.269541778975741
"RTO","influence",1,371,0.269541778975741
"RTO","infographic",1,371,0.269541778975741
"RTO","information",1,371,0.269541778975741
"RTO","infrastructure",1,371,0.269541778975741
"RTO","initials",1,371,0.269541778975741
"RTO","initiative",3,371,0.808625336927224
"RTO","innovation",1,371,0.269541778975741
"RTO","innovative",1,371,0.269541778975741
"RTO","insanely",1,371,0.269541778975741
"RTO","insecure",1,371,0.269541778975741
"RTO","insider",4,371,1.07816711590296
"RTO","insisted",1,371,0.269541778975741
"RTO","installation",1,371,0.269541778975741
"RTO","installed",1,371,0.269541778975741
"RTO","institutional",1,371,0.269541778975741
"RTO","institutions",6,371,1.61725067385445
"RTO","instrument",1,371,0.269541778975741
"RTO","insufficient",2,371,0.539083557951482
"RTO","insurance",1,371,0.269541778975741
"RTO","insurrectionary",1,371,0.269541778975741
"RTO","integrity",1,371,0.269541778975741
"RTO","intelligence",4,371,1.07816711590296
"RTO","intended",1,371,0.269541778975741
"RTO","intensified",1,371,0.269541778975741
"RTO","intensity",1,371,0.269541778975741
"RTO","interference",1,371,0.269541778975741
"RTO","international",2,371,0.539083557951482
"RTO","internment",4,371,1.07816711590296
"RTO","interrupt",1,371,0.269541778975741
"RTO","interviews",1,371,0.269541778975741
"RTO","introduced",2,371,0.539083557951482
"RTO","inventory",1,371,0.269541778975741
"RTO","invest",1,371,0.269541778975741
"RTO","investigated",2,371,0.539083557951482
"RTO","investigation",11,371,2.96495956873315
"RTO","investigations",2,371,0.539083557951482
"RTO","investment",12,371,3.2345013477089
"RTO","involved",3,371,0.808625336927224
"RTO","involving",1,371,0.269541778975741
"RTO","iokiyar",1,371,0.269541778975741
"RTO","iran",3,371,0.808625336927224
"RTO","iranwar",1,371,0.269541778975741
"RTO","ire",2,371,0.539083557951482
"RTO","israel",1,371,0.269541778975741
"RTO","issue",1,371,0.269541778975741
"RTO","issued",3,371,0.808625336927224
"RTO","items",1,371,0.269541778975741
"RTO","jacob",1,371,0.269541778975741
"RTO","jan",2,371,0.539083557951482
"RTO","january",3,371,0.808625336927224
"RTO","japanese",4,371,1.07816711590296
"RTO","jdvance",1,371,0.269541778975741
"RTO","jennings",1,371,0.269541778975741
"RTO","jerk",1,371,0.269541778975741
"RTO","job",11,371,2.96495956873315
"RTO","jobs",16,371,4.31266846361186
"RTO","joe",1,371,0.269541778975741
"RTO","john",1,371,0.269541778975741
"RTO","johnroberts",1,371,0.269541778975741
"RTO","join",2,371,0.539083557951482
"RTO","joining",1,371,0.269541778975741
"RTO","joyce",1,371,0.269541778975741
"RTO","judge",1,371,0.269541778975741
"RTO","judges",1,371,0.269541778975741
"RTO","judiciary",2,371,0.539083557951482
"RTO","july",4,371,1.07816711590296
"RTO","june",3,371,0.808625336927224
"RTO","junior",4,371,1.07816711590296
"RTO","jurisdictions",1,371,0.269541778975741
"RTO","justification",1,371,0.269541778975741
"RTO","justified",1,371,0.269541778975741
"RTO","justify",2,371,0.539083557951482
"RTO","kan",1,371,0.269541778975741
"RTO","kanata",1,371,0.269541778975741
"RTO","kantoor",1,371,0.269541778975741
"RTO","kao",1,371,0.269541778975741
"RTO","kashpatel",1,371,0.269541778975741
"RTO","kastle",1,371,0.269541778975741
"RTO","keeping",1,371,0.269541778975741
"RTO","key",1,371,0.269541778975741
"RTO","keystroke",1,371,0.269541778975741
"RTO","kid",1,371,0.269541778975741
"RTO","kids",1,371,0.269541778975741
"RTO","killed",1,371,0.269541778975741
"RTO","kiss",1,371,0.269541778975741
"RTO","kpi",1,371,0.269541778975741
"RTO","kushner",1,371,0.269541778975741
"RTO","labor",5,371,1.34770889487871
"RTO","labour",1,371,0.269541778975741
"RTO","lack",6,371,1.61725067385445
"RTO","lafayette",1,371,0.269541778975741
"RTO","laid",1,371,0.269541778975741
"RTO","lamb",1,371,0.269541778975741
"RTO","landing",1,371,0.269541778975741
"RTO","lanes",1,371,0.269541778975741
"RTO","larger",1,371,0.269541778975741
"RTO","largest",1,371,0.269541778975741
"RTO","late",1,371,0.269541778975741
"RTO","laundering",1,371,0.269541778975741
"RTO","law",5,371,1.34770889487871
"RTO","lawenforcement",1,371,0.269541778975741
"RTO","laws",1,371,0.269541778975741
"RTO","lawyer",1,371,0.269541778975741
"RTO","lawyers",1,371,0.269541778975741
"RTO","lay",1,371,0.269541778975741
"RTO","laying",1,371,0.269541778975741
"RTO","layoff",1,371,0.269541778975741
"RTO","layoffs",4,371,1.07816711590296
"RTO","le",1,371,0.269541778975741
"RTO","lead",1,371,0.269541778975741
"RTO","leader",1,371,0.269541778975741
"RTO","leaders",10,371,2.69541778975741
"RTO","leadership",4,371,1.07816711590296
"RTO","leading",1,371,0.269541778975741
"RTO","leads",1,371,0.269541778975741
"RTO","leaking",1,371,0.269541778975741
"RTO","leaned",1,371,0.269541778975741
"RTO","learn",2,371,0.539083557951482
"RTO","learned",1,371,0.269541778975741
"RTO","leases",1,371,0.269541778975741
"RTO","leasing",1,371,0.269541778975741
"RTO","leave",2,371,0.539083557951482
"RTO","leaves",1,371,0.269541778975741
"RTO","leaving",3,371,0.808625336927224
"RTO","left",2,371,0.539083557951482
"RTO","legal",2,371,0.539083557951482
"RTO","legislation",1,371,0.269541778975741
"RTO","legitimacy",1,371,0.269541778975741
"RTO","leiper",1,371,0.269541778975741
"RTO","letting",1,371,0.269541778975741
"RTO","levers",1,371,0.269541778975741
"RTO","liar",1,371,0.269541778975741
"RTO","liberals",1,371,0.269541778975741
"RTO","lieten",1,371,0.269541778975741
"RTO","life",3,371,0.808625336927224
"RTO","light",1,371,0.269541778975741
"RTO","lights",1,371,0.269541778975741
"RTO","line",1,371,0.269541778975741
"RTO","link",1,371,0.269541778975741
"RTO","listen",1,371,0.269541778975741
"RTO","literally",5,371,1.34770889487871
"RTO","literature",1,371,0.269541778975741
"RTO","lives",1,371,0.269541778975741
"RTO","livid",1,371,0.269541778975741
"RTO","living",3,371,0.808625336927224
"RTO","llm",1,371,0.269541778975741
"RTO","llms",1,371,0.269541778975741
"RTO","lobbying",1,371,0.269541778975741
"RTO","local",3,371,0.808625336927224
"RTO","located",1,371,0.269541778975741
"RTO","location",1,371,0.269541778975741
"RTO","locations",1,371,0.269541778975741
"RTO","lock",1,371,0.269541778975741
"RTO","logged",1,371,0.269541778975741
"RTO","logic",1,371,0.269541778975741
"RTO","lololol",1,371,0.269541778975741
"RTO","looms",1,371,0.269541778975741
"RTO","lose",1,371,0.269541778975741
"RTO","losers",1,371,0.269541778975741
"RTO","losing",1,371,0.269541778975741
"RTO","loss",3,371,0.808625336927224
"RTO","lost",7,371,1.88679245283019
"RTO","lot",8,371,2.15633423180593
"RTO","love",1,371,0.269541778975741
"RTO","lovingly",1,371,0.269541778975741
"RTO","low",1,371,0.269541778975741
"RTO","lower",2,371,0.539083557951482
"RTO","lrt",1,371,0.269541778975741
"RTO","luck",1,371,0.269541778975741
"RTO","lunch",1,371,0.269541778975741
"RTO","lunches",2,371,0.539083557951482
"RTO","lunsumio",1,371,0.269541778975741
"RTO","lying",2,371,0.539083557951482
"RTO","lymphoma",1,371,0.269541778975741
"RTO","maaan",1,371,0.269541778975741
"RTO","maga",3,371,0.808625336927224
"RTO","main",2,371,0.539083557951482
"RTO","major",5,371,1.34770889487871
"RTO","majority",2,371,0.539083557951482
"RTO","majorly",1,371,0.269541778975741
"RTO","makes",5,371,1.34770889487871
"RTO","male",1,371,0.269541778975741
"RTO","malevolent",1,371,0.269541778975741
"RTO","management",2,371,0.539083557951482
"RTO","manager",1,371,0.269541778975741
"RTO","managers",6,371,1.61725067385445
"RTO","mandaat",1,371,0.269541778975741
"RTO","mandate",20,371,5.39083557951482
"RTO","mandated",1,371,0.269541778975741
"RTO","mandates",25,371,6.73854447439353
"RTO","mandating",1,371,0.269541778975741
"RTO","mandatory",7,371,1.88679245283019
"RTO","manipulates",1,371,0.269541778975741
"RTO","manipulation",1,371,0.269541778975741
"RTO","manual",1,371,0.269541778975741
"RTO","manufacturing",9,371,2.42587601078167
"RTO","march",1,371,0.269541778975741
"RTO","marcorubio",1,371,0.269541778975741
"RTO","market",6,371,1.61725067385445
"RTO","marketing",1,371,0.269541778975741
"RTO","marking",2,371,0.539083557951482
"RTO","markwaynemullin",1,371,0.269541778975741
"RTO","marred",1,371,0.269541778975741
"RTO","martin",1,371,0.269541778975741
"RTO","masking",1,371,0.269541778975741
"RTO","mass",3,371,0.808625336927224
"RTO","massive",1,371,0.269541778975741
"RTO","masturbatory",1,371,0.269541778975741
"RTO","material",1,371,0.269541778975741
"RTO","matter",2,371,0.539083557951482
"RTO","matthew",1,371,0.269541778975741
"RTO","maximizes",1,371,0.269541778975741
"RTO","mayo",1,371,0.269541778975741
"RTO","mayor",3,371,0.808625336927224
"RTO","mayoral",1,371,0.269541778975741
"RTO","mcconnell",8,371,2.15633423180593
"RTO","means",3,371,0.808625336927224
"RTO","measles",1,371,0.269541778975741
"RTO","measures",1,371,0.269541778975741
"RTO","mechanism",1,371,0.269541778975741
"RTO","media",2,371,0.539083557951482
"RTO","medical",1,371,0.269541778975741
"RTO","meet",1,371,0.269541778975741
"RTO","meeting",4,371,1.07816711590296
"RTO","meetings",1,371,0.269541778975741
"RTO","meinkampf",1,371,0.269541778975741
"RTO","melt",1,371,0.269541778975741
"RTO","memes",1,371,0.269541778975741
"RTO","memo",2,371,0.539083557951482
"RTO","mensen",1,371,0.269541778975741
"RTO","mental",1,371,0.269541778975741
"RTO","mess",1,371,0.269541778975741
"RTO","messgae",1,371,0.269541778975741
"RTO","met",2,371,0.539083557951482
"RTO","meta",1,371,0.269541778975741
"RTO","metro",2,371,0.539083557951482
"RTO","mfg",1,371,0.269541778975741
"RTO","microwaved",1,371,0.269541778975741
"RTO","midterms",2,371,0.539083557951482
"RTO","midweek",1,371,0.269541778975741
"RTO","migration",1,371,0.269541778975741
"RTO","mikejohnson",1,371,0.269541778975741
"RTO","mil",2,371,0.539083557951482
"RTO","mile",1,371,0.269541778975741
"RTO","miles",2,371,0.539083557951482
"RTO","military",6,371,1.61725067385445
"RTO","million",7,371,1.88679245283019
"RTO","millions",1,371,0.269541778975741
"RTO","mind",3,371,0.808625336927224
"RTO","minder",1,371,0.269541778975741
"RTO","minimum",2,371,0.539083557951482
"RTO","minions",1,371,0.269541778975741
"RTO","minister",1,371,0.269541778975741
"RTO","minutes",1,371,0.269541778975741
"RTO","miscarriages",5,371,1.34770889487871
"RTO","miscarried",1,371,0.269541778975741
"RTO","missing",1,371,0.269541778975741
"RTO","mistakes",1,371,0.269541778975741
"RTO","mistreating",1,371,0.269541778975741
"RTO","mitch",5,371,1.34770889487871
"RTO","mobile",2,371,0.539083557951482
"RTO","models",1,371,0.269541778975741
"RTO","module",1,371,0.269541778975741
"RTO","moet",1,371,0.269541778975741
"RTO","moment",1,371,0.269541778975741
"RTO","monaco",1,371,0.269541778975741
"RTO","monday",2,371,0.539083557951482
"RTO","mondays",1,371,0.269541778975741
"RTO","mondo",1,371,0.269541778975741
"RTO","money",6,371,1.61725067385445
"RTO","monitoring",1,371,0.269541778975741
"RTO","month",3,371,0.808625336927224
"RTO","monthly",1,371,0.269541778975741
"RTO","months",9,371,2.42587601078167
"RTO","moral",1,371,0.269541778975741
"RTO","morning",2,371,0.539083557951482
"RTO","moroccan",1,371,0.269541778975741
"RTO","mortgage",1,371,0.269541778975741
"RTO","motivated",1,371,0.269541778975741
"RTO","mourning",1,371,0.269541778975741
"RTO","mouse",1,371,0.269541778975741
"RTO","move",4,371,1.07816711590296
"RTO","moved",1,371,0.269541778975741
"RTO","moving",1,371,0.269541778975741
"RTO","mp",1,371,0.269541778975741
"RTO","multco",3,371,0.808625336927224
"RTO","multnomah",1,371,0.269541778975741
"RTO","mundane",1,371,0.269541778975741
"RTO","municipal",1,371,0.269541778975741
"RTO","muppet",1,371,0.269541778975741
"RTO","music",1,371,0.269541778975741
"RTO","musings",1,371,0.269541778975741
"RTO","myths",1,371,0.269541778975741
"RTO","narcissism",3,371,0.808625336927224
"RTO","narrator",2,371,0.539083557951482
"RTO","national",2,371,0.539083557951482
"RTO","nationalsecurity",1,371,0.269541778975741
"RTO","nations",1,371,0.269541778975741
"RTO","nature",1,371,0.269541778975741
"RTO","nausea",1,371,0.269541778975741
"RTO","navy",1,371,0.269541778975741
"RTO","nazi",1,371,0.269541778975741
"RTO","nazis",2,371,0.539083557951482
"RTO","nazism",1,371,0.269541778975741
"RTO","necessarily",1,371,0.269541778975741
"RTO","negotiate",1,371,0.269541778975741
"RTO","negotiating",1,371,0.269541778975741
"RTO","negotiations",1,371,0.269541778975741
"RTO","neo",1,371,0.269541778975741
"RTO","nerds",1,371,0.269541778975741
"RTO","net",1,371,0.269541778975741
"RTO","network",1,371,0.269541778975741
"RTO","neutral",1,371,0.269541778975741
"RTO","newly",3,371,0.808625336927224
"RTO","news",5,371,1.34770889487871
"RTO","newsletter",1,371,0.269541778975741
"RTO","newsom",4,371,1.07816711590296
"RTO","newstream",1,371,0.269541778975741
"RTO","nick",1,371,0.269541778975741
"RTO","nickname",1,371,0.269541778975741
"RTO","niet",1,371,0.269541778975741
"RTO","niks",1,371,0.269541778975741
"RTO","nix",1,371,0.269541778975741
"RTO","nj",1,371,0.269541778975741
"RTO","nog",1,371,0.269541778975741
"RTO","nomination",1,371,0.269541778975741
"RTO","nonpartisan",1,371,0.269541778975741
"RTO","nonsense",1,371,0.269541778975741
"RTO","normal",1,371,0.269541778975741
"RTO","normalise",1,371,0.269541778975741
"RTO","notes",1,371,0.269541778975741
"RTO","noticeably",1,371,0.269541778975741
"RTO","november",1,371,0.269541778975741
"RTO","npcs",1,371,0.269541778975741
"RTO","nutteloze",1,371,0.269541778975741
"RTO","obama",1,371,0.269541778975741
"RTO","objecting",1,371,0.269541778975741
"RTO","objectives",1,371,0.269541778975741
"RTO","obligation",1,371,0.269541778975741
"RTO","obligations",1,371,0.269541778975741
"RTO","obsessed",1,371,0.269541778975741
"RTO","obtained",2,371,0.539083557951482
"RTO","obvious",1,371,0.269541778975741
"RTO","occupational",1,371,0.269541778975741
"RTO","october",2,371,0.539083557951482
"RTO","odious",1,371,0.269541778975741
"RTO","offenses",1,371,0.269541778975741
"RTO","offer",2,371,0.539083557951482
"RTO","offered",1,371,0.269541778975741
"RTO","officemythology",1,371,0.269541778975741
"RTO","offices",1,371,0.269541778975741
"RTO","official",1,371,0.269541778975741
"RTO","officials",4,371,1.07816711590296
"RTO","offset",1,371,0.269541778975741
"RTO","oligarch",1,371,0.269541778975741
"RTO","oligarchs",1,371,0.269541778975741
"RTO","onbegrijpelijk",1,371,0.269541778975741
"RTO","ongoing",2,371,0.539083557951482
"RTO","online",3,371,0.808625336927224
"RTO","onset",1,371,0.269541778975741
"RTO","ook",1,371,0.269541778975741
"RTO","ooooh",1,371,0.269541778975741
"RTO","op",1,371,0.269541778975741
"RTO","opinions",1,371,0.269541778975741
"RTO","opposed",1,371,0.269541778975741
"RTO","opposite",1,371,0.269541778975741
"RTO","opposition",2,371,0.539083557951482
"RTO","options",1,371,0.269541778975741
"RTO","orange",1,371,0.269541778975741
"RTO","oregon",1,371,0.269541778975741
"RTO","organizational",1,371,0.269541778975741
"RTO","organizations",3,371,0.808625336927224
"RTO","ottawa",6,371,1.61725067385445
"RTO","ottcity",1,371,0.269541778975741
"RTO","ottnews",1,371,0.269541778975741
"RTO","outbound",1,371,0.269541778975741
"RTO","outlays",1,371,0.269541778975741
"RTO","outlined",2,371,0.539083557951482
"RTO","output",1,371,0.269541778975741
"RTO","outrage",1,371,0.269541778975741
"RTO","outreach",1,371,0.269541778975741
"RTO","overlaps",1,371,0.269541778975741
"RTO","overtly",1,371,0.269541778975741
"RTO","overturned",1,371,0.269541778975741
"RTO","overview",1,371,0.269541778975741
"RTO","overworked",1,371,0.269541778975741
"RTO","owners",2,371,0.539083557951482
"RTO","oxytocin",1,371,0.269541778975741
"RTO","pacer",1,371,0.269541778975741
"RTO","packages",2,371,0.539083557951482
"RTO","packed",1,371,0.269541778975741
"RTO","paid",3,371,0.808625336927224
"RTO","pain",1,371,0.269541778975741
"RTO","painting",1,371,0.269541778975741
"RTO","panama",1,371,0.269541778975741
"RTO","pandemic",4,371,1.07816711590296
"RTO","panics",1,371,0.269541778975741
"RTO","paper",3,371,0.808625336927224
"RTO","paragraph",1,371,0.269541778975741
"RTO","paramount",1,371,0.269541778975741
"RTO","pardons",3,371,0.808625336927224
"RTO","parents",3,371,0.808625336927224
"RTO","parking",3,371,0.808625336927224
"RTO","parks",1,371,0.269541778975741
"RTO","partial",2,371,0.539083557951482
"RTO","party",1,371,0.269541778975741
"RTO","passed",1,371,0.269541778975741
"RTO","path",1,371,0.269541778975741
"RTO","pathetic",2,371,0.539083557951482
"RTO","pattern",1,371,0.269541778975741
"RTO","pay",10,371,2.69541778975741
"RTO","paying",5,371,1.34770889487871
"RTO","payouts",1,371,0.269541778975741
"RTO","pdx",1,371,0.269541778975741
"RTO","peace",2,371,0.539083557951482
"RTO","peak",3,371,0.808625336927224
"RTO","peasy",1,371,0.269541778975741
"RTO","pedophileprotectors",1,371,0.269541778975741
"RTO","pedophiles",1,371,0.269541778975741
"RTO","penn",1,371,0.269541778975741
"RTO","pennsylvania",1,371,0.269541778975741
"RTO","people",28,371,7.54716981132075
"RTO","peoples",1,371,0.269541778975741
"RTO","percent",1,371,0.269541778975741
"RTO","perception",1,371,0.269541778975741
"RTO","perfect",1,371,0.269541778975741
"RTO","perform",1,371,0.269541778975741
"RTO","performance",4,371,1.07816711590296
"RTO","perk",1,371,0.269541778975741
"RTO","permanent",1,371,0.269541778975741
"RTO","permanently",1,371,0.269541778975741
"RTO","perpetrators",1,371,0.269541778975741
"RTO","person",4,371,1.07816711590296
"RTO","personal",1,371,0.269541778975741
"RTO","pete",1,371,0.269541778975741
"RTO","petition",3,371,0.808625336927224
"RTO","phase",1,371,0.269541778975741
"RTO","phil",1,371,0.269541778975741
"RTO","philosophical",1,371,0.269541778975741
"RTO","phone",1,371,0.269541778975741
"RTO","phrases",1,371,0.269541778975741
"RTO","physical",1,371,0.269541778975741
"RTO","piece",2,371,0.539083557951482
"RTO","pied",1,371,0.269541778975741
"RTO","pink",1,371,0.269541778975741
"RTO","pitch",1,371,0.269541778975741
"RTO","pittsburgh",1,371,0.269541778975741
"RTO","placing",1,371,0.269541778975741
"RTO","plan",2,371,0.539083557951482
"RTO","planned",3,371,0.808625336927224
"RTO","planning",1,371,0.269541778975741
"RTO","plans",4,371,1.07816711590296
"RTO","play",9,371,2.42587601078167
"RTO","pleased",1,371,0.269541778975741
"RTO","plug",1,371,0.269541778975741
"RTO","pocketing",1,371,0.269541778975741
"RTO","poison",1,371,0.269541778975741
"RTO","poisoning",1,371,0.269541778975741
"RTO","pokemon",1,371,0.269541778975741
"RTO","police",1,371,0.269541778975741
"RTO","policies",11,371,2.96495956873315
"RTO","policy",27,371,7.27762803234501
"RTO","political",3,371,0.808625336927224
"RTO","politicalsatire",1,371,0.269541778975741
"RTO","politician",3,371,0.808625336927224
"RTO","politicians",1,371,0.269541778975741
"RTO","politics",1,371,0.269541778975741
"RTO","pollution",1,371,0.269541778975741
"RTO","pool",1,371,0.269541778975741
"RTO","poorly",1,371,0.269541778975741
"RTO","portland",1,371,0.269541778975741
"RTO","pos",1,371,0.269541778975741
"RTO","position",1,371,0.269541778975741
"RTO","positive",2,371,0.539083557951482
"RTO","possibility",1,371,0.269541778975741
"RTO","post",3,371,0.808625336927224
"RTO","potential",1,371,0.269541778975741
"RTO","potentially",8,371,2.15633423180593
"RTO","potus",1,371,0.269541778975741
"RTO","pour",1,371,0.269541778975741
"RTO","power",6,371,1.61725067385445
"RTO","powers",1,371,0.269541778975741
"RTO","ppl",1,371,0.269541778975741
"RTO","practical",1,371,0.269541778975741
"RTO","practice",2,371,0.539083557951482
"RTO","praise",1,371,0.269541778975741
"RTO","predicted",1,371,0.269541778975741
"RTO","prediction",2,371,0.539083557951482
"RTO","predictor",1,371,0.269541778975741
"RTO","preferences",1,371,0.269541778975741
"RTO","pregnant",3,371,0.808625336927224
"RTO","premier",1,371,0.269541778975741
"RTO","prepared",1,371,0.269541778975741
"RTO","preparing",1,371,0.269541778975741
"RTO","pres",1,371,0.269541778975741
"RTO","presence",1,371,0.269541778975741
"RTO","president",16,371,4.31266846361186
"RTO","presidential",1,371,0.269541778975741
"RTO","press",4,371,1.07816711590296
"RTO","pressure",3,371,0.808625336927224
"RTO","pretending",1,371,0.269541778975741
"RTO","pretty",2,371,0.539083557951482
"RTO","prez",1,371,0.269541778975741
"RTO","price",4,371,1.07816711590296
"RTO","prices",1,371,0.269541778975741
"RTO","pricey",1,371,0.269541778975741
"RTO","pricing",1,371,0.269541778975741
"RTO","prima",1,371,0.269541778975741
"RTO","primarily",1,371,0.269541778975741
"RTO","primary",2,371,0.539083557951482
"RTO","priority",2,371,0.539083557951482
"RTO","prison",3,371,0.808625336927224
"RTO","private",1,371,0.269541778975741
"RTO","pro",1,371,0.269541778975741
"RTO","probe",1,371,0.269541778975741
"RTO","probleem",1,371,0.269541778975741
"RTO","process",2,371,0.539083557951482
"RTO","processes",1,371,0.269541778975741
"RTO","productief",1,371,0.269541778975741
"RTO","production",1,371,0.269541778975741
"RTO","productive",1,371,0.269541778975741
"RTO","productivity",3,371,0.808625336927224
"RTO","professional",1,371,0.269541778975741
"RTO","profit",1,371,0.269541778975741
"RTO","profiteering",1,371,0.269541778975741
"RTO","profits",1,371,0.269541778975741
"RTO","progress",1,371,0.269541778975741
"RTO","progressive",1,371,0.269541778975741
"RTO","project",5,371,1.34770889487871
"RTO","projected",1,371,0.269541778975741
"RTO","projects",1,371,0.269541778975741
"RTO","prolonged",2,371,0.539083557951482
"RTO","promised",10,371,2.69541778975741
"RTO","propaganda",1,371,0.269541778975741
"RTO","proportion",3,371,0.808625336927224
"RTO","propublica",1,371,0.269541778975741
"RTO","prospects",1,371,0.269541778975741
"RTO","protect",1,371,0.269541778975741
"RTO","protections",1,371,0.269541778975741
"RTO","protest",2,371,0.539083557951482
"RTO","protesters",1,371,0.269541778975741
"RTO","protocols",1,371,0.269541778975741
"RTO","proved",1,371,0.269541778975741
"RTO","provide",1,371,0.269541778975741
"RTO","provincial",1,371,0.269541778975741
"RTO","proximity",2,371,0.539083557951482
"RTO","proxy",1,371,0.269541778975741
"RTO","psychopathic",1,371,0.269541778975741
"RTO","public",9,371,2.42587601078167
"RTO","publicly",2,371,0.539083557951482
"RTO","publicsafety",1,371,0.269541778975741
"RTO","published",3,371,0.808625336927224
"RTO","pulled",2,371,0.539083557951482
"RTO","punchline",1,371,0.269541778975741
"RTO","punish",1,371,0.269541778975741
"RTO","punitive",1,371,0.269541778975741
"RTO","purged",1,371,0.269541778975741
"RTO","push",10,371,2.69541778975741
"RTO","pushed",3,371,0.808625336927224
"RTO","pushing",5,371,1.34770889487871
"RTO","pustule",1,371,0.269541778975741
"RTO","putin",1,371,0.269541778975741
"RTO","quality",1,371,0.269541778975741
"RTO","quarter",1,371,0.269541778975741
"RTO","question",1,371,0.269541778975741
"RTO","questions",1,371,0.269541778975741
"RTO","quietly",1,371,0.269541778975741
"RTO","quit",1,371,0.269541778975741
"RTO","quoted",1,371,0.269541778975741
"RTO","ra",1,371,0.269541778975741
"RTO","radical",1,371,0.269541778975741
"RTO","rage",1,371,0.269541778975741
"RTO","raids",1,371,0.269541778975741
"RTO","raise",2,371,0.539083557951482
"RTO","raised",1,371,0.269541778975741
"RTO","raises",1,371,0.269541778975741
"RTO","random",1,371,0.269541778975741
"RTO","range",2,371,0.539083557951482
"RTO","ranked",1,371,0.269541778975741
"RTO","ranking",2,371,0.539083557951482
"RTO","ranks",1,371,0.269541778975741
"RTO","rare",1,371,0.269541778975741
"RTO","rarely",1,371,0.269541778975741
"RTO","rates",3,371,0.808625336927224
"RTO","rating",1,371,0.269541778975741
"RTO","rationale",1,371,0.269541778975741
"RTO","raw",1,371,0.269541778975741
"RTO","read",10,371,2.69541778975741
"RTO","reading",1,371,0.269541778975741
"RTO","ready",1,371,0.269541778975741
"RTO","real",11,371,2.96495956873315
"RTO","reality",1,371,0.269541778975741
"RTO","reallocated",1,371,0.269541778975741
"RTO","reason",4,371,1.07816711590296
"RTO","reasons",1,371,0.269541778975741
"RTO","reattach",1,371,0.269541778975741
"RTO","rebel",1,371,0.269541778975741
"RTO","rebellion",1,371,0.269541778975741
"RTO","recall",1,371,0.269541778975741
"RTO","recap",1,371,0.269541778975741
"RTO","receiving",2,371,0.539083557951482
"RTO","recent",2,371,0.539083557951482
"RTO","reconfigure",1,371,0.269541778975741
"RTO","reconsider",1,371,0.269541778975741
"RTO","record",5,371,1.34770889487871
"RTO","records",3,371,0.808625336927224
"RTO","recovering",1,371,0.269541778975741
"RTO","recovery",1,371,0.269541778975741
"RTO","recruiter",2,371,0.539083557951482
"RTO","red",2,371,0.539083557951482
"RTO","reduce",2,371,0.539083557951482
"RTO","reframed",1,371,0.269541778975741
"RTO","refuse",3,371,0.808625336927224
"RTO","refused",1,371,0.269541778975741
"RTO","refuses",1,371,0.269541778975741
"RTO","regain",1,371,0.269541778975741
"RTO","region",1,371,0.269541778975741
"RTO","regional",2,371,0.539083557951482
"RTO","regulate",1,371,0.269541778975741
"RTO","regulatory",1,371,0.269541778975741
"RTO","reinstated",2,371,0.539083557951482
"RTO","reject",1,371,0.269541778975741
"RTO","rejected",1,371,0.269541778975741
"RTO","rejecting",1,371,0.269541778975741
"RTO","rejects",4,371,1.07816711590296
"RTO","related",1,371,0.269541778975741
"RTO","relates",2,371,0.539083557951482
"RTO","relationship",3,371,0.808625336927224
"RTO","released",1,371,0.269541778975741
"RTO","relevant",1,371,0.269541778975741
"RTO","remained",1,371,0.269541778975741
"RTO","remains",2,371,0.539083557951482
"RTO","remember",2,371,0.539083557951482
"RTO","remind",1,371,0.269541778975741
"RTO","reminder",2,371,0.539083557951482
"RTO","reminds",1,371,0.269541778975741
"RTO","remotely",4,371,1.07816711590296
"RTO","remoteprivilege",1,371,0.269541778975741
"RTO","remove",3,371,0.808625336927224
"RTO","removed",2,371,0.539083557951482
"RTO","reneegood",1,371,0.269541778975741
"RTO","rent",2,371,0.539083557951482
"RTO","rep",3,371,0.808625336927224
"RTO","repeat",1,371,0.269541778975741
"RTO","repellent",1,371,0.269541778975741
"RTO","repercussions",1,371,0.269541778975741
"RTO","report",9,371,2.42587601078167
"RTO","reported",2,371,0.539083557951482
"RTO","reporters",2,371,0.539083557951482
"RTO","reporting",4,371,1.07816711590296
"RTO","reports",1,371,0.269541778975741
"RTO","representatives",1,371,0.269541778975741
"RTO","representing",1,371,0.269541778975741
"RTO","republican",2,371,0.539083557951482
"RTO","republicans",6,371,1.61725067385445
"RTO","requesting",1,371,0.269541778975741
"RTO","requests",1,371,0.269541778975741
"RTO","require",2,371,0.539083557951482
"RTO","required",2,371,0.539083557951482
"RTO","requirements",2,371,0.539083557951482
"RTO","requires",1,371,0.269541778975741
"RTO","requiring",1,371,0.269541778975741
"RTO","rescinded",1,371,0.269541778975741
"RTO","research",1,371,0.269541778975741
"RTO","researcher",1,371,0.269541778975741
"RTO","reset",1,371,0.269541778975741
"RTO","residents",1,371,0.269541778975741
"RTO","resign",3,371,0.808625336927224
"RTO","resolved",1,371,0.269541778975741
"RTO","resources",1,371,0.269541778975741
"RTO","respond",1,371,0.269541778975741
"RTO","responsible",2,371,0.539083557951482
"RTO","restaurant",1,371,0.269541778975741
"RTO","results",2,371,0.539083557951482
"RTO","resume",1,371,0.269541778975741
"RTO","retain",1,371,0.269541778975741
"RTO","retention",1,371,0.269541778975741
"RTO","rethinking",1,371,0.269541778975741
"RTO","retiring",1,371,0.269541778975741
"RTO","retour",1,371,0.269541778975741
"RTO","returning",1,371,0.269541778975741
"RTO","returntooffice",1,371,0.269541778975741
"RTO","reuters",2,371,0.539083557951482
"RTO","reveals",3,371,0.808625336927224
"RTO","revelations",6,371,1.61725067385445
"RTO","revenge",2,371,0.539083557951482
"RTO","reverberated",4,371,1.07816711590296
"RTO","review",1,371,0.269541778975741
"RTO","revival",3,371,0.808625336927224
"RTO","revive",10,371,2.69541778975741
"RTO","revolt",1,371,0.269541778975741
"RTO","rich",1,371,0.269541778975741
"RTO","rider",1,371,0.269541778975741
"RTO","ridership",1,371,0.269541778975741
"RTO","ridiculous",2,371,0.539083557951482
"RTO","rieger",1,371,0.269541778975741
"RTO","rightwing",1,371,0.269541778975741
"RTO","rise",2,371,0.539083557951482
"RTO","rising",2,371,0.539083557951482
"RTO","risk",1,371,0.269541778975741
"RTO","road",1,371,0.269541778975741
"RTO","roadway",1,371,0.269541778975741
"RTO","roberts",2,371,0.539083557951482
"RTO","roche",1,371,0.269541778975741
"RTO","rochester",1,371,0.269541778975741
"RTO","rocks",2,371,0.539083557951482
"RTO","rockstar",2,371,0.539083557951482
"RTO","role",1,371,0.269541778975741
"RTO","roll",1,371,0.269541778975741
"RTO","rolling",1,371,0.269541778975741
"RTO","rollout",2,371,0.539083557951482
"RTO","roughly",1,371,0.269541778975741
"RTO","rounds",1,371,0.269541778975741
"RTO","rows",1,371,0.269541778975741
"RTO","rsf",1,371,0.269541778975741
"RTO","rules",2,371,0.539083557951482
"RTO","running",3,371,0.808625336927224
"RTO","runs",1,371,0.269541778975741
"RTO","rush",1,371,0.269541778975741
"RTO","russia",2,371,0.539083557951482
"RTO","russian",1,371,0.269541778975741
"RTO","russiaukrainewar",1,371,0.269541778975741
"RTO","sabbatical",1,371,0.269541778975741
"RTO","sacramento",1,371,0.269541778975741
"RTO","sad",1,371,0.269541778975741
"RTO","safety",3,371,0.808625336927224
"RTO","salaries",1,371,0.269541778975741
"RTO","salary",2,371,0.539083557951482
"RTO","sam",1,371,0.269541778975741
"RTO","sandwich",2,371,0.539083557951482
"RTO","sapir",1,371,0.269541778975741
"RTO","sat",1,371,0.269541778975741
"RTO","satire",2,371,0.539083557951482
"RTO","satirical",1,371,0.269541778975741
"RTO","save",2,371,0.539083557951482
"RTO","saved",3,371,0.808625336927224
"RTO","saving",1,371,0.269541778975741
"RTO","scandal",3,371,0.808625336927224
"RTO","scared",1,371,0.269541778975741
"RTO","schedule",1,371,0.269541778975741
"RTO","scheme",9,371,2.42587601078167
"RTO","school",2,371,0.539083557951482
"RTO","schumer",1,371,0.269541778975741
"RTO","science",1,371,0.269541778975741
"RTO","scientific",1,371,0.269541778975741
"RTO","scientists",1,371,0.269541778975741
"RTO","scope",1,371,0.269541778975741
"RTO","score",1,371,0.269541778975741
"RTO","scotland",1,371,0.269541778975741
"RTO","scots",1,371,0.269541778975741
"RTO","scott",1,371,0.269541778975741
"RTO","scotus",1,371,0.269541778975741
"RTO","scramble",1,371,0.269541778975741
"RTO","scrap",1,371,0.269541778975741
"RTO","scratches",1,371,0.269541778975741
"RTO","screwed",1,371,0.269541778975741
"RTO","scrubbed",1,371,0.269541778975741
"RTO","sculpture",1,371,0.269541778975741
"RTO","sdsl",1,371,0.269541778975741
"RTO","search",2,371,0.539083557951482
"RTO","seasonal",1,371,0.269541778975741
"RTO","secret",3,371,0.808625336927224
"RTO","secretary",2,371,0.539083557951482
"RTO","secretly",2,371,0.539083557951482
"RTO","secrets",1,371,0.269541778975741
"RTO","sector",1,371,0.269541778975741
"RTO","securities",5,371,1.34770889487871
"RTO","security",1,371,0.269541778975741
"RTO","seeker",2,371,0.539083557951482
"RTO","seeking",1,371,0.269541778975741
"RTO","seeks",1,371,0.269541778975741
"RTO","sell",2,371,0.539083557951482
"RTO","seltzers",1,371,0.269541778975741
"RTO","semi",1,371,0.269541778975741
"RTO","sen",11,371,2.96495956873315
"RTO","senate",2,371,0.539083557951482
"RTO","senator",2,371,0.539083557951482
"RTO","senators",1,371,0.269541778975741
"RTO","senior",2,371,0.539083557951482
"RTO","sense",3,371,0.808625336927224
"RTO","september",5,371,1.34770889487871
"RTO","serendipity",1,371,0.269541778975741
"RTO","serfing",1,371,0.269541778975741
"RTO","servants",1,371,0.269541778975741
"RTO","serve",1,371,0.269541778975741
"RTO","served",2,371,0.539083557951482
"RTO","service",3,371,0.808625336927224
"RTO","services",2,371,0.539083557951482
"RTO","sesame",1,371,0.269541778975741
"RTO","set",3,371,0.808625336927224
"RTO","severance",2,371,0.539083557951482
"RTO","sex",1,371,0.269541778975741
"RTO","sharpen",3,371,0.808625336927224
"RTO","sheriffs",1,371,0.269541778975741
"RTO","shifting",1,371,0.269541778975741
"RTO","ship",1,371,0.269541778975741
"RTO","shipping",1,371,0.269541778975741
"RTO","shit",7,371,1.88679245283019
"RTO","shock",4,371,1.07816711590296
"RTO","shocking",4,371,1.07816711590296
"RTO","shopping",2,371,0.539083557951482
"RTO","shortly",1,371,0.269541778975741
"RTO","shrug",1,371,0.269541778975741
"RTO","shut",2,371,0.539083557951482
"RTO","sick",2,371,0.539083557951482
"RTO","sidelines",1,371,0.269541778975741
"RTO","sign",3,371,0.808625336927224
"RTO","signal",1,371,0.269541778975741
"RTO","signed",3,371,0.808625336927224
"RTO","significant",4,371,1.07816711590296
"RTO","silence",1,371,0.269541778975741
"RTO","similar",1,371,0.269541778975741
"RTO","similarly",1,371,0.269541778975741
"RTO","simply",1,371,0.269541778975741
"RTO","sindical",1,371,0.269541778975741
"RTO","single",3,371,0.808625336927224
"RTO","singled",1,371,0.269541778975741
"RTO","sink",1,371,0.269541778975741
"RTO","site",2,371,0.539083557951482
"RTO","situation",4,371,1.07816711590296
"RTO","situations",1,371,0.269541778975741
"RTO","size",1,371,0.269541778975741
"RTO","sized",1,371,0.269541778975741
"RTO","skills",5,371,1.34770889487871
"RTO","skyrocketing",1,371,0.269541778975741
"RTO","slack",1,371,0.269541778975741
"RTO","sleep",1,371,0.269541778975741
"RTO","slew",1,371,0.269541778975741
"RTO","slimy",1,371,0.269541778975741
"RTO","slip",1,371,0.269541778975741
"RTO","slowed",1,371,0.269541778975741
"RTO","slowly",1,371,0.269541778975741
"RTO","smart",1,371,0.269541778975741
"RTO","smartkeys",1,371,0.269541778975741
"RTO","smartnews",1,371,0.269541778975741
"RTO","smiles",1,371,0.269541778975741
"RTO","sniff",1,371,0.269541778975741
"RTO","soboroff",1,371,0.269541778975741
"RTO","societal",1,371,0.269541778975741
"RTO","soft",1,371,0.269541778975741
"RTO","solid",1,371,0.269541778975741
"RTO","solutions",1,371,0.269541778975741
"RTO","soul",1,371,0.269541778975741
"RTO","sound",1,371,0.269541778975741
"RTO","source",2,371,0.539083557951482
"RTO","sources",1,371,0.269541778975741
"RTO","south",1,371,0.269541778975741
"RTO","space",5,371,1.34770889487871
"RTO","spaces",1,371,0.269541778975741
"RTO","spallumcheen",1,371,0.269541778975741
"RTO","spanish",1,371,0.269541778975741
"RTO","sparks",1,371,0.269541778975741
"RTO","speak",1,371,0.269541778975741
"RTO","speakeasy",1,371,0.269541778975741
"RTO","speaking",1,371,0.269541778975741
"RTO","special",2,371,0.539083557951482
"RTO","specifically",1,371,0.269541778975741
"RTO","spend",8,371,2.15633423180593
"RTO","spending",4,371,1.07816711590296
"RTO","spent",1,371,0.269541778975741
"RTO","spike",1,371,0.269541778975741
"RTO","splash",1,371,0.269541778975741
"RTO","split",1,371,0.269541778975741
"RTO","spoken",1,371,0.269541778975741
"RTO","spot",2,371,0.539083557951482
"RTO","spotless",1,371,0.269541778975741
"RTO","spread",1,371,0.269541778975741
"RTO","spreadsheet",1,371,0.269541778975741
"RTO","square",2,371,0.539083557951482
"RTO","squashing",1,371,0.269541778975741
"RTO","stable",1,371,0.269541778975741
"RTO","staff",12,371,3.2345013477089
"RTO","staffers",2,371,0.539083557951482
"RTO","stan",1,371,0.269541778975741
"RTO","standard",2,371,0.539083557951482
"RTO","standing",1,371,0.269541778975741
"RTO","standwithukraine",1,371,0.269541778975741
"RTO","stanford",1,371,0.269541778975741
"RTO","stare",1,371,0.269541778975741
"RTO","start",3,371,0.808625336927224
"RTO","starting",9,371,2.42587601078167
"RTO","statecraft",1,371,0.269541778975741
"RTO","statements",1,371,0.269541778975741
"RTO","statistics",1,371,0.269541778975741
"RTO","stats",1,371,0.269541778975741
"RTO","statues",1,371,0.269541778975741
"RTO","stay",3,371,0.808625336927224
"RTO","staying",2,371,0.539083557951482
"RTO","stays",1,371,0.269541778975741
"RTO","stealing",1,371,0.269541778975741
"RTO","stefania",1,371,0.269541778975741
"RTO","stephenmiller",1,371,0.269541778975741
"RTO","stepping",1,371,0.269541778975741
"RTO","steve",2,371,0.539083557951482
"RTO","stock",8,371,2.15633423180593
"RTO","stop",6,371,1.61725067385445
"RTO","stopped",2,371,0.539083557951482
"RTO","story",2,371,0.539083557951482
"RTO","straight",1,371,0.269541778975741
"RTO","strait",1,371,0.269541778975741
"RTO","strange",1,371,0.269541778975741
"RTO","strangers",1,371,0.269541778975741
"RTO","strategies",1,371,0.269541778975741
"RTO","strategy",1,371,0.269541778975741
"RTO","street",1,371,0.269541778975741
"RTO","stress",1,371,0.269541778975741
"RTO","stretching",1,371,0.269541778975741
"RTO","strike",2,371,0.539083557951482
"RTO","strikes",1,371,0.269541778975741
"RTO","strong",2,371,0.539083557951482
"RTO","strongly",1,371,0.269541778975741
"RTO","struggling",10,371,2.69541778975741
"RTO","strung",1,371,0.269541778975741
"RTO","stuck",1,371,0.269541778975741
"RTO","studies",3,371,0.808625336927224
"RTO","study",4,371,1.07816711590296
"RTO","studying",2,371,0.539083557951482
"RTO","stuff",3,371,0.808625336927224
"RTO","stupid",4,371,1.07816711590296
"RTO","sturmabteilung",1,371,0.269541778975741
"RTO","submit",7,371,1.88679245283019
"RTO","suboptimal",1,371,0.269541778975741
"RTO","subscribe",1,371,0.269541778975741
"RTO","subscription",1,371,0.269541778975741
"RTO","subsequent",1,371,0.269541778975741
"RTO","substack",1,371,0.269541778975741
"RTO","substitute",1,371,0.269541778975741
"RTO","sucks",3,371,0.808625336927224
"RTO","sue",1,371,0.269541778975741
"RTO","suffered",3,371,0.808625336927224
"RTO","suffering",1,371,0.269541778975741
"RTO","suggesting",1,371,0.269541778975741
"RTO","suggestion",1,371,0.269541778975741
"RTO","sullivan",1,371,0.269541778975741
"RTO","summer",1,371,0.269541778975741
"RTO","summon",1,371,0.269541778975741
"RTO","sunchips",1,371,0.269541778975741
"RTO","super",2,371,0.539083557951482
"RTO","superyacht",1,371,0.269541778975741
"RTO","supplies",2,371,0.539083557951482
"RTO","supply",9,371,2.42587601078167
"RTO","support",4,371,1.07816711590296
"RTO","supported",1,371,0.269541778975741
"RTO","supporters",2,371,0.539083557951482
"RTO","supposed",3,371,0.808625336927224
"RTO","supposedly",1,371,0.269541778975741
"RTO","supremacist",2,371,0.539083557951482
"RTO","supremacists",1,371,0.269541778975741
"RTO","supreme",2,371,0.539083557951482
"RTO","supremecourt",1,371,0.269541778975741
"RTO","surely",1,371,0.269541778975741
"RTO","surface",1,371,0.269541778975741
"RTO","surged",1,371,0.269541778975741
"RTO","surpassing",1,371,0.269541778975741
"RTO","surprise",4,371,1.07816711590296
"RTO","surprised",2,371,0.539083557951482
"RTO","surrendered",1,371,0.269541778975741
"RTO","survey",1,371,0.269541778975741
"RTO","susan",12,371,3.2345013477089
"RTO","suspected",1,371,0.269541778975741
"RTO","sutcliffe",2,371,0.539083557951482
"RTO","swaa",1,371,0.269541778975741
"RTO","swath",1,371,0.269541778975741
"RTO","swept",1,371,0.269541778975741
"RTO","swipes",1,371,0.269541778975741
"RTO","sycophantic",1,371,0.269541778975741
"RTO","synergy",2,371,0.539083557951482
"RTO","syracuse",1,371,0.269541778975741
"RTO","system",1,371,0.269541778975741
"RTO","table",1,371,0.269541778975741
"RTO","tactic",1,371,0.269541778975741
"RTO","tajine",1,371,0.269541778975741
"RTO","talk",1,371,0.269541778975741
"RTO","talking",1,371,0.269541778975741
"RTO","talks",1,371,0.269541778975741
"RTO","tand",1,371,0.269541778975741
"RTO","target",2,371,0.539083557951482
"RTO","tax",1,371,0.269541778975741
"RTO","taxes",1,371,0.269541778975741
"RTO","taxpayer",5,371,1.34770889487871
"RTO","taxpayers",3,371,0.808625336927224
"RTO","tbh",1,371,0.269541778975741
"RTO","te",1,371,0.269541778975741
"RTO","teach",1,371,0.269541778975741
"RTO","team",4,371,1.07816711590296
"RTO","teams",1,371,0.269541778975741
"RTO","tech",8,371,2.15633423180593
"RTO","techdirt",1,371,0.269541778975741
"RTO","technical",3,371,0.808625336927224
"RTO","technically",1,371,0.269541778975741
"RTO","technology",2,371,0.539083557951482
"RTO","telecommunications",1,371,0.269541778975741
"RTO","telegraph",1,371,0.269541778975741
"RTO","telework",4,371,1.07816711590296
"RTO","temporary",1,371,0.269541778975741
"RTO","tend",2,371,0.539083557951482
"RTO","tennessee",2,371,0.539083557951482
"RTO","tenure",3,371,0.808625336927224
"RTO","term",7,371,1.88679245283019
"RTO","terms",1,371,0.269541778975741
"RTO","terre",1,371,0.269541778975741
"RTO","terrible",1,371,0.269541778975741
"RTO","terrorism",1,371,0.269541778975741
"RTO","terrorists",1,371,0.269541778975741
"RTO","terugkwamen",1,371,0.269541778975741
"RTO","test",2,371,0.539083557951482
"RTO","texas",1,371,0.269541778975741
"RTO","text",1,371,0.269541778975741
"RTO","therapie",1,371,0.269541778975741
"RTO","therapy",1,371,0.269541778975741
"RTO","thikn",1,371,0.269541778975741
"RTO","thin",1,371,0.269541778975741
"RTO","thinking",3,371,0.808625336927224
"RTO","thousand",2,371,0.539083557951482
"RTO","thousands",14,371,3.77358490566038
"RTO","threat",2,371,0.539083557951482
"RTO","threaten",1,371,0.269541778975741
"RTO","threatened",1,371,0.269541778975741
"RTO","threatening",1,371,0.269541778975741
"RTO","threats",1,371,0.269541778975741
"RTO","thug",1,371,0.269541778975741
"RTO","thuis",1,371,0.269541778975741
"RTO","thuiswerken",1,371,0.269541778975741
"RTO","thursday",2,371,0.539083557951482
"RTO","ties",1,371,0.269541778975741
"RTO","tim",1,371,0.269541778975741
"RTO","time",15,371,4.04312668463612
"RTO","timeline",1,371,0.269541778975741
"RTO","times",2,371,0.539083557951482
"RTO","timing",1,371,0.269541778975741
"RTO","tiny",1,371,0.269541778975741
"RTO","title",2,371,0.539083557951482
"RTO","toddblanche",1,371,0.269541778975741
"RTO","toilet",1,371,0.269541778975741
"RTO","told",2,371,0.539083557951482
"RTO","tolerable",1,371,0.269541778975741
"RTO","toll",1,371,0.269541778975741
"RTO","ton",1,371,0.269541778975741
"RTO","tons",2,371,0.539083557951482
"RTO","tool",1,371,0.269541778975741
"RTO","top",3,371,0.808625336927224
"RTO","topic",1,371,0.269541778975741
"RTO","total",2,371,0.539083557951482
"RTO","totaling",1,371,0.269541778975741
"RTO","totally",2,371,0.539083557951482
"RTO","toting",1,371,0.269541778975741
"RTO","touch",1,371,0.269541778975741
"RTO","tough",1,371,0.269541778975741
"RTO","tourism",2,371,0.539083557951482
"RTO","towns",10,371,2.69541778975741
"RTO","toxic",1,371,0.269541778975741
"RTO","track",2,371,0.539083557951482
"RTO","tracks",1,371,0.269541778975741
"RTO","trade",3,371,0.808625336927224
"RTO","traded",4,371,1.07816711590296
"RTO","trades",10,371,2.69541778975741
"RTO","trading",2,371,0.539083557951482
"RTO","traditionalists",1,371,0.269541778975741
"RTO","traditionally",1,371,0.269541778975741
"RTO","traffic",6,371,1.61725067385445
"RTO","trafficking",1,371,0.269541778975741
"RTO","train",2,371,0.539083557951482
"RTO","training",1,371,0.269541778975741
"RTO","trains",1,371,0.269541778975741
"RTO","trans",1,371,0.269541778975741
"RTO","transit",7,371,1.88679245283019
"RTO","transparently",1,371,0.269541778975741
"RTO","transportation",3,371,0.808625336927224
"RTO","travel",3,371,0.808625336927224
"RTO","treason",1,371,0.269541778975741
"RTO","trees",1,371,0.269541778975741
"RTO","trial",1,371,0.269541778975741
"RTO","triggered",9,371,2.42587601078167
"RTO","trillion",1,371,0.269541778975741
"RTO","trip",2,371,0.539083557951482
"RTO","trips",1,371,0.269541778975741
"RTO","troll",1,371,0.269541778975741
"RTO","true",3,371,0.808625336927224
"RTO","trump",31,371,8.35579514824798
"RTO","trumpadministration",1,371,0.269541778975741
"RTO","trust",1,371,0.269541778975741
"RTO","truth",1,371,0.269541778975741
"RTO","type",2,371,0.539083557951482
"RTO","uber",1,371,0.269541778975741
"RTO","ubisoft",1,371,0.269541778975741
"RTO","ugly",1,371,0.269541778975741
"RTO","ukraine",1,371,0.269541778975741
"RTO","ukrainian",1,371,0.269541778975741
"RTO","ummm",1,371,0.269541778975741
"RTO","unable",2,371,0.539083557951482
"RTO","unavailable",1,371,0.269541778975741
"RTO","unbundled",1,371,0.269541778975741
"RTO","unchanged",1,371,0.269541778975741
"RTO","unclassified",1,371,0.269541778975741
"RTO","uncover",1,371,0.269541778975741
"RTO","undergo",1,371,0.269541778975741
"RTO","understaffed",1,371,0.269541778975741
"RTO","understand",1,371,0.269541778975741
"RTO","unfair",2,371,0.539083557951482
"RTO","union",4,371,1.07816711590296
"RTO","unions",2,371,0.539083557951482
"RTO","unit",1,371,0.269541778975741
"RTO","united",3,371,0.808625336927224
"RTO","university",1,371,0.269541778975741
"RTO","unlocks",1,371,0.269541778975741
"RTO","unnecessary",2,371,0.539083557951482
"RTO","unreliable",1,371,0.269541778975741
"RTO","unworkable",1,371,0.269541778975741
"RTO","update",1,371,0.269541778975741
"RTO","upended",12,371,3.2345013477089
"RTO","urgency",1,371,0.269541778975741
"RTO","usa",1,371,0.269541778975741
"RTO","usandgermany",1,371,0.269541778975741
"RTO","va",1,371,0.269541778975741
"RTO","vacation",1,371,0.269541778975741
"RTO","vaccine",1,371,0.269541778975741
"RTO","values",1,371,0.269541778975741
"RTO","van",2,371,0.539083557951482
"RTO","vance",1,371,0.269541778975741
"RTO","vanity",1,371,0.269541778975741
"RTO","vault",1,371,0.269541778975741
"RTO","vehicle",1,371,0.269541778975741
"RTO","vehicles",8,371,2.15633423180593
"RTO","vermont",1,371,0.269541778975741
"RTO","vertical",1,371,0.269541778975741
"RTO","vessels",1,371,0.269541778975741
"RTO","vetoed",1,371,0.269541778975741
"RTO","vetoes",1,371,0.269541778975741
"RTO","vetos",1,371,0.269541778975741
"RTO","vibes",1,371,0.269541778975741
"RTO","victims",1,371,0.269541778975741
"RTO","video",3,371,0.808625336927224
"RTO","videojuego",1,371,0.269541778975741
"RTO","view",1,371,0.269541778975741
"RTO","views",1,371,0.269541778975741
"RTO","violating",1,371,0.269541778975741
"RTO","violation",1,371,0.269541778975741
"RTO","violence",1,371,0.269541778975741
"RTO","violent",1,371,0.269541778975741
"RTO","virus",1,371,0.269541778975741
"RTO","visit",1,371,0.269541778975741
"RTO","visitors",1,371,0.269541778975741
"RTO","visualizes",1,371,0.269541778975741
"RTO","voice",1,371,0.269541778975741
"RTO","volume",3,371,0.808625336927224
"RTO","volvo",1,371,0.269541778975741
"RTO","voor",2,371,0.539083557951482
"RTO","vote",3,371,0.808625336927224
"RTO","voted",1,371,0.269541778975741
"RTO","voters",2,371,0.539083557951482
"RTO","votes",1,371,0.269541778975741
"RTO","vulnerable",1,371,0.269541778975741
"RTO","wait",5,371,1.34770889487871
"RTO","wall",1,371,0.269541778975741
"RTO","waned",1,371,0.269541778975741
"RTO","wanneer",1,371,0.269541778975741
"RTO","war",8,371,2.15633423180593
"RTO","warnings",1,371,0.269541778975741
"RTO","warns",1,371,0.269541778975741
"RTO","warrior",1,371,0.269541778975741
"RTO","waste",1,371,0.269541778975741
"RTO","wasted",1,371,0.269541778975741
"RTO","wasteful",2,371,0.539083557951482
"RTO","watched",1,371,0.269541778975741
"RTO","water",1,371,0.269541778975741
"RTO","wave",10,371,2.69541778975741
"RTO","wealth",1,371,0.269541778975741
"RTO","weaver",1,371,0.269541778975741
"RTO","weed",1,371,0.269541778975741
"RTO","week",17,371,4.5822102425876
"RTO","weekend",1,371,0.269541778975741
"RTO","weeknight",1,371,0.269541778975741
"RTO","weeks",2,371,0.539083557951482
"RTO","weird",1,371,0.269541778975741
"RTO","werken",1,371,0.269541778975741
"RTO","werkgever",1,371,0.269541778975741
"RTO","werknemers",1,371,0.269541778975741
"RTO","western",1,371,0.269541778975741
"RTO","whats",1,371,0.269541778975741
"RTO","whined",1,371,0.269541778975741
"RTO","white",6,371,1.61725067385445
"RTO","whorf",1,371,0.269541778975741
"RTO","whorfism",1,371,0.269541778975741
"RTO","wide",1,371,0.269541778975741
"RTO","wild",1,371,0.269541778975741
"RTO","willinging",1,371,0.269541778975741
"RTO","willingness",6,371,1.61725067385445
"RTO","win",3,371,0.808625336927224
"RTO","wing",1,371,0.269541778975741
"RTO","wishful",1,371,0.269541778975741
"RTO","wishing",1,371,0.269541778975741
"RTO","witkoff",1,371,0.269541778975741
"RTO","wk",1,371,0.269541778975741
"RTO","woman",1,371,0.269541778975741
"RTO","women",7,371,1.88679245283019
"RTO","won",1,371,0.269541778975741
"RTO","wondering",2,371,0.539083557951482
"RTO","woods",1,371,0.269541778975741
"RTO","words",2,371,0.539083557951482
"RTO","workaholics",1,371,0.269541778975741
"RTO","worker",3,371,0.808625336927224
"RTO","workers",13,371,3.50404312668464
"RTO","workforce",2,371,0.539083557951482
"RTO","workplace",2,371,0.539083557951482
"RTO","workplaces",1,371,0.269541778975741
"RTO","world",12,371,3.2345013477089
"RTO","worry",1,371,0.269541778975741
"RTO","worst",1,371,0.269541778975741
"RTO","worth",4,371,1.07816711590296
"RTO","wrecking",1,371,0.269541778975741
"RTO","wrest",1,371,0.269541778975741
"RTO","wright",1,371,0.269541778975741
"RTO","write",1,371,0.269541778975741
"RTO","writing",1,371,0.269541778975741
"RTO","written",1,371,0.269541778975741
"RTO","wrote",2,371,0.539083557951482
"RTO","wwii",4,371,1.07816711590296
"RTO","yacht",1,371,0.269541778975741
"RTO","yard",1,371,0.269541778975741
"RTO","yeah",4,371,1.07816711590296
"RTO","yesssss",1,371,0.269541778975741
"RTO","yo",1,371,0.269541778975741
"RTO","york",1,371,0.269541778975741
"RTO","ze",1,371,0.269541778975741
"RTO","zijn",2,371,0.539083557951482
"WFH","abandoned",1,356,0.280898876404494
"WFH","abide",1,356,0.280898876404494
"WFH","ability",2,356,0.561797752808989
"WFH","absolutely",1,356,0.280898876404494
"WFH","absolutley",1,356,0.280898876404494
"WFH","abuse",1,356,0.280898876404494
"WFH","academia",1,356,0.280898876404494
"WFH","accelerates",1,356,0.280898876404494
"WFH","accept",1,356,0.280898876404494
"WFH","accepting",1,356,0.280898876404494
"WFH","access",4,356,1.12359550561798
"WFH","accessing",2,356,0.561797752808989
"WFH","account",1,356,0.280898876404494
"WFH","accounts",1,356,0.280898876404494
"WFH","accreted",1,356,0.280898876404494
"WFH","acemagic",1,356,0.280898876404494
"WFH","acer",1,356,0.280898876404494
"WFH","achieve",1,356,0.280898876404494
"WFH","achievement",1,356,0.280898876404494
"WFH","acquisition",1,356,0.280898876404494
"WFH","active",4,356,1.12359550561798
"WFH","actively",1,356,0.280898876404494
"WFH","activities",1,356,0.280898876404494
"WFH","actual",1,356,0.280898876404494
"WFH","add",1,356,0.280898876404494
"WFH","adding",2,356,0.561797752808989
"WFH","addition",1,356,0.280898876404494
"WFH","address",1,356,0.280898876404494
"WFH","adds",1,356,0.280898876404494
"WFH","admin",1,356,0.280898876404494
"WFH","administration",5,356,1.40449438202247
"WFH","admit",1,356,0.280898876404494
"WFH","adopt",1,356,0.280898876404494
"WFH","adoption",2,356,0.561797752808989
"WFH","ads",1,356,0.280898876404494
"WFH","adulting",1,356,0.280898876404494
"WFH","adults",1,356,0.280898876404494
"WFH","adventure",1,356,0.280898876404494
"WFH","affiliate",2,356,0.561797752808989
"WFH","affiliatemarketing",1,356,0.280898876404494
"WFH","affiliates",3,356,0.842696629213483
"WFH","afford",3,356,0.842696629213483
"WFH","africa",4,356,1.12359550561798
"WFH","african",4,356,1.12359550561798
"WFH","afternoon",1,356,0.280898876404494
"WFH","age",1,356,0.280898876404494
"WFH","agencies",1,356,0.280898876404494
"WFH","agency",3,356,0.842696629213483
"WFH","agent",1,356,0.280898876404494
"WFH","agentic",1,356,0.280898876404494
"WFH","aggressive",1,356,0.280898876404494
"WFH","ago",1,356,0.280898876404494
"WFH","agree",2,356,0.561797752808989
"WFH","agreement",1,356,0.280898876404494
"WFH","ah",2,356,0.561797752808989
"WFH","ahead",1,356,0.280898876404494
"WFH","ahh",1,356,0.280898876404494
"WFH","ai",20,356,5.61797752808989
"WFH","aid",1,356,0.280898876404494
"WFH","aijobs",3,356,0.842696629213483
"WFH","air",2,356,0.561797752808989
"WFH","airlines",1,356,0.280898876404494
"WFH","aitools",1,356,0.280898876404494
"WFH","ak",1,356,0.280898876404494
"WFH","akstores",4,356,1.12359550561798
"WFH","al",1,356,0.280898876404494
"WFH","alerts",1,356,0.280898876404494
"WFH","algos",1,356,0.280898876404494
"WFH","aligned",1,356,0.280898876404494
"WFH","allegedly",1,356,0.280898876404494
"WFH","alley",1,356,0.280898876404494
"WFH","allowed",2,356,0.561797752808989
"WFH","allowing",1,356,0.280898876404494
"WFH","alternative",1,356,0.280898876404494
"WFH","alternatives",1,356,0.280898876404494
"WFH","altruism",1,356,0.280898876404494
"WFH","amazing",4,356,1.12359550561798
"WFH","amazon",1,356,0.280898876404494
"WFH","amazzing",1,356,0.280898876404494
"WFH","amended",1,356,0.280898876404494
"WFH","america",3,356,0.842696629213483
"WFH","american",3,356,0.842696629213483
"WFH","amid",1,356,0.280898876404494
"WFH","amount",2,356,0.561797752808989
"WFH","ample",1,356,0.280898876404494
"WFH","amplified",1,356,0.280898876404494
"WFH","analysis",2,356,0.561797752808989
"WFH","analyst",4,356,1.12359550561798
"WFH","andrew",1,356,0.280898876404494
"WFH","angeles",1,356,0.280898876404494
"WFH","angle",1,356,0.280898876404494
"WFH","animation",1,356,0.280898876404494
"WFH","annotation",1,356,0.280898876404494
"WFH","announced",1,356,0.280898876404494
"WFH","announcement",1,356,0.280898876404494
"WFH","annoying",1,356,0.280898876404494
"WFH","annual",1,356,0.280898876404494
"WFH","anotator",1,356,0.280898876404494
"WFH","ant",1,356,0.280898876404494
"WFH","anthropic",1,356,0.280898876404494
"WFH","anti",4,356,1.12359550561798
"WFH","anymore",3,356,0.842696629213483
"WFH","apartments",1,356,0.280898876404494
"WFH","apes",1,356,0.280898876404494
"WFH","app",2,356,0.561797752808989
"WFH","apparently",1,356,0.280898876404494
"WFH","appealing",1,356,0.280898876404494
"WFH","applicant",1,356,0.280898876404494
"WFH","application",3,356,0.842696629213483
"WFH","applications",1,356,0.280898876404494
"WFH","apply",10,356,2.80898876404494
"WFH","applying",4,356,1.12359550561798
"WFH","appreciated",1,356,0.280898876404494
"WFH","approach",1,356,0.280898876404494
"WFH","approval",1,356,0.280898876404494
"WFH","approve",1,356,0.280898876404494
"WFH","approved",4,356,1.12359550561798
"WFH","april",1,356,0.280898876404494
"WFH","arcologies",1,356,0.280898876404494
"WFH","argument",3,356,0.842696629213483
"WFH","arms",1,356,0.280898876404494
"WFH","arrested",1,356,0.280898876404494
"WFH","art",2,356,0.561797752808989
"WFH","arthur",1,356,0.280898876404494
"WFH","article",6,356,1.68539325842697
"WFH","articles",1,356,0.280898876404494
"WFH","asap",1,356,0.280898876404494
"WFH","ashburn",1,356,0.280898876404494
"WFH","askethos",1,356,0.280898876404494
"WFH","aspects",1,356,0.280898876404494
"WFH","ass",2,356,0.561797752808989
"WFH","assistant",1,356,0.280898876404494
"WFH","assistants",1,356,0.280898876404494
"WFH","associate",1,356,0.280898876404494
"WFH","associates",1,356,0.280898876404494
"WFH","assuming",1,356,0.280898876404494
"WFH","ate",1,356,0.280898876404494
"WFH","atrophied",1,356,0.280898876404494
"WFH","attend",1,356,0.280898876404494
"WFH","attention",2,356,0.561797752808989
"WFH","attitude",1,356,0.280898876404494
"WFH","audience",1,356,0.280898876404494
"WFH","audio",1,356,0.280898876404494
"WFH","audiobook",2,356,0.561797752808989
"WFH","audiobooks",1,356,0.280898876404494
"WFH","augment",1,356,0.280898876404494
"WFH","austin",6,356,1.68539325842697
"WFH","automating",1,356,0.280898876404494
"WFH","autonomy",1,356,0.280898876404494
"WFH","availability",1,356,0.280898876404494
"WFH","avalanche",1,356,0.280898876404494
"WFH","avaliable",1,356,0.280898876404494
"WFH","average",2,356,0.561797752808989
"WFH","avoid",1,356,0.280898876404494
"WFH","avoiding",1,356,0.280898876404494
"WFH","awareness",1,356,0.280898876404494
"WFH","awesome",2,356,0.561797752808989
"WFH","awkwardness",1,356,0.280898876404494
"WFH","axios",1,356,0.280898876404494
"WFH","background",1,356,0.280898876404494
"WFH","backlash",1,356,0.280898876404494
"WFH","backup",1,356,0.280898876404494
"WFH","bad",6,356,1.68539325842697
"WFH","bag",2,356,0.561797752808989
"WFH","bags",1,356,0.280898876404494
"WFH","balance",2,356,0.561797752808989
"WFH","balloon",1,356,0.280898876404494
"WFH","ban",3,356,0.842696629213483
"WFH","bank",1,356,0.280898876404494
"WFH","bar",1,356,0.280898876404494
"WFH","barely",1,356,0.280898876404494
"WFH","bargaining",1,356,0.280898876404494
"WFH","barrier",1,356,0.280898876404494
"WFH","bart",1,356,0.280898876404494
"WFH","based",6,356,1.68539325842697
"WFH","baseline",1,356,0.280898876404494
"WFH","basement",1,356,0.280898876404494
"WFH","basic",1,356,0.280898876404494
"WFH","basically",1,356,0.280898876404494
"WFH","bastards",1,356,0.280898876404494
"WFH","bath",1,356,0.280898876404494
"WFH","battery",1,356,0.280898876404494
"WFH","battle",1,356,0.280898876404494
"WFH","batumi",1,356,0.280898876404494
"WFH","bay",1,356,0.280898876404494
"WFH","bbq",1,356,0.280898876404494
"WFH","beauty",1,356,0.280898876404494
"WFH","bed",2,356,0.561797752808989
"WFH","bedridden",15,356,4.21348314606742
"WFH","bedroom",1,356,0.280898876404494
"WFH","bedtime",1,356,0.280898876404494
"WFH","behavior",1,356,0.280898876404494
"WFH","belly",1,356,0.280898876404494
"WFH","beneficial",1,356,0.280898876404494
"WFH","benefit",1,356,0.280898876404494
"WFH","benefits",3,356,0.842696629213483
"WFH","bestie",1,356,0.280898876404494
"WFH","beverage",1,356,0.280898876404494
"WFH","bfl",1,356,0.280898876404494
"WFH","bigger",1,356,0.280898876404494
"WFH","biggest",2,356,0.561797752808989
"WFH","bike",2,356,0.561797752808989
"WFH","bill",1,356,0.280898876404494
"WFH","billionaire",1,356,0.280898876404494
"WFH","billionaires",1,356,0.280898876404494
"WFH","bills",1,356,0.280898876404494
"WFH","bio",2,356,0.561797752808989
"WFH","biological",1,356,0.280898876404494
"WFH","bit",2,356,0.561797752808989
"WFH","bits",1,356,0.280898876404494
"WFH","blessing",1,356,0.280898876404494
"WFH","blind",1,356,0.280898876404494
"WFH","blink",1,356,0.280898876404494
"WFH","blizzard",2,356,0.561797752808989
"WFH","blog",1,356,0.280898876404494
"WFH","blood",2,356,0.561797752808989
"WFH","bloomberg",1,356,0.280898876404494
"WFH","bluesky",2,356,0.561797752808989
"WFH","bmore",1,356,0.280898876404494
"WFH","boards",2,356,0.561797752808989
"WFH","bodies",1,356,0.280898876404494
"WFH","boiling",1,356,0.280898876404494
"WFH","bomb",1,356,0.280898876404494
"WFH","bonding",1,356,0.280898876404494
"WFH","boom",2,356,0.561797752808989
"WFH","boosted",1,356,0.280898876404494
"WFH","boot",1,356,0.280898876404494
"WFH","border",1,356,0.280898876404494
"WFH","borders",1,356,0.280898876404494
"WFH","boss",2,356,0.561797752808989
"WFH","bosses",2,356,0.561797752808989
"WFH","boston",1,356,0.280898876404494
"WFH","bought",1,356,0.280898876404494
"WFH","boundaries",2,356,0.561797752808989
"WFH","box",1,356,0.280898876404494
"WFH","brain",1,356,0.280898876404494
"WFH","brainer",1,356,0.280898876404494
"WFH","brandon",1,356,0.280898876404494
"WFH","break",3,356,0.842696629213483
"WFH","breakfast",1,356,0.280898876404494
"WFH","breaks",1,356,0.280898876404494
"WFH","breath",1,356,0.280898876404494
"WFH","breather",1,356,0.280898876404494
"WFH","brick",1,356,0.280898876404494
"WFH","bricks",1,356,0.280898876404494
"WFH","brigade",1,356,0.280898876404494
"WFH","bringing",4,356,1.12359550561798
"WFH","brings",1,356,0.280898876404494
"WFH","bro",1,356,0.280898876404494
"WFH","broadband",1,356,0.280898876404494
"WFH","brought",1,356,0.280898876404494
"WFH","brownouts",1,356,0.280898876404494
"WFH","browser",1,356,0.280898876404494
"WFH","build",8,356,2.24719101123596
"WFH","buildings",1,356,0.280898876404494
"WFH","built",2,356,0.561797752808989
"WFH","bullies",1,356,0.280898876404494
"WFH","bullshit",2,356,0.561797752808989
"WFH","bunch",1,356,0.280898876404494
"WFH","burgeoning",1,356,0.280898876404494
"WFH","burnout",2,356,0.561797752808989
"WFH","business",6,356,1.68539325842697
"WFH","businesses",3,356,0.842696629213483
"WFH","businessman",1,356,0.280898876404494
"WFH","busy",1,356,0.280898876404494
"WFH","buy",1,356,0.280898876404494
"WFH","buzzing",1,356,0.280898876404494
"WFH","bypasses",1,356,0.280898876404494
"WFH","ca",2,356,0.561797752808989
"WFH","cafes",1,356,0.280898876404494
"WFH","cage",1,356,0.280898876404494
"WFH","california",1,356,0.280898876404494
"WFH","californian",1,356,0.280898876404494
"WFH","call",3,356,0.842696629213483
"WFH","callcenter",4,356,1.12359550561798
"WFH","called",1,356,0.280898876404494
"WFH","calm",2,356,0.561797752808989
"WFH","camera",1,356,0.280898876404494
"WFH","cameras",1,356,0.280898876404494
"WFH","cameron",1,356,0.280898876404494
"WFH","canada",5,356,1.40449438202247
"WFH","canadian",2,356,0.561797752808989
"WFH","canceled",1,356,0.280898876404494
"WFH","cancelled",1,356,0.280898876404494
"WFH","candidates",1,356,0.280898876404494
"WFH","cap",2,356,0.561797752808989
"WFH","capable",2,356,0.561797752808989
"WFH","capital",1,356,0.280898876404494
"WFH","capitalizing",1,356,0.280898876404494
"WFH","capture",2,356,0.561797752808989
"WFH","car",3,356,0.842696629213483
"WFH","carbon",1,356,0.280898876404494
"WFH","care",3,356,0.842696629213483
"WFH","career",1,356,0.280898876404494
"WFH","careergrowth",1,356,0.280898876404494
"WFH","careeropportunity",1,356,0.280898876404494
"WFH","careers",4,356,1.12359550561798
"WFH","caregivers",1,356,0.280898876404494
"WFH","caretaker",1,356,0.280898876404494
"WFH","caring",1,356,0.280898876404494
"WFH","cars",1,356,0.280898876404494
"WFH","cash",11,356,3.08988764044944
"WFH","catching",1,356,0.280898876404494
"WFH","causing",1,356,0.280898876404494
"WFH","caveat",1,356,0.280898876404494
"WFH","cc",1,356,0.280898876404494
"WFH","cease",1,356,0.280898876404494
"WFH","celebrates",1,356,0.280898876404494
"WFH","celeron",1,356,0.280898876404494
"WFH","cell",1,356,0.280898876404494
"WFH","censorship",1,356,0.280898876404494
"WFH","center",2,356,0.561797752808989
"WFH","centers",3,356,0.842696629213483
"WFH","ceo",1,356,0.280898876404494
"WFH","certified",1,356,0.280898876404494
"WFH","challenges",2,356,0.561797752808989
"WFH","chance",2,356,0.561797752808989
"WFH","chances",1,356,0.280898876404494
"WFH","change",1,356,0.280898876404494
"WFH","changing",1,356,0.280898876404494
"WFH","channel",1,356,0.280898876404494
"WFH","charlotte",1,356,0.280898876404494
"WFH","chatgpt",1,356,0.280898876404494
"WFH","chats",1,356,0.280898876404494
"WFH","cheap",1,356,0.280898876404494
"WFH","cheaper",2,356,0.561797752808989
"WFH","check",14,356,3.93258426966292
"WFH","checked",2,356,0.561797752808989
"WFH","checking",1,356,0.280898876404494
"WFH","checks",1,356,0.280898876404494
"WFH","chemical",1,356,0.280898876404494
"WFH","chicago",2,356,0.561797752808989
"WFH","child",1,356,0.280898876404494
"WFH","choice",1,356,0.280898876404494
"WFH","choices",1,356,0.280898876404494
"WFH","choked",1,356,0.280898876404494
"WFH","choose",2,356,0.561797752808989
"WFH","chose",1,356,0.280898876404494
"WFH","chosen",1,356,0.280898876404494
"WFH","christian",4,356,1.12359550561798
"WFH","chronically",16,356,4.49438202247191
"WFH","chuwi",1,356,0.280898876404494
"WFH","cigars",1,356,0.280898876404494
"WFH","circles",2,356,0.561797752808989
"WFH","cities",4,356,1.12359550561798
"WFH","citrix",1,356,0.280898876404494
"WFH","city",3,356,0.842696629213483
"WFH","claim",1,356,0.280898876404494
"WFH","clandestinely",2,356,0.561797752808989
"WFH","clarke",1,356,0.280898876404494
"WFH","classified",1,356,0.280898876404494
"WFH","classwork",1,356,0.280898876404494
"WFH","claude",1,356,0.280898876404494
"WFH","claw",1,356,0.280898876404494
"WFH","clean",3,356,0.842696629213483
"WFH","cleaner",1,356,0.280898876404494
"WFH","cleanly",1,356,0.280898876404494
"WFH","clever",1,356,0.280898876404494
"WFH","client",4,356,1.12359550561798
"WFH","clients",2,356,0.561797752808989
"WFH","clipart",1,356,0.280898876404494
"WFH","clock",1,356,0.280898876404494
"WFH","close",1,356,0.280898876404494
"WFH","closer",2,356,0.561797752808989
"WFH","closes",2,356,0.561797752808989
"WFH","closing",1,356,0.280898876404494
"WFH","closures",1,356,0.280898876404494
"WFH","clothes",1,356,0.280898876404494
"WFH","cloud",1,356,0.280898876404494
"WFH","cloudpeeps",1,356,0.280898876404494
"WFH","club",1,356,0.280898876404494
"WFH","cmon",1,356,0.280898876404494
"WFH","coach",1,356,0.280898876404494
"WFH","coast",1,356,0.280898876404494
"WFH","coding",1,356,0.280898876404494
"WFH","coffee",3,356,0.842696629213483
"WFH","coherence",1,356,0.280898876404494
"WFH","cohesion",1,356,0.280898876404494
"WFH","coincided",1,356,0.280898876404494
"WFH","col",1,356,0.280898876404494
"WFH","cola",1,356,0.280898876404494
"WFH","collaborative",1,356,0.280898876404494
"WFH","colleague",1,356,0.280898876404494
"WFH","colleauges",1,356,0.280898876404494
"WFH","collective",1,356,0.280898876404494
"WFH","collectivepower",1,356,0.280898876404494
"WFH","college",3,356,0.842696629213483
"WFH","collegefootball",1,356,0.280898876404494
"WFH","colocation",1,356,0.280898876404494
"WFH","colon",1,356,0.280898876404494
"WFH","combination",1,356,0.280898876404494
"WFH","combo",1,356,0.280898876404494
"WFH","comfort",1,356,0.280898876404494
"WFH","comfy",1,356,0.280898876404494
"WFH","coming",3,356,0.842696629213483
"WFH","comments",1,356,0.280898876404494
"WFH","commission",4,356,1.12359550561798
"WFH","commitments",2,356,0.561797752808989
"WFH","common",1,356,0.280898876404494
"WFH","communicate",1,356,0.280898876404494
"WFH","communication",1,356,0.280898876404494
"WFH","community",3,356,0.842696629213483
"WFH","commute",2,356,0.561797752808989
"WFH","commuter",2,356,0.561797752808989
"WFH","commutes",3,356,0.842696629213483
"WFH","commuting",4,356,1.12359550561798
"WFH","companies",8,356,2.24719101123596
"WFH","companion",1,356,0.280898876404494
"WFH","company",5,356,1.40449438202247
"WFH","compare",1,356,0.280898876404494
"WFH","compared",1,356,0.280898876404494
"WFH","compensation",3,356,0.842696629213483
"WFH","compete",1,356,0.280898876404494
"WFH","complaints",1,356,0.280898876404494
"WFH","complementarity",1,356,0.280898876404494
"WFH","complete",2,356,0.561797752808989
"WFH","completely",2,356,0.561797752808989
"WFH","compliance",1,356,0.280898876404494
"WFH","computing",1,356,0.280898876404494
"WFH","concentrate",1,356,0.280898876404494
"WFH","concern",2,356,0.561797752808989
"WFH","concrete",1,356,0.280898876404494
"WFH","confidentiality",1,356,0.280898876404494
"WFH","confirm",2,356,0.561797752808989
"WFH","congested",1,356,0.280898876404494
"WFH","congestion",1,356,0.280898876404494
"WFH","congress",1,356,0.280898876404494
"WFH","connect",2,356,0.561797752808989
"WFH","connects",1,356,0.280898876404494
"WFH","conservation",2,356,0.561797752808989
"WFH","conservatives",1,356,0.280898876404494
"WFH","considerably",1,356,0.280898876404494
"WFH","considered",1,356,0.280898876404494
"WFH","consistency",1,356,0.280898876404494
"WFH","consistent",2,356,0.561797752808989
"WFH","conspiratorial",1,356,0.280898876404494
"WFH","constant",1,356,0.280898876404494
"WFH","construction",1,356,0.280898876404494
"WFH","consult",1,356,0.280898876404494
"WFH","consumption",2,356,0.561797752808989
"WFH","contact",1,356,0.280898876404494
"WFH","contacts",1,356,0.280898876404494
"WFH","content",1,356,0.280898876404494
"WFH","contentmarketing",1,356,0.280898876404494
"WFH","continued",2,356,0.561797752808989
"WFH","contract",5,356,1.40449438202247
"WFH","contracts",4,356,1.12359550561798
"WFH","contributor",1,356,0.280898876404494
"WFH","control",1,356,0.280898876404494
"WFH","conundrum",1,356,0.280898876404494
"WFH","convenience",1,356,0.280898876404494
"WFH","conversation",2,356,0.561797752808989
"WFH","cook",1,356,0.280898876404494
"WFH","coordinator",1,356,0.280898876404494
"WFH","core",1,356,0.280898876404494
"WFH","corporate",8,356,2.24719101123596
"WFH","corporations",1,356,0.280898876404494
"WFH","corps",1,356,0.280898876404494
"WFH","corpse",1,356,0.280898876404494
"WFH","correct",1,356,0.280898876404494
"WFH","cost",6,356,1.68539325842697
"WFH","costs",8,356,2.24719101123596
"WFH","couch",1,356,0.280898876404494
"WFH","cough",1,356,0.280898876404494
"WFH","council",1,356,0.280898876404494
"WFH","counseling",1,356,0.280898876404494
"WFH","count",1,356,0.280898876404494
"WFH","countries",1,356,0.280898876404494
"WFH","country",5,356,1.40449438202247
"WFH","county",1,356,0.280898876404494
"WFH","coverage",1,356,0.280898876404494
"WFH","covering",1,356,0.280898876404494
"WFH","covers",3,356,0.842696629213483
"WFH","covid",8,356,2.24719101123596
"WFH","coworker",1,356,0.280898876404494
"WFH","coworkers",1,356,0.280898876404494
"WFH","crack",1,356,0.280898876404494
"WFH","crammed",1,356,0.280898876404494
"WFH","crash",1,356,0.280898876404494
"WFH","crazy",3,356,0.842696629213483
"WFH","crdt",1,356,0.280898876404494
"WFH","create",5,356,1.40449438202247
"WFH","created",1,356,0.280898876404494
"WFH","creative",1,356,0.280898876404494
"WFH","creativity",1,356,0.280898876404494
"WFH","credits",1,356,0.280898876404494
"WFH","creepier",1,356,0.280898876404494
"WFH","creeps",1,356,0.280898876404494
"WFH","criminal",1,356,0.280898876404494
"WFH","crisis",2,356,0.561797752808989
"WFH","cronyism",1,356,0.280898876404494
"WFH","crossed",1,356,0.280898876404494
"WFH","crossing",1,356,0.280898876404494
"WFH","crowded",1,356,0.280898876404494
"WFH","cubicles",1,356,0.280898876404494
"WFH","cuck",1,356,0.280898876404494
"WFH","cults",1,356,0.280898876404494
"WFH","culture",3,356,0.842696629213483
"WFH","currency",2,356,0.561797752808989
"WFH","current",4,356,1.12359550561798
"WFH","curse",1,356,0.280898876404494
"WFH","cursive",1,356,0.280898876404494
"WFH","customer",6,356,1.68539325842697
"WFH","customers",1,356,0.280898876404494
"WFH","customerservicerepresentative",4,356,1.12359550561798
"WFH","customize",1,356,0.280898876404494
"WFH","cut",2,356,0.561797752808989
"WFH","cuts",2,356,0.561797752808989
"WFH","cutter",1,356,0.280898876404494
"WFH","cuz",1,356,0.280898876404494
"WFH","cybersecurity",1,356,0.280898876404494
"WFH","cycling",2,356,0.561797752808989
"WFH","cynicism",1,356,0.280898876404494
"WFH","daily",5,356,1.40449438202247
"WFH","damaged",1,356,0.280898876404494
"WFH","dame",1,356,0.280898876404494
"WFH","danger",2,356,0.561797752808989
"WFH","dashboard",1,356,0.280898876404494
"WFH","data",7,356,1.96629213483146
"WFH","date",3,356,0.842696629213483
"WFH","dawn",1,356,0.280898876404494
"WFH","dawnwalker",1,356,0.280898876404494
"WFH","day",21,356,5.89887640449438
"WFH","days",10,356,2.80898876404494
"WFH","db",1,356,0.280898876404494
"WFH","deal",1,356,0.280898876404494
"WFH","dealt",1,356,0.280898876404494
"WFH","debate",1,356,0.280898876404494
"WFH","debating",1,356,0.280898876404494
"WFH","decade",2,356,0.561797752808989
"WFH","decades",5,356,1.40449438202247
"WFH","december",1,356,0.280898876404494
"WFH","decent",2,356,0.561797752808989
"WFH","decides",1,356,0.280898876404494
"WFH","decisions",2,356,0.561797752808989
"WFH","declines",1,356,0.280898876404494
"WFH","dedicated",1,356,0.280898876404494
"WFH","deep",2,356,0.561797752808989
"WFH","deepen",1,356,0.280898876404494
"WFH","deepest",1,356,0.280898876404494
"WFH","default",1,356,0.280898876404494
"WFH","degrees",1,356,0.280898876404494
"WFH","dei",2,356,0.561797752808989
"WFH","delivers",1,356,0.280898876404494
"WFH","demand",6,356,1.68539325842697
"WFH","demands",1,356,0.280898876404494
"WFH","demise",1,356,0.280898876404494
"WFH","democrats",1,356,0.280898876404494
"WFH","demonstrates",1,356,0.280898876404494
"WFH","demonstration",1,356,0.280898876404494
"WFH","departments",1,356,0.280898876404494
"WFH","dependent",1,356,0.280898876404494
"WFH","depends",1,356,0.280898876404494
"WFH","depressed",2,356,0.561797752808989
"WFH","depression",1,356,0.280898876404494
"WFH","design",3,356,0.842696629213483
"WFH","designated",1,356,0.280898876404494
"WFH","desire",1,356,0.280898876404494
"WFH","desk",4,356,1.12359550561798
"WFH","desktop",1,356,0.280898876404494
"WFH","desperate",1,356,0.280898876404494
"WFH","desperately",2,356,0.561797752808989
"WFH","destiny",1,356,0.280898876404494
"WFH","details",4,356,1.12359550561798
"WFH","detention",1,356,0.280898876404494
"WFH","determined",1,356,0.280898876404494
"WFH","detroit",1,356,0.280898876404494
"WFH","dev",1,356,0.280898876404494
"WFH","developer",1,356,0.280898876404494
"WFH","developers",1,356,0.280898876404494
"WFH","development",1,356,0.280898876404494
"WFH","device",1,356,0.280898876404494
"WFH","die",1,356,0.280898876404494
"WFH","difference",1,356,0.280898876404494
"WFH","difficult",2,356,0.561797752808989
"WFH","difficulty",1,356,0.280898876404494
"WFH","digital",6,356,1.68539325842697
"WFH","digitalmarketing",1,356,0.280898876404494
"WFH","digitalproducts",1,356,0.280898876404494
"WFH","dinner",1,356,0.280898876404494
"WFH","directions",1,356,0.280898876404494
"WFH","directly",1,356,0.280898876404494
"WFH","disability",2,356,0.561797752808989
"WFH","disabled",20,356,5.61797752808989
"WFH","disappear",1,356,0.280898876404494
"WFH","disappeared",1,356,0.280898876404494
"WFH","disappearing",1,356,0.280898876404494
"WFH","discarded",1,356,0.280898876404494
"WFH","disclosure",1,356,0.280898876404494
"WFH","discourse",1,356,0.280898876404494
"WFH","discover",2,356,0.561797752808989
"WFH","discovered",1,356,0.280898876404494
"WFH","discriminatory",1,356,0.280898876404494
"WFH","disparity",1,356,0.280898876404494
"WFH","dispersed",1,356,0.280898876404494
"WFH","disqualifies",1,356,0.280898876404494
"WFH","distance",3,356,0.842696629213483
"WFH","distributed",1,356,0.280898876404494
"WFH","dm",2,356,0.561797752808989
"WFH","dms",1,356,0.280898876404494
"WFH","doc",1,356,0.280898876404494
"WFH","docking",1,356,0.280898876404494
"WFH","doctor",2,356,0.561797752808989
"WFH","doctors",1,356,0.280898876404494
"WFH","dollars",1,356,0.280898876404494
"WFH","domestic",1,356,0.280898876404494
"WFH","domicile",2,356,0.561797752808989
"WFH","donations",1,356,0.280898876404494
"WFH","door",1,356,0.280898876404494
"WFH","double",1,356,0.280898876404494
"WFH","download",1,356,0.280898876404494
"WFH","downside",1,356,0.280898876404494
"WFH","downtowns",1,356,0.280898876404494
"WFH","dozens",2,356,0.561797752808989
"WFH","draft",1,356,0.280898876404494
"WFH","dragging",1,356,0.280898876404494
"WFH","drain",1,356,0.280898876404494
"WFH","drawings",1,356,0.280898876404494
"WFH","drawn",1,356,0.280898876404494
"WFH","dream",1,356,0.280898876404494
"WFH","dressing",1,356,0.280898876404494
"WFH","drink",2,356,0.561797752808989
"WFH","drive",5,356,1.40449438202247
"WFH","driving",1,356,0.280898876404494
"WFH","drone",1,356,0.280898876404494
"WFH","drones",1,356,0.280898876404494
"WFH","drops",1,356,0.280898876404494
"WFH","drug",1,356,0.280898876404494
"WFH","dry",1,356,0.280898876404494
"WFH","due",4,356,1.12359550561798
"WFH","duplicate",2,356,0.561797752808989
"WFH","duration",3,356,0.842696629213483
"WFH","dwindling",1,356,0.280898876404494
"WFH","dwts",1,356,0.280898876404494
"WFH","ea",1,356,0.280898876404494
"WFH","earn",8,356,2.24719101123596
"WFH","earned",1,356,0.280898876404494
"WFH","earning",1,356,0.280898876404494
"WFH","earnings",1,356,0.280898876404494
"WFH","ease",2,356,0.561797752808989
"WFH","easier",8,356,2.24719101123596
"WFH","easiest",1,356,0.280898876404494
"WFH","easily",1,356,0.280898876404494
"WFH","eastern",1,356,0.280898876404494
"WFH","easy",3,356,0.842696629213483
"WFH","ebikes",1,356,0.280898876404494
"WFH","economic",3,356,0.842696629213483
"WFH","economy",1,356,0.280898876404494
"WFH","ecp",1,356,0.280898876404494
"WFH","editor",1,356,0.280898876404494
"WFH","edr",1,356,0.280898876404494
"WFH","education",1,356,0.280898876404494
"WFH","effect",1,356,0.280898876404494
"WFH","effective",1,356,0.280898876404494
"WFH","effects",1,356,0.280898876404494
"WFH","efficiency",3,356,0.842696629213483
"WFH","efficient",1,356,0.280898876404494
"WFH","effort",1,356,0.280898876404494
"WFH","ei",1,356,0.280898876404494
"WFH","election",1,356,0.280898876404494
"WFH","electrification",1,356,0.280898876404494
"WFH","elevator",1,356,0.280898876404494
"WFH","eligibility",2,356,0.561797752808989
"WFH","eligible",1,356,0.280898876404494
"WFH","eliminated",1,356,0.280898876404494
"WFH","elon",1,356,0.280898876404494
"WFH","email",1,356,0.280898876404494
"WFH","emails",1,356,0.280898876404494
"WFH","embraced",1,356,0.280898876404494
"WFH","emergencyprep",1,356,0.280898876404494
"WFH","emissions",3,356,0.842696629213483
"WFH","emphasis",1,356,0.280898876404494
"WFH","empirical",1,356,0.280898876404494
"WFH","employed",1,356,0.280898876404494
"WFH","employee",3,356,0.842696629213483
"WFH","employees",11,356,3.08988764044944
"WFH","employer",3,356,0.842696629213483
"WFH","employers",6,356,1.68539325842697
"WFH","employment",9,356,2.52808988764045
"WFH","encourage",2,356,0.561797752808989
"WFH","encouraging",3,356,0.842696629213483
"WFH","encrypted",1,356,0.280898876404494
"WFH","endorsing",1,356,0.280898876404494
"WFH","endpoints",1,356,0.280898876404494
"WFH","energy",10,356,2.80898876404494
"WFH","enforcement",1,356,0.280898876404494
"WFH","engagement",1,356,0.280898876404494
"WFH","engineered",1,356,0.280898876404494
"WFH","engineering",2,356,0.561797752808989
"WFH","engineers",1,356,0.280898876404494
"WFH","english",2,356,0.561797752808989
"WFH","enjoy",3,356,0.842696629213483
"WFH","enrolled",1,356,0.280898876404494
"WFH","enrollment",1,356,0.280898876404494
"WFH","entered",1,356,0.280898876404494
"WFH","entertainment",1,356,0.280898876404494
"WFH","entice",1,356,0.280898876404494
"WFH","entrepreneurship",3,356,0.842696629213483
"WFH","entry",3,356,0.842696629213483
"WFH","environment",5,356,1.40449438202247
"WFH","epic",1,356,0.280898876404494
"WFH","epileptic",1,356,0.280898876404494
"WFH","epub",1,356,0.280898876404494
"WFH","equal",1,356,0.280898876404494
"WFH","equals",1,356,0.280898876404494
"WFH","equity",1,356,0.280898876404494
"WFH","equivalent",1,356,0.280898876404494
"WFH","era",2,356,0.561797752808989
"WFH","erbox",1,356,0.280898876404494
"WFH","erg",1,356,0.280898876404494
"WFH","ergopulse",1,356,0.280898876404494
"WFH","error",2,356,0.561797752808989
"WFH","escalation",1,356,0.280898876404494
"WFH","esp",1,356,0.280898876404494
"WFH","essence",1,356,0.280898876404494
"WFH","established",1,356,0.280898876404494
"WFH","ethos",1,356,0.280898876404494
"WFH","eur",1,356,0.280898876404494
"WFH","ev",1,356,0.280898876404494
"WFH","eve",1,356,0.280898876404494
"WFH","evenings",1,356,0.280898876404494
"WFH","events",1,356,0.280898876404494
"WFH","eventually",1,356,0.280898876404494
"WFH","eviction",1,356,0.280898876404494
"WFH","evidence",2,356,0.561797752808989
"WFH","evs",3,356,0.842696629213483
"WFH","excellent",6,356,1.68539325842697
"WFH","exchanges",1,356,0.280898876404494
"WFH","exciting",1,356,0.280898876404494
"WFH","excuse",1,356,0.280898876404494
"WFH","exempt",1,356,0.280898876404494
"WFH","exhausted",1,356,0.280898876404494
"WFH","exhaustion",1,356,0.280898876404494
"WFH","existing",2,356,0.561797752808989
"WFH","exodus",1,356,0.280898876404494
"WFH","expands",1,356,0.280898876404494
"WFH","expansion",1,356,0.280898876404494
"WFH","expat",1,356,0.280898876404494
"WFH","expected",3,356,0.842696629213483
"WFH","expense",2,356,0.561797752808989
"WFH","expensive",2,356,0.561797752808989
"WFH","experience",11,356,3.08988764044944
"WFH","experienced",2,356,0.561797752808989
"WFH","expert",3,356,0.842696629213483
"WFH","expertise",1,356,0.280898876404494
"WFH","explain",2,356,0.561797752808989
"WFH","explains",1,356,0.280898876404494
"WFH","exploits",1,356,0.280898876404494
"WFH","explore",1,356,0.280898876404494
"WFH","explored",1,356,0.280898876404494
"WFH","explores",1,356,0.280898876404494
"WFH","exposed",1,356,0.280898876404494
"WFH","exposure",1,356,0.280898876404494
"WFH","extent",1,356,0.280898876404494
"WFH","extra",12,356,3.37078651685393
"WFH","extreme",1,356,0.280898876404494
"WFH","eye",1,356,0.280898876404494
"WFH","fabric",1,356,0.280898876404494
"WFH","facing",1,356,0.280898876404494
"WFH","fail",1,356,0.280898876404494
"WFH","failed",1,356,0.280898876404494
"WFH","fake",1,356,0.280898876404494
"WFH","falling",1,356,0.280898876404494
"WFH","families",2,356,0.561797752808989
"WFH","family",1,356,0.280898876404494
"WFH","fanless",1,356,0.280898876404494
"WFH","fans",1,356,0.280898876404494
"WFH","fantasy",1,356,0.280898876404494
"WFH","fares",1,356,0.280898876404494
"WFH","farm",1,356,0.280898876404494
"WFH","farming",1,356,0.280898876404494
"WFH","faster",1,356,0.280898876404494
"WFH","fatal",1,356,0.280898876404494
"WFH","father",1,356,0.280898876404494
"WFH","fatigue",2,356,0.561797752808989
"WFH","favor",1,356,0.280898876404494
"WFH","fear",1,356,0.280898876404494
"WFH","feasibility",1,356,0.280898876404494
"WFH","feasible",1,356,0.280898876404494
"WFH","feature",1,356,0.280898876404494
"WFH","featured",1,356,0.280898876404494
"WFH","february",1,356,0.280898876404494
"WFH","federal",2,356,0.561797752808989
"WFH","feel",4,356,1.12359550561798
"WFH","feels",3,356,0.842696629213483
"WFH","fees",1,356,0.280898876404494
"WFH","fence",1,356,0.280898876404494
"WFH","festival",1,356,0.280898876404494
"WFH","fewer",2,356,0.561797752808989
"WFH","fiber",1,356,0.280898876404494
"WFH","fictional",2,356,0.561797752808989
"WFH","field",2,356,0.561797752808989
"WFH","fight",1,356,0.280898876404494
"WFH","fighting",1,356,0.280898876404494
"WFH","figured",1,356,0.280898876404494
"WFH","file",1,356,0.280898876404494
"WFH","filed",1,356,0.280898876404494
"WFH","fill",1,356,0.280898876404494
"WFH","filled",1,356,0.280898876404494
"WFH","filters",1,356,0.280898876404494
"WFH","filthy",1,356,0.280898876404494
"WFH","filtration",1,356,0.280898876404494
"WFH","final",1,356,0.280898876404494
"WFH","finally",4,356,1.12359550561798
"WFH","finance",1,356,0.280898876404494
"WFH","financial",2,356,0.561797752808989
"WFH","finding",3,356,0.842696629213483
"WFH","fine",4,356,1.12359550561798
"WFH","fingers",1,356,0.280898876404494
"WFH","finish",1,356,0.280898876404494
"WFH","finishing",1,356,0.280898876404494
"WFH","finland",1,356,0.280898876404494
"WFH","firm",1,356,0.280898876404494
"WFH","firms",1,356,0.280898876404494
"WFH","fix",1,356,0.280898876404494
"WFH","fixed",1,356,0.280898876404494
"WFH","flank",1,356,0.280898876404494
"WFH","flashing",1,356,0.280898876404494
"WFH","flats",1,356,0.280898876404494
"WFH","flesh",1,356,0.280898876404494
"WFH","flexibility",3,356,0.842696629213483
"WFH","flexible",6,356,1.68539325842697
"WFH","floodgates",1,356,0.280898876404494
"WFH","flourished",1,356,0.280898876404494
"WFH","fly",1,356,0.280898876404494
"WFH","fml",1,356,0.280898876404494
"WFH","focus",4,356,1.12359550561798
"WFH","focused",1,356,0.280898876404494
"WFH","foe",1,356,0.280898876404494
"WFH","fog",1,356,0.280898876404494
"WFH","foldable",1,356,0.280898876404494
"WFH","folks",5,356,1.40449438202247
"WFH","follow",2,356,0.561797752808989
"WFH","food",16,356,4.49438202247191
"WFH","foot",1,356,0.280898876404494
"WFH","football",2,356,0.561797752808989
"WFH","forced",2,356,0.561797752808989
"WFH","forcing",2,356,0.561797752808989
"WFH","forecasts",1,356,0.280898876404494
"WFH","foreign",1,356,0.280898876404494
"WFH","forget",2,356,0.561797752808989
"WFH","format",1,356,0.280898876404494
"WFH","fortune",1,356,0.280898876404494
"WFH","forward",1,356,0.280898876404494
"WFH","fosters",1,356,0.280898876404494
"WFH","fought",1,356,0.280898876404494
"WFH","found",3,356,0.842696629213483
"WFH","foundation",1,356,0.280898876404494
"WFH","founder",1,356,0.280898876404494
"WFH","francisco",1,356,0.280898876404494
"WFH","frat",1,356,0.280898876404494
"WFH","freak",1,356,0.280898876404494
"WFH","freaks",1,356,0.280898876404494
"WFH","free",7,356,1.96629213483146
"WFH","freelance",1,356,0.280898876404494
"WFH","freelancejobs",1,356,0.280898876404494
"WFH","freelancer",1,356,0.280898876404494
"WFH","freelancing",1,356,0.280898876404494
"WFH","freezer",1,356,0.280898876404494
"WFH","freshers",1,356,0.280898876404494
"WFH","friday",4,356,1.12359550561798
"WFH","fridays",1,356,0.280898876404494
"WFH","fridge",1,356,0.280898876404494
"WFH","friend",1,356,0.280898876404494
"WFH","friendly",2,356,0.561797752808989
"WFH","friends",1,356,0.280898876404494
"WFH","front",2,356,0.561797752808989
"WFH","frustrating",1,356,0.280898876404494
"WFH","ft",1,356,0.280898876404494
"WFH","fuck",3,356,0.842696629213483
"WFH","fuckin",1,356,0.280898876404494
"WFH","fucking",3,356,0.842696629213483
"WFH","fuel",5,356,1.40449438202247
"WFH","fuelled",1,356,0.280898876404494
"WFH","fuels",1,356,0.280898876404494
"WFH","fulltime",1,356,0.280898876404494
"WFH","fun",3,356,0.842696629213483
"WFH","funniest",1,356,0.280898876404494
"WFH","funny",3,356,0.842696629213483
"WFH","furniture",1,356,0.280898876404494
"WFH","furries",1,356,0.280898876404494
"WFH","future",2,356,0.561797752808989
"WFH","gadget",1,356,0.280898876404494
"WFH","gained",1,356,0.280898876404494
"WFH","game",4,356,1.12359550561798
"WFH","gamedev",1,356,0.280898876404494
"WFH","garage",1,356,0.280898876404494
"WFH","garagesalemysteries",1,356,0.280898876404494
"WFH","gas",10,356,2.80898876404494
"WFH","gasoline",4,356,1.12359550561798
"WFH","gay",1,356,0.280898876404494
"WFH","gear",1,356,0.280898876404494
"WFH","geebo",4,356,1.12359550561798
"WFH","gemini",1,356,0.280898876404494
"WFH","generation",1,356,0.280898876404494
"WFH","generations",1,356,0.280898876404494
"WFH","genres",1,356,0.280898876404494
"WFH","gens",1,356,0.280898876404494
"WFH","genuinely",1,356,0.280898876404494
"WFH","geography",1,356,0.280898876404494
"WFH","germany",1,356,0.280898876404494
"WFH","gerrymander",1,356,0.280898876404494
"WFH","getfedihired",1,356,0.280898876404494
"WFH","ghost",1,356,0.280898876404494
"WFH","gift",2,356,0.561797752808989
"WFH","girls",1,356,0.280898876404494
"WFH","giving",1,356,0.280898876404494
"WFH","global",5,356,1.40449438202247
"WFH","globetrotters",1,356,0.280898876404494
"WFH","glut",1,356,0.280898876404494
"WFH","gold",1,356,0.280898876404494
"WFH","gonna",4,356,1.12359550561798
"WFH","goodness",2,356,0.561797752808989
"WFH","google",3,356,0.842696629213483
"WFH","gotta",1,356,0.280898876404494
"WFH","gov",1,356,0.280898876404494
"WFH","government",5,356,1.40449438202247
"WFH","governments",1,356,0.280898876404494
"WFH","gradually",1,356,0.280898876404494
"WFH","graduates",1,356,0.280898876404494
"WFH","granblue",1,356,0.280898876404494
"WFH","granular",1,356,0.280898876404494
"WFH","graphic",1,356,0.280898876404494
"WFH","graphics",1,356,0.280898876404494
"WFH","grateful",1,356,0.280898876404494
"WFH","greedy",1,356,0.280898876404494
"WFH","green",1,356,0.280898876404494
"WFH","gregory",1,356,0.280898876404494
"WFH","grievance",1,356,0.280898876404494
"WFH","gross",1,356,0.280898876404494
"WFH","growing",1,356,0.280898876404494
"WFH","growth",3,356,0.842696629213483
"WFH","grumble",1,356,0.280898876404494
"WFH","gta",1,356,0.280898876404494
"WFH","guarantee",1,356,0.280898876404494
"WFH","guaranteed",1,356,0.280898876404494
"WFH","guard",1,356,0.280898876404494
"WFH","guards",1,356,0.280898876404494
"WFH","guess",6,356,1.68539325842697
"WFH","guessing",1,356,0.280898876404494
"WFH","guidance",1,356,0.280898876404494
"WFH","guide",5,356,1.40449438202247
"WFH","gunsmithing",1,356,0.280898876404494
"WFH","guy",1,356,0.280898876404494
"WFH","guys",1,356,0.280898876404494
"WFH","gw",1,356,0.280898876404494
"WFH","ha",1,356,0.280898876404494
"WFH","habits",1,356,0.280898876404494
"WFH","hacking",1,356,0.280898876404494
"WFH","hag",1,356,0.280898876404494
"WFH","haha",1,356,0.280898876404494
"WFH","hahaha",3,356,0.842696629213483
"WFH","hahahahaha",1,356,0.280898876404494
"WFH","hahahahahahaha",1,356,0.280898876404494
"WFH","hailed",1,356,0.280898876404494
"WFH","half",2,356,0.561797752808989
"WFH","hallmark",1,356,0.280898876404494
"WFH","hamburg",2,356,0.561797752808989
"WFH","hand",1,356,0.280898876404494
"WFH","handle",2,356,0.561797752808989
"WFH","handled",2,356,0.561797752808989
"WFH","handoffs",3,356,0.842696629213483
"WFH","handwringing",1,356,0.280898876404494
"WFH","happen",5,356,1.40449438202247
"WFH","happened",4,356,1.12359550561798
"WFH","happier",1,356,0.280898876404494
"WFH","happily",1,356,0.280898876404494
"WFH","happy",1,356,0.280898876404494
"WFH","hard",2,356,0.561797752808989
"WFH","harder",2,356,0.561797752808989
"WFH","hate",3,356,0.842696629213483
"WFH","hats",1,356,0.280898876404494
"WFH","headline",1,356,0.280898876404494
"WFH","heads",1,356,0.280898876404494
"WFH","health",6,356,1.68539325842697
"WFH","healthcare",2,356,0.561797752808989
"WFH","heart",2,356,0.561797752808989
"WFH","heavily",1,356,0.280898876404494
"WFH","heavy",1,356,0.280898876404494
"WFH","heel",1,356,0.280898876404494
"WFH","hell",1,356,0.280898876404494
"WFH","helped",2,356,0.561797752808989
"WFH","helping",1,356,0.280898876404494
"WFH","helps",6,356,1.68539325842697
"WFH","hero",1,356,0.280898876404494
"WFH","hey",1,356,0.280898876404494
"WFH","highways",1,356,0.280898876404494
"WFH","hilarious",1,356,0.280898876404494
"WFH","hired",2,356,0.561797752808989
"WFH","hiring",13,356,3.65168539325843
"WFH","hispanic",1,356,0.280898876404494
"WFH","historically",1,356,0.280898876404494
"WFH","hit",2,356,0.561797752808989
"WFH","hits",1,356,0.280898876404494
"WFH","hold",3,356,0.842696629213483
"WFH","holds",1,356,0.280898876404494
"WFH","homeless",16,356,4.49438202247191
"WFH","homelessness",1,356,0.280898876404494
"WFH","homes",1,356,0.280898876404494
"WFH","honest",1,356,0.280898876404494
"WFH","honestly",2,356,0.561797752808989
"WFH","hook",1,356,0.280898876404494
"WFH","hope",3,356,0.842696629213483
"WFH","hopeless",1,356,0.280898876404494
"WFH","hopes",1,356,0.280898876404494
"WFH","hoping",1,356,0.280898876404494
"WFH","horse",1,356,0.280898876404494
"WFH","hospital",2,356,0.561797752808989
"WFH","host",1,356,0.280898876404494
"WFH","hosting",1,356,0.280898876404494
"WFH","hot",2,356,0.561797752808989
"WFH","hour",9,356,2.52808988764045
"WFH","hourly",1,356,0.280898876404494
"WFH","hours",11,356,3.08988764044944
"WFH","house",5,356,1.40449438202247
"WFH","housebound",1,356,0.280898876404494
"WFH","housed",1,356,0.280898876404494
"WFH","houses",1,356,0.280898876404494
"WFH","housing",1,356,0.280898876404494
"WFH","hr",2,356,0.561797752808989
"WFH","hrs",2,356,0.561797752808989
"WFH","hub",2,356,0.561797752808989
"WFH","huge",2,356,0.561797752808989
"WFH","human",1,356,0.280898876404494
"WFH","humanity",1,356,0.280898876404494
"WFH","humanoid",1,356,0.280898876404494
"WFH","humans",1,356,0.280898876404494
"WFH","hunger",1,356,0.280898876404494
"WFH","hunting",3,356,0.842696629213483
"WFH","hurt",1,356,0.280898876404494
"WFH","hustle",1,356,0.280898876404494
"WFH","hustles",2,356,0.561797752808989
"WFH","hybrid",6,356,1.68539325842697
"WFH","hybridwork",1,356,0.280898876404494
"WFH","hype",1,356,0.280898876404494
"WFH","hyper",1,356,0.280898876404494
"WFH","hyperscalers",1,356,0.280898876404494
"WFH","hypocrisy",1,356,0.280898876404494
"WFH","hypothetically",1,356,0.280898876404494
"WFH","ice",2,356,0.561797752808989
"WFH","iced",1,356,0.280898876404494
"WFH","idea",2,356,0.561797752808989
"WFH","ideal",1,356,0.280898876404494
"WFH","ideas",1,356,0.280898876404494
"WFH","idk",2,356,0.561797752808989
"WFH","ignore",2,356,0.561797752808989
"WFH","iheartfestival",1,356,0.280898876404494
"WFH","iheartradio",1,356,0.280898876404494
"WFH","ikea",1,356,0.280898876404494
"WFH","ill",17,356,4.7752808988764
"WFH","illness",1,356,0.280898876404494
"WFH","im",3,356,0.842696629213483
"WFH","image",3,356,0.842696629213483
"WFH","imagery",1,356,0.280898876404494
"WFH","immensely",1,356,0.280898876404494
"WFH","imo",2,356,0.561797752808989
"WFH","impact",1,356,0.280898876404494
"WFH","implementing",2,356,0.561797752808989
"WFH","impossible",1,356,0.280898876404494
"WFH","improve",2,356,0.561797752808989
"WFH","improvements",1,356,0.280898876404494
"WFH","improving",1,356,0.280898876404494
"WFH","incarcerated",1,356,0.280898876404494
"WFH","incentives",1,356,0.280898876404494
"WFH","incentivize",1,356,0.280898876404494
"WFH","include",4,356,1.12359550561798
"WFH","included",1,356,0.280898876404494
"WFH","including",2,356,0.561797752808989
"WFH","income",5,356,1.40449438202247
"WFH","increase",1,356,0.280898876404494
"WFH","increases",1,356,0.280898876404494
"WFH","increasing",1,356,0.280898876404494
"WFH","indie",1,356,0.280898876404494
"WFH","indignant",1,356,0.280898876404494
"WFH","individuals",3,356,0.842696629213483
"WFH","indoors",2,356,0.561797752808989
"WFH","industries",1,356,0.280898876404494
"WFH","industry",2,356,0.561797752808989
"WFH","inefficient",1,356,0.280898876404494
"WFH","inequality",1,356,0.280898876404494
"WFH","influencing",1,356,0.280898876404494
"WFH","info",1,356,0.280898876404494
"WFH","informed",1,356,0.280898876404494
"WFH","infrastructure",2,356,0.561797752808989
"WFH","infuriating",1,356,0.280898876404494
"WFH","ingalls",1,356,0.280898876404494
"WFH","inhabit",1,356,0.280898876404494
"WFH","inkstone",1,356,0.280898876404494
"WFH","innovation",3,356,0.842696629213483
"WFH","inquiries",1,356,0.280898876404494
"WFH","inside",1,356,0.280898876404494
"WFH","insist",1,356,0.280898876404494
"WFH","inspiration",1,356,0.280898876404494
"WFH","inspiring",1,356,0.280898876404494
"WFH","instant",1,356,0.280898876404494
"WFH","insulting",1,356,0.280898876404494
"WFH","insurance",2,356,0.561797752808989
"WFH","integral",1,356,0.280898876404494
"WFH","intelligence",1,356,0.280898876404494
"WFH","intelligent",1,356,0.280898876404494
"WFH","intensive",1,356,0.280898876404494
"WFH","interacting",1,356,0.280898876404494
"WFH","interaction",2,356,0.561797752808989
"WFH","interactions",1,356,0.280898876404494
"WFH","interface",1,356,0.280898876404494
"WFH","intern",1,356,0.280898876404494
"WFH","international",1,356,0.280898876404494
"WFH","internationally",1,356,0.280898876404494
"WFH","internship",1,356,0.280898876404494
"WFH","internships",1,356,0.280898876404494
"WFH","interview",1,356,0.280898876404494
"WFH","interviewed",1,356,0.280898876404494
"WFH","interviews",3,356,0.842696629213483
"WFH","introvert",1,356,0.280898876404494
"WFH","invented",1,356,0.280898876404494
"WFH","investment",1,356,0.280898876404494
"WFH","investors",1,356,0.280898876404494
"WFH","invite",1,356,0.280898876404494
"WFH","invoicing",1,356,0.280898876404494
"WFH","ip",2,356,0.561797752808989
"WFH","iran",1,356,0.280898876404494
"WFH","iranian",2,356,0.561797752808989
"WFH","irl",1,356,0.280898876404494
"WFH","isekai",1,356,0.280898876404494
"WFH","isnt",1,356,0.280898876404494
"WFH","isolation",1,356,0.280898876404494
"WFH","issue",1,356,0.280898876404494
"WFH","istanbul",1,356,0.280898876404494
"WFH","january",2,356,0.561797752808989
"WFH","japan",2,356,0.561797752808989
"WFH","jazeera",1,356,0.280898876404494
"WFH","jedi",1,356,0.280898876404494
"WFH","jenn",1,356,0.280898876404494
"WFH","jesus",1,356,0.280898876404494
"WFH","job",33,356,9.26966292134832
"WFH","jobhunting",1,356,0.280898876404494
"WFH","jobs",29,356,8.14606741573034
"WFH","john",1,356,0.280898876404494
"WFH","johnson",1,356,0.280898876404494
"WFH","join",3,356,0.842696629213483
"WFH","judging",1,356,0.280898876404494
"WFH","judgment",1,356,0.280898876404494
"WFH","jungle",1,356,0.280898876404494
"WFH","kamrui",1,356,0.280898876404494
"WFH","keen",1,356,0.280898876404494
"WFH","kicking",1,356,0.280898876404494
"WFH","kicks",1,356,0.280898876404494
"WFH","kid",1,356,0.280898876404494
"WFH","kids",3,356,0.842696629213483
"WFH","killed",1,356,0.280898876404494
"WFH","killing",1,356,0.280898876404494
"WFH","kinda",1,356,0.280898876404494
"WFH","kitchen",2,356,0.561797752808989
"WFH","kn",1,356,0.280898876404494
"WFH","knowing",3,356,0.842696629213483
"WFH","knowledge",1,356,0.280898876404494
"WFH","korea",3,356,0.842696629213483
"WFH","kpi",1,356,0.280898876404494
"WFH","kruase",1,356,0.280898876404494
"WFH","kryptonite",1,356,0.280898876404494
"WFH","kun",1,356,0.280898876404494
"WFH","la",2,356,0.561797752808989
"WFH","label",3,356,0.842696629213483
"WFH","labor",1,356,0.280898876404494
"WFH","lacking",1,356,0.280898876404494
"WFH","lacks",1,356,0.280898876404494
"WFH","lady",1,356,0.280898876404494
"WFH","laid",1,356,0.280898876404494
"WFH","lan",1,356,0.280898876404494
"WFH","land",1,356,0.280898876404494
"WFH","landlords",1,356,0.280898876404494
"WFH","landscape",1,356,0.280898876404494
"WFH","lanes",3,356,0.842696629213483
"WFH","language",2,356,0.561797752808989
"WFH","laptop",1,356,0.280898876404494
"WFH","larger",1,356,0.280898876404494
"WFH","larping",1,356,0.280898876404494
"WFH","late",1,356,0.280898876404494
"WFH","latin",1,356,0.280898876404494
"WFH","launching",1,356,0.280898876404494
"WFH","law",1,356,0.280898876404494
"WFH","lay",2,356,0.561797752808989
"WFH","layoffs",2,356,0.561797752808989
"WFH","lazarus",1,356,0.280898876404494
"WFH","laze",1,356,0.280898876404494
"WFH","lazy",1,356,0.280898876404494
"WFH","ldap",1,356,0.280898876404494
"WFH","leader",1,356,0.280898876404494
"WFH","leaders",1,356,0.280898876404494
"WFH","leads",3,356,0.842696629213483
"WFH","leaking",1,356,0.280898876404494
"WFH","learn",3,356,0.842696629213483
"WFH","learning",1,356,0.280898876404494
"WFH","leavd",1,356,0.280898876404494
"WFH","leave",4,356,1.12359550561798
"WFH","leaves",1,356,0.280898876404494
"WFH","left",3,356,0.842696629213483
"WFH","leg",1,356,0.280898876404494
"WFH","legacy",1,356,0.280898876404494
"WFH","legally",1,356,0.280898876404494
"WFH","legit",1,356,0.280898876404494
"WFH","legitimate",2,356,0.561797752808989
"WFH","legitimately",2,356,0.561797752808989
"WFH","lesser",1,356,0.280898876404494
"WFH","letting",1,356,0.280898876404494
"WFH","level",3,356,0.842696629213483
"WFH","leverage",2,356,0.561797752808989
"WFH","liam",1,356,0.280898876404494
"WFH","lied",1,356,0.280898876404494
"WFH","life",4,356,1.12359550561798
"WFH","lifestyle",1,356,0.280898876404494
"WFH","lifetimes",1,356,0.280898876404494
"WFH","lift",1,356,0.280898876404494
"WFH","lifting",1,356,0.280898876404494
"WFH","light",1,356,0.280898876404494
"WFH","lighting",1,356,0.280898876404494
"WFH","liking",1,356,0.280898876404494
"WFH","limiting",1,356,0.280898876404494
"WFH","limits",1,356,0.280898876404494
"WFH","line",1,356,0.280898876404494
"WFH","link",2,356,0.561797752808989
"WFH","links",1,356,0.280898876404494
"WFH","listed",1,356,0.280898876404494
"WFH","listening",1,356,0.280898876404494
"WFH","listing",1,356,0.280898876404494
"WFH","listings",1,356,0.280898876404494
"WFH","lists",1,356,0.280898876404494
"WFH","literal",1,356,0.280898876404494
"WFH","literally",2,356,0.561797752808989
"WFH","livable",1,356,0.280898876404494
"WFH","live",11,356,3.08988764044944
"WFH","lived",1,356,0.280898876404494
"WFH","lives",1,356,0.280898876404494
"WFH","living",8,356,2.24719101123596
"WFH","llc",1,356,0.280898876404494
"WFH","lmk",1,356,0.280898876404494
"WFH","local",5,356,1.40449438202247
"WFH","location",4,356,1.12359550561798
"WFH","locked",1,356,0.280898876404494
"WFH","locktober",1,356,0.280898876404494
"WFH","log",1,356,0.280898876404494
"WFH","logo",1,356,0.280898876404494
"WFH","lol",4,356,1.12359550561798
"WFH","loneliness",1,356,0.280898876404494
"WFH","longtime",1,356,0.280898876404494
"WFH","lookin",1,356,0.280898876404494
"WFH","loophole",1,356,0.280898876404494
"WFH","loops",1,356,0.280898876404494
"WFH","loosened",1,356,0.280898876404494
"WFH","loosing",1,356,0.280898876404494
"WFH","los",1,356,0.280898876404494
"WFH","lose",1,356,0.280898876404494
"WFH","losers",1,356,0.280898876404494
"WFH","losing",1,356,0.280898876404494
"WFH","loss",1,356,0.280898876404494
"WFH","lost",4,356,1.12359550561798
"WFH","lot",8,356,2.24719101123596
"WFH","lots",13,356,3.65168539325843
"WFH","louisville",1,356,0.280898876404494
"WFH","love",4,356,1.12359550561798
"WFH","low",3,356,0.842696629213483
"WFH","lower",8,356,2.24719101123596
"WFH","lowered",1,356,0.280898876404494
"WFH","lsu",1,356,0.280898876404494
"WFH","lucas",1,356,0.280898876404494
"WFH","luck",11,356,3.08988764044944
"WFH","lucky",2,356,0.561797752808989
"WFH","lunch",1,356,0.280898876404494
"WFH","lung",1,356,0.280898876404494
"WFH","macos",1,356,0.280898876404494
"WFH","maga",1,356,0.280898876404494
"WFH","maintaining",1,356,0.280898876404494
"WFH","major",1,356,0.280898876404494
"WFH","makes",4,356,1.12359550561798
"WFH","manage",5,356,1.40449438202247
"WFH","managed",2,356,0.561797752808989
"WFH","management",3,356,0.842696629213483
"WFH","manager",2,356,0.561797752808989
"WFH","managers",1,356,0.280898876404494
"WFH","managing",1,356,0.280898876404494
"WFH","mandate",2,356,0.561797752808989
"WFH","mandates",1,356,0.280898876404494
"WFH","mandatory",3,356,0.842696629213483
"WFH","manifest",1,356,0.280898876404494
"WFH","manufacture",1,356,0.280898876404494
"WFH","march",1,356,0.280898876404494
"WFH","marin",1,356,0.280898876404494
"WFH","market",3,356,0.842696629213483
"WFH","marketing",1,356,0.280898876404494
"WFH","markets",1,356,0.280898876404494
"WFH","markham",1,356,0.280898876404494
"WFH","mask",2,356,0.561797752808989
"WFH","masking",1,356,0.280898876404494
"WFH","mass",2,356,0.561797752808989
"WFH","massachusetts",1,356,0.280898876404494
"WFH","massive",1,356,0.280898876404494
"WFH","massively",1,356,0.280898876404494
"WFH","matcha",1,356,0.280898876404494
"WFH","matched",1,356,0.280898876404494
"WFH","matches",1,356,0.280898876404494
"WFH","matching",1,356,0.280898876404494
"WFH","matthew",1,356,0.280898876404494
"WFH","maximizes",1,356,0.280898876404494
"WFH","maximum",1,356,0.280898876404494
"WFH","mayor",1,356,0.280898876404494
"WFH","mci",1,356,0.280898876404494
"WFH","meadow",1,356,0.280898876404494
"WFH","meaningfully",1,356,0.280898876404494
"WFH","means",6,356,1.68539325842697
"WFH","measures",1,356,0.280898876404494
"WFH","mechanics",1,356,0.280898876404494
"WFH","mechanism",1,356,0.280898876404494
"WFH","media",4,356,1.12359550561798
"WFH","medications",1,356,0.280898876404494
"WFH","medicine",1,356,0.280898876404494
"WFH","meds",16,356,4.49438202247191
"WFH","meeting",6,356,1.68539325842697
"WFH","meetings",4,356,1.12359550561798
"WFH","meets",1,356,0.280898876404494
"WFH","mega",1,356,0.280898876404494
"WFH","memo",1,356,0.280898876404494
"WFH","mental",4,356,1.12359550561798
"WFH","mentally",1,356,0.280898876404494
"WFH","mentorship",1,356,0.280898876404494
"WFH","menu",1,356,0.280898876404494
"WFH","mercor",12,356,3.37078651685393
"WFH","metadata",1,356,0.280898876404494
"WFH","method",1,356,0.280898876404494
"WFH","metoo",1,356,0.280898876404494
"WFH","metric",1,356,0.280898876404494
"WFH","metros",1,356,0.280898876404494
"WFH","mexico",1,356,0.280898876404494
"WFH","michigan",1,356,0.280898876404494
"WFH","micro",1,356,0.280898876404494
"WFH","microwave",1,356,0.280898876404494
"WFH","middle",1,356,0.280898876404494
"WFH","midsize",1,356,0.280898876404494
"WFH","midwest",1,356,0.280898876404494
"WFH","migration",1,356,0.280898876404494
"WFH","migrationjobs",1,356,0.280898876404494
"WFH","mild",1,356,0.280898876404494
"WFH","mildly",1,356,0.280898876404494
"WFH","mile",1,356,0.280898876404494
"WFH","miles",1,356,0.280898876404494
"WFH","minds",1,356,0.280898876404494
"WFH","mine",1,356,0.280898876404494
"WFH","mini",4,356,1.12359550561798
"WFH","minimal",1,356,0.280898876404494
"WFH","ministers",1,356,0.280898876404494
"WFH","minor",1,356,0.280898876404494
"WFH","minute",2,356,0.561797752808989
"WFH","minutes",4,356,1.12359550561798
"WFH","misery",1,356,0.280898876404494
"WFH","miss",3,356,0.842696629213483
"WFH","missing",1,356,0.280898876404494
"WFH","mistake",1,356,0.280898876404494
"WFH","mitigate",1,356,0.280898876404494
"WFH","mllse",1,356,0.280898876404494
"WFH","mlms",1,356,0.280898876404494
"WFH","moana",1,356,0.280898876404494
"WFH","mobile",1,356,0.280898876404494
"WFH","mobility",1,356,0.280898876404494
"WFH","mode",1,356,0.280898876404494
"WFH","modeling",1,356,0.280898876404494
"WFH","models",1,356,0.280898876404494
"WFH","moderately",1,356,0.280898876404494
"WFH","modern",2,356,0.561797752808989
"WFH","modifications",1,356,0.280898876404494
"WFH","moment",1,356,0.280898876404494
"WFH","moments",1,356,0.280898876404494
"WFH","monday",3,356,0.842696629213483
"WFH","money",5,356,1.40449438202247
"WFH","month",6,356,1.68539325842697
"WFH","months",6,356,1.68539325842697
"WFH","montreal",1,356,0.280898876404494
"WFH","mood",1,356,0.280898876404494
"WFH","morgan",1,356,0.280898876404494
"WFH","morning",5,356,1.40449438202247
"WFH","moses",1,356,0.280898876404494
"WFH","mothers",1,356,0.280898876404494
"WFH","mountain",2,356,0.561797752808989
"WFH","mounting",1,356,0.280898876404494
"WFH","move",4,356,1.12359550561798
"WFH","moved",1,356,0.280898876404494
"WFH","movement",1,356,0.280898876404494
"WFH","moving",2,356,0.561797752808989
"WFH","mpi",1,356,0.280898876404494
"WFH","multifaceted",1,356,0.280898876404494
"WFH","multimodal",1,356,0.280898876404494
"WFH","multiple",1,356,0.280898876404494
"WFH","municipal",1,356,0.280898876404494
"WFH","museum",1,356,0.280898876404494
"WFH","music",1,356,0.280898876404494
"WFH","musk",1,356,0.280898876404494
"WFH","mutualaid",1,356,0.280898876404494
"WFH","mysteries",1,356,0.280898876404494
"WFH","nail",2,356,0.561797752808989
"WFH","nap",1,356,0.280898876404494
"WFH","nas",2,356,0.561797752808989
"WFH","nasty",1,356,0.280898876404494
"WFH","nations",1,356,0.280898876404494
"WFH","nato",1,356,0.280898876404494
"WFH","nearby",1,356,0.280898876404494
"WFH","neck",1,356,0.280898876404494
"WFH","negative",1,356,0.280898876404494
"WFH","negotiate",1,356,0.280898876404494
"WFH","neighbor",1,356,0.280898876404494
"WFH","neighbors",1,356,0.280898876404494
"WFH","nerd",1,356,0.280898876404494
"WFH","netherlands",2,356,0.561797752808989
"WFH","network",3,356,0.842696629213483
"WFH","networking",2,356,0.561797752808989
"WFH","networks",1,356,0.280898876404494
"WFH","neurodivergence",1,356,0.280898876404494
"WFH","neurodivergent",1,356,0.280898876404494
"WFH","neuroinclusivity",1,356,0.280898876404494
"WFH","neutral",1,356,0.280898876404494
"WFH","news",1,356,0.280898876404494
"WFH","nexus",2,356,0.561797752808989
"WFH","nice",3,356,0.842696629213483
"WFH","night",2,356,0.561797752808989
"WFH","nighter",1,356,0.280898876404494
"WFH","nightmare",1,356,0.280898876404494
"WFH","nih",1,356,0.280898876404494
"WFH","noise",2,356,0.561797752808989
"WFH","noncompliant",1,356,0.280898876404494
"WFH","nonprofitjobs",1,356,0.280898876404494
"WFH","nonprofits",1,356,0.280898876404494
"WFH","nonsense",1,356,0.280898876404494
"WFH","norm",1,356,0.280898876404494
"WFH","normal",2,356,0.561797752808989
"WFH","normalized",1,356,0.280898876404494
"WFH","north",2,356,0.561797752808989
"WFH","nose",1,356,0.280898876404494
"WFH","note",1,356,0.280898876404494
"WFH","notes",2,356,0.561797752808989
"WFH","noticed",1,356,0.280898876404494
"WFH","noting",1,356,0.280898876404494
"WFH","notion",4,356,1.12359550561798
"WFH","notre",1,356,0.280898876404494
"WFH","nowhiring",4,356,1.12359550561798
"WFH","nyc",1,356,0.280898876404494
"WFH","nz",1,356,0.280898876404494
"WFH","objective",1,356,0.280898876404494
"WFH","obsessive",1,356,0.280898876404494
"WFH","obtain",1,356,0.280898876404494
"WFH","occaisionally",1,356,0.280898876404494
"WFH","occasion",1,356,0.280898876404494
"WFH","oct",1,356,0.280898876404494
"WFH","october",1,356,0.280898876404494
"WFH","odd",2,356,0.561797752808989
"WFH","offer",3,356,0.842696629213483
"WFH","offgrid",1,356,0.280898876404494
"WFH","officers",1,356,0.280898876404494
"WFH","offices",4,356,1.12359550561798
"WFH","officially",2,356,0.561797752808989
"WFH","offline",1,356,0.280898876404494
"WFH","ohh",1,356,0.280898876404494
"WFH","oil",1,356,0.280898876404494
"WFH","ointment",1,356,0.280898876404494
"WFH","oklahoma",1,356,0.280898876404494
"WFH","ole",1,356,0.280898876404494
"WFH","online",4,356,1.12359550561798
"WFH","openai",1,356,0.280898876404494
"WFH","operates",1,356,0.280898876404494
"WFH","operators",1,356,0.280898876404494
"WFH","opinion",1,356,0.280898876404494
"WFH","opportunities",17,356,4.7752808988764
"WFH","opportunity",5,356,1.40449438202247
"WFH","optimize",1,356,0.280898876404494
"WFH","option",6,356,1.68539325842697
"WFH","options",2,356,0.561797752808989
"WFH","ordinance",1,356,0.280898876404494
"WFH","org",2,356,0.561797752808989
"WFH","organic",1,356,0.280898876404494
"WFH","organised",1,356,0.280898876404494
"WFH","organizational",2,356,0.561797752808989
"WFH","organize",1,356,0.280898876404494
"WFH","organized",1,356,0.280898876404494
"WFH","original",1,356,0.280898876404494
"WFH","originally",1,356,0.280898876404494
"WFH","os",5,356,1.40449438202247
"WFH","outages",1,356,0.280898876404494
"WFH","outdated",1,356,0.280898876404494
"WFH","outdoor",1,356,0.280898876404494
"WFH","outdoors",1,356,0.280898876404494
"WFH","outnumbered",1,356,0.280898876404494
"WFH","outsourced",1,356,0.280898876404494
"WFH","outsourcing",1,356,0.280898876404494
"WFH","oven",1,356,0.280898876404494
"WFH","overcrowding",1,356,0.280898876404494
"WFH","overheating",1,356,0.280898876404494
"WFH","overlap",1,356,0.280898876404494
"WFH","oversight",1,356,0.280898876404494
"WFH","overwork",1,356,0.280898876404494
"WFH","owned",1,356,0.280898876404494
"WFH","owns",1,356,0.280898876404494
"WFH","oz",1,356,0.280898876404494
"WFH","pack",1,356,0.280898876404494
"WFH","package",1,356,0.280898876404494
"WFH","packages",1,356,0.280898876404494
"WFH","packed",2,356,0.561797752808989
"WFH","padres",1,356,0.280898876404494
"WFH","paid",12,356,3.37078651685393
"WFH","pain",1,356,0.280898876404494
"WFH","paints",1,356,0.280898876404494
"WFH","pandemic",4,356,1.12359550561798
"WFH","panels",1,356,0.280898876404494
"WFH","paradigm",1,356,0.280898876404494
"WFH","parenting",3,356,0.842696629213483
"WFH","parents",1,356,0.280898876404494
"WFH","parking",2,356,0.561797752808989
"WFH","participants",1,356,0.280898876404494
"WFH","parties",1,356,0.280898876404494
"WFH","partly",1,356,0.280898876404494
"WFH","partner",2,356,0.561797752808989
"WFH","partners",2,356,0.561797752808989
"WFH","past",1,356,0.280898876404494
"WFH","path",1,356,0.280898876404494
"WFH","patterns",3,356,0.842696629213483
"WFH","pay",10,356,2.80898876404494
"WFH","paycom",1,356,0.280898876404494
"WFH","paying",12,356,3.37078651685393
"WFH","payouts",1,356,0.280898876404494
"WFH","pays",2,356,0.561797752808989
"WFH","pc",1,356,0.280898876404494
"WFH","pcs",2,356,0.561797752808989
"WFH","pdf",1,356,0.280898876404494
"WFH","peak",1,356,0.280898876404494
"WFH","pennsylvania",1,356,0.280898876404494
"WFH","pensions",1,356,0.280898876404494
"WFH","pentium",1,356,0.280898876404494
"WFH","people",25,356,7.02247191011236
"WFH","perceive",1,356,0.280898876404494
"WFH","perfectly",1,356,0.280898876404494
"WFH","peripherals",1,356,0.280898876404494
"WFH","permanent",2,356,0.561797752808989
"WFH","permission",1,356,0.280898876404494
"WFH","persists",1,356,0.280898876404494
"WFH","person",6,356,1.68539325842697
"WFH","petition",1,356,0.280898876404494
"WFH","petroleum",1,356,0.280898876404494
"WFH","pfsense",1,356,0.280898876404494
"WFH","phew",1,356,0.280898876404494
"WFH","phones",1,356,0.280898876404494
"WFH","photo",2,356,0.561797752808989
"WFH","photography",1,356,0.280898876404494
"WFH","physical",2,356,0.561797752808989
"WFH","physically",1,356,0.280898876404494
"WFH","pickle",1,356,0.280898876404494
"WFH","piece",1,356,0.280898876404494
"WFH","pig",2,356,0.561797752808989
"WFH","pilled",1,356,0.280898876404494
"WFH","pilot",1,356,0.280898876404494
"WFH","plan",5,356,1.40449438202247
"WFH","planet",2,356,0.561797752808989
"WFH","plate",1,356,0.280898876404494
"WFH","platform",1,356,0.280898876404494
"WFH","platforms",1,356,0.280898876404494
"WFH","play",2,356,0.561797752808989
"WFH","played",1,356,0.280898876404494
"WFH","playing",2,356,0.561797752808989
"WFH","pleasantly",1,356,0.280898876404494
"WFH","pls",16,356,4.49438202247191
"WFH","pluma",1,356,0.280898876404494
"WFH","plz",1,356,0.280898876404494
"WFH","police",1,356,0.280898876404494
"WFH","policies",4,356,1.12359550561798
"WFH","policy",3,356,0.842696629213483
"WFH","policyjobs",1,356,0.280898876404494
"WFH","polish",1,356,0.280898876404494
"WFH","political",1,356,0.280898876404494
"WFH","pollution",1,356,0.280898876404494
"WFH","pooling",1,356,0.280898876404494
"WFH","poor",1,356,0.280898876404494
"WFH","popular",1,356,0.280898876404494
"WFH","popularized",1,356,0.280898876404494
"WFH","portablepower",1,356,0.280898876404494
"WFH","portfolio",2,356,0.561797752808989
"WFH","portugal",1,356,0.280898876404494
"WFH","posh",1,356,0.280898876404494
"WFH","position",6,356,1.68539325842697
"WFH","positions",5,356,1.40449438202247
"WFH","positive",1,356,0.280898876404494
"WFH","possibly",2,356,0.561797752808989
"WFH","post",7,356,1.96629213483146
"WFH","posted",2,356,0.561797752808989
"WFH","posting",3,356,0.842696629213483
"WFH","postings",2,356,0.561797752808989
"WFH","posture",1,356,0.280898876404494
"WFH","potential",1,356,0.280898876404494
"WFH","potentially",1,356,0.280898876404494
"WFH","pounds",1,356,0.280898876404494
"WFH","power",1,356,0.280898876404494
"WFH","powermanagement",1,356,0.280898876404494
"WFH","powertofly",1,356,0.280898876404494
"WFH","ppl",16,356,4.49438202247191
"WFH","practice",1,356,0.280898876404494
"WFH","pre",1,356,0.280898876404494
"WFH","predicts",1,356,0.280898876404494
"WFH","prefer",1,356,0.280898876404494
"WFH","preferred",1,356,0.280898876404494
"WFH","prep",1,356,0.280898876404494
"WFH","prepared",1,356,0.280898876404494
"WFH","preparedness",1,356,0.280898876404494
"WFH","prepares",1,356,0.280898876404494
"WFH","presence",3,356,0.842696629213483
"WFH","president",1,356,0.280898876404494
"WFH","pressing",1,356,0.280898876404494
"WFH","pressure",1,356,0.280898876404494
"WFH","pretend",2,356,0.561797752808989
"WFH","pretty",2,356,0.561797752808989
"WFH","prevent",1,356,0.280898876404494
"WFH","previous",1,356,0.280898876404494
"WFH","price",1,356,0.280898876404494
"WFH","prices",6,356,1.68539325842697
"WFH","primary",2,356,0.561797752808989
"WFH","priorities",3,356,0.842696629213483
"WFH","priority",1,356,0.280898876404494
"WFH","prism",1,356,0.280898876404494
"WFH","prison",1,356,0.280898876404494
"WFH","private",2,356,0.561797752808989
"WFH","process",3,356,0.842696629213483
"WFH","processing",1,356,0.280898876404494
"WFH","productive",3,356,0.842696629213483
"WFH","productivity",11,356,3.08988764044944
"WFH","products",2,356,0.561797752808989
"WFH","professional",1,356,0.280898876404494
"WFH","professionals",2,356,0.561797752808989
"WFH","professor",1,356,0.280898876404494
"WFH","profile",1,356,0.280898876404494
"WFH","progenitors",1,356,0.280898876404494
"WFH","program",3,356,0.842696629213483
"WFH","programming",1,356,0.280898876404494
"WFH","progressive",1,356,0.280898876404494
"WFH","project",5,356,1.40449438202247
"WFH","projections",1,356,0.280898876404494
"WFH","projectmanagement",1,356,0.280898876404494
"WFH","projects",2,356,0.561797752808989
"WFH","promote",1,356,0.280898876404494
"WFH","promoting",1,356,0.280898876404494
"WFH","proof",2,356,0.561797752808989
"WFH","propaganda",1,356,0.280898876404494
"WFH","property",1,356,0.280898876404494
"WFH","proposal",1,356,0.280898876404494
"WFH","protect",3,356,0.842696629213483
"WFH","protections",3,356,0.842696629213483
"WFH","protests",1,356,0.280898876404494
"WFH","protocols",1,356,0.280898876404494
"WFH","proud",1,356,0.280898876404494
"WFH","prove",1,356,0.280898876404494
"WFH","proved",1,356,0.280898876404494
"WFH","proves",1,356,0.280898876404494
"WFH","provide",2,356,0.561797752808989
"WFH","provided",1,356,0.280898876404494
"WFH","provisions",2,356,0.561797752808989
"WFH","psychogeography",1,356,0.280898876404494
"WFH","psychological",1,356,0.280898876404494
"WFH","public",4,356,1.12359550561798
"WFH","publiclands",1,356,0.280898876404494
"WFH","pull",1,356,0.280898876404494
"WFH","pulling",1,356,0.280898876404494
"WFH","punishing",1,356,0.280898876404494
"WFH","pure",1,356,0.280898876404494
"WFH","push",2,356,0.561797752808989
"WFH","pushing",5,356,1.40449438202247
"WFH","pyrenees",1,356,0.280898876404494
"WFH","qa",2,356,0.561797752808989
"WFH","qc",1,356,0.280898876404494
"WFH","qs",16,356,4.49438202247191
"WFH","qualified",5,356,1.40449438202247
"WFH","qualifying",4,356,1.12359550561798
"WFH","quality",2,356,0.561797752808989
"WFH","quantum",1,356,0.280898876404494
"WFH","queer",1,356,0.280898876404494
"WFH","question",3,356,0.842696629213483
"WFH","questions",1,356,0.280898876404494
"WFH","quickly",1,356,0.280898876404494
"WFH","quiet",2,356,0.561797752808989
"WFH","quit",1,356,0.280898876404494
"WFH","race",1,356,0.280898876404494
"WFH","rail",1,356,0.280898876404494
"WFH","random",1,356,0.280898876404494
"WFH","randstad",1,356,0.280898876404494
"WFH","rare",1,356,0.280898876404494
"WFH","rate",3,356,0.842696629213483
"WFH","rates",1,356,0.280898876404494
"WFH","reach",4,356,1.12359550561798
"WFH","read",8,356,2.24719101123596
"WFH","reading",1,356,0.280898876404494
"WFH","ready",3,356,0.842696629213483
"WFH","real",14,356,3.93258426966292
"WFH","realistic",1,356,0.280898876404494
"WFH","realized",1,356,0.280898876404494
"WFH","reason",4,356,1.12359550561798
"WFH","reasonable",1,356,0.280898876404494
"WFH","reasons",2,356,0.561797752808989
"WFH","rebuilding",2,356,0.561797752808989
"WFH","recalled",1,356,0.280898876404494
"WFH","recap",1,356,0.280898876404494
"WFH","recapturing",1,356,0.280898876404494
"WFH","receipt",1,356,0.280898876404494
"WFH","recent",1,356,0.280898876404494
"WFH","recently",2,356,0.561797752808989
"WFH","record",1,356,0.280898876404494
"WFH","recover",13,356,3.65168539325843
"WFH","recovering",1,356,0.280898876404494
"WFH","recovery",1,356,0.280898876404494
"WFH","recreational",1,356,0.280898876404494
"WFH","recruiters",1,356,0.280898876404494
"WFH","recruiting",2,356,0.561797752808989
"WFH","recruitment",1,356,0.280898876404494
"WFH","recycles",1,356,0.280898876404494
"WFH","red",2,356,0.561797752808989
"WFH","reddit",1,356,0.280898876404494
"WFH","redefining",1,356,0.280898876404494
"WFH","reduce",4,356,1.12359550561798
"WFH","reduced",1,356,0.280898876404494
"WFH","reduces",1,356,0.280898876404494
"WFH","reduction",1,356,0.280898876404494
"WFH","reductive",1,356,0.280898876404494
"WFH","referral",1,356,0.280898876404494
"WFH","refresh",1,356,0.280898876404494
"WFH","regulation",1,356,0.280898876404494
"WFH","reimbursements",1,356,0.280898876404494
"WFH","reject",1,356,0.280898876404494
"WFH","related",1,356,0.280898876404494
"WFH","relationship",1,356,0.280898876404494
"WFH","relationships",1,356,0.280898876404494
"WFH","relearning",1,356,0.280898876404494
"WFH","relevant",1,356,0.280898876404494
"WFH","reliability",1,356,0.280898876404494
"WFH","reliable",2,356,0.561797752808989
"WFH","relief",1,356,0.280898876404494
"WFH","relocation",1,356,0.280898876404494
"WFH","remember",2,356,0.561797752808989
"WFH","remind",1,356,0.280898876404494
"WFH","remotehiring",1,356,0.280898876404494
"WFH","remotehub",1,356,0.280898876404494
"WFH","remotejobs",5,356,1.40449438202247
"WFH","remotely",3,356,0.842696629213483
"WFH","remoteworksa",1,356,0.280898876404494
"WFH","renewed",1,356,0.280898876404494
"WFH","rent",12,356,3.37078651685393
"WFH","renters",1,356,0.280898876404494
"WFH","repeated",1,356,0.280898876404494
"WFH","replace",1,356,0.280898876404494
"WFH","reply",1,356,0.280898876404494
"WFH","repopulate",1,356,0.280898876404494
"WFH","report",1,356,0.280898876404494
"WFH","reportedly",1,356,0.280898876404494
"WFH","reporting",2,356,0.561797752808989
"WFH","repost",1,356,0.280898876404494
"WFH","reposted",1,356,0.280898876404494
"WFH","representative",5,356,1.40449438202247
"WFH","representing",1,356,0.280898876404494
"WFH","republicans",1,356,0.280898876404494
"WFH","reqlly",1,356,0.280898876404494
"WFH","require",1,356,0.280898876404494
"WFH","required",2,356,0.561797752808989
"WFH","requirements",2,356,0.561797752808989
"WFH","requires",3,356,0.842696629213483
"WFH","rescind",1,356,0.280898876404494
"WFH","research",2,356,0.561797752808989
"WFH","researching",1,356,0.280898876404494
"WFH","resent",1,356,0.280898876404494
"WFH","reshaping",2,356,0.561797752808989
"WFH","reshares",1,356,0.280898876404494
"WFH","residential",1,356,0.280898876404494
"WFH","resources",4,356,1.12359550561798
"WFH","response",1,356,0.280898876404494
"WFH","restore",1,356,0.280898876404494
"WFH","restrictions",1,356,0.280898876404494
"WFH","resulted",1,356,0.280898876404494
"WFH","resume",2,356,0.561797752808989
"WFH","returning",2,356,0.561797752808989
"WFH","reverse",1,356,0.280898876404494
"WFH","review",3,356,0.842696629213483
"WFH","reviews",1,356,0.280898876404494
"WFH","revolutionary",1,356,0.280898876404494
"WFH","revues",1,356,0.280898876404494
"WFH","rich",3,356,0.842696629213483
"WFH","ride",1,356,0.280898876404494
"WFH","ridership",1,356,0.280898876404494
"WFH","rights",2,356,0.561797752808989
"WFH","ripple",1,356,0.280898876404494
"WFH","rise",3,356,0.842696629213483
"WFH","rising",1,356,0.280898876404494
"WFH","risks",1,356,0.280898876404494
"WFH","rmap",2,356,0.561797752808989
"WFH","rn",4,356,1.12359550561798
"WFH","road",1,356,0.280898876404494
"WFH","roads",3,356,0.842696629213483
"WFH","robot",2,356,0.561797752808989
"WFH","robots",3,356,0.842696629213483
"WFH","robust",1,356,0.280898876404494
"WFH","role",3,356,0.842696629213483
"WFH","roles",4,356,1.12359550561798
"WFH","roof",1,356,0.280898876404494
"WFH","rosco",1,356,0.280898876404494
"WFH","roses",1,356,0.280898876404494
"WFH","rot",1,356,0.280898876404494
"WFH","rotation",1,356,0.280898876404494
"WFH","rotting",1,356,0.280898876404494
"WFH","roundup",1,356,0.280898876404494
"WFH","router",1,356,0.280898876404494
"WFH","routine",1,356,0.280898876404494
"WFH","rs",16,356,4.49438202247191
"WFH","rubbing",1,356,0.280898876404494
"WFH","run",2,356,0.561797752808989
"WFH","runs",2,356,0.561797752808989
"WFH","rural",3,356,0.842696629213483
"WFH","ryzen",1,356,0.280898876404494
"WFH","sa",2,356,0.561797752808989
"WFH","sabbatical",1,356,0.280898876404494
"WFH","sadly",2,356,0.561797752808989
"WFH","safe",11,356,3.08988764044944
"WFH","safely",2,356,0.561797752808989
"WFH","safer",2,356,0.561797752808989
"WFH","safety",6,356,1.68539325842697
"WFH","sai",1,356,0.280898876404494
"WFH","saic",1,356,0.280898876404494
"WFH","salaried",1,356,0.280898876404494
"WFH","salary",4,356,1.12359550561798
"WFH","sale",2,356,0.561797752808989
"WFH","sales",6,356,1.68539325842697
"WFH","salesforce",1,356,0.280898876404494
"WFH","sample",3,356,0.842696629213483
"WFH","samples",1,356,0.280898876404494
"WFH","san",1,356,0.280898876404494
"WFH","sanctions",1,356,0.280898876404494
"WFH","sanity",2,356,0.561797752808989
"WFH","sat",1,356,0.280898876404494
"WFH","saturday",1,356,0.280898876404494
"WFH","save",7,356,1.96629213483146
"WFH","saves",1,356,0.280898876404494
"WFH","saving",1,356,0.280898876404494
"WFH","scales",1,356,0.280898876404494
"WFH","scam",1,356,0.280898876404494
"WFH","scams",1,356,0.280898876404494
"WFH","scared",1,356,0.280898876404494
"WFH","scary",1,356,0.280898876404494
"WFH","scattered",2,356,0.561797752808989
"WFH","schedule",3,356,0.842696629213483
"WFH","scheduling",1,356,0.280898876404494
"WFH","schmoozing",1,356,0.280898876404494
"WFH","school",4,356,1.12359550561798
"WFH","schools",1,356,0.280898876404494
"WFH","science",2,356,0.561797752808989
"WFH","scientific",1,356,0.280898876404494
"WFH","scratch",1,356,0.280898876404494
"WFH","screen",2,356,0.561797752808989
"WFH","screens",1,356,0.280898876404494
"WFH","searched",1,356,0.280898876404494
"WFH","searching",2,356,0.561797752808989
"WFH","seasons",1,356,0.280898876404494
"WFH","seattle",2,356,0.561797752808989
"WFH","secret",2,356,0.561797752808989
"WFH","sectors",1,356,0.280898876404494
"WFH","secure",3,356,0.842696629213483
"WFH","security",3,356,0.842696629213483
"WFH","securityguards",1,356,0.280898876404494
"WFH","sedentary",1,356,0.280898876404494
"WFH","seek",3,356,0.842696629213483
"WFH","seeking",6,356,1.68539325842697
"WFH","senior",1,356,0.280898876404494
"WFH","sense",2,356,0.561797752808989
"WFH","seo",1,356,0.280898876404494
"WFH","sept",3,356,0.842696629213483
"WFH","september",2,356,0.561797752808989
"WFH","server",1,356,0.280898876404494
"WFH","servers",1,356,0.280898876404494
"WFH","service",7,356,1.96629213483146
"WFH","services",1,356,0.280898876404494
"WFH","session",1,356,0.280898876404494
"WFH","sessions",1,356,0.280898876404494
"WFH","set",1,356,0.280898876404494
"WFH","sets",1,356,0.280898876404494
"WFH","setting",2,356,0.561797752808989
"WFH","settled",1,356,0.280898876404494
"WFH","setup",2,356,0.561797752808989
"WFH","setups",2,356,0.561797752808989
"WFH","severely",2,356,0.561797752808989
"WFH","sex",1,356,0.280898876404494
"WFH","sf",1,356,0.280898876404494
"WFH","shaping",1,356,0.280898876404494
"WFH","share",2,356,0.561797752808989
"WFH","sharing",1,356,0.280898876404494
"WFH","shelf",1,356,0.280898876404494
"WFH","shelter",2,356,0.561797752808989
"WFH","shift",5,356,1.40449438202247
"WFH","shifted",1,356,0.280898876404494
"WFH","shipped",1,356,0.280898876404494
"WFH","shirley",1,356,0.280898876404494
"WFH","shit",5,356,1.40449438202247
"WFH","shitrix",1,356,0.280898876404494
"WFH","shitty",1,356,0.280898876404494
"WFH","shocked",1,356,0.280898876404494
"WFH","shooting",1,356,0.280898876404494
"WFH","short",3,356,0.842696629213483
"WFH","shortages",2,356,0.561797752808989
"WFH","shortened",1,356,0.280898876404494
"WFH","shorts",1,356,0.280898876404494
"WFH","shutdown",1,356,0.280898876404494
"WFH","sic",1,356,0.280898876404494
"WFH","sick",3,356,0.842696629213483
"WFH","signal",1,356,0.280898876404494
"WFH","signature",1,356,0.280898876404494
"WFH","signed",1,356,0.280898876404494
"WFH","significant",2,356,0.561797752808989
"WFH","significantly",2,356,0.561797752808989
"WFH","silent",1,356,0.280898876404494
"WFH","silicon",1,356,0.280898876404494
"WFH","sim",1,356,0.280898876404494
"WFH","similar",4,356,1.12359550561798
"WFH","simply",2,356,0.561797752808989
"WFH","simulated",1,356,0.280898876404494
"WFH","sincere",1,356,0.280898876404494
"WFH","sincerity",1,356,0.280898876404494
"WFH","single",3,356,0.842696629213483
"WFH","sins",1,356,0.280898876404494
"WFH","site",3,356,0.842696629213483
"WFH","sitting",1,356,0.280898876404494
"WFH","situation",3,356,0.842696629213483
"WFH","size",2,356,0.561797752808989
"WFH","sketch",1,356,0.280898876404494
"WFH","skewed",1,356,0.280898876404494
"WFH","skill",2,356,0.561797752808989
"WFH","skilled",1,356,0.280898876404494
"WFH","skills",2,356,0.561797752808989
"WFH","sky",1,356,0.280898876404494
"WFH","sleep",3,356,0.842696629213483
"WFH","slight",1,356,0.280898876404494
"WFH","slow",1,356,0.280898876404494
"WFH","slowed",1,356,0.280898876404494
"WFH","sm",1,356,0.280898876404494
"WFH","smart",4,356,1.12359550561798
"WFH","smartphones",1,356,0.280898876404494
"WFH","smarttech",1,356,0.280898876404494
"WFH","smile",1,356,0.280898876404494
"WFH","smoke",2,356,0.561797752808989
"WFH","soc",1,356,0.280898876404494
"WFH","social",6,356,1.68539325842697
"WFH","socialmediamarketing",1,356,0.280898876404494
"WFH","software",3,356,0.842696629213483
"WFH","solar",3,356,0.842696629213483
"WFH","sold",2,356,0.561797752808989
"WFH","soldiers",1,356,0.280898876404494
"WFH","solitary",1,356,0.280898876404494
"WFH","solopreneur",1,356,0.280898876404494
"WFH","solution",1,356,0.280898876404494
"WFH","solutions",1,356,0.280898876404494
"WFH","solve",1,356,0.280898876404494
"WFH","sooo",1,356,0.280898876404494
"WFH","sop",1,356,0.280898876404494
"WFH","sort",3,356,0.842696629213483
"WFH","sounded",1,356,0.280898876404494
"WFH","source",2,356,0.561797752808989
"WFH","south",6,356,1.68539325842697
"WFH","southafrica",1,356,0.280898876404494
"WFH","space",2,356,0.561797752808989
"WFH","spaces",2,356,0.561797752808989
"WFH","sparked",1,356,0.280898876404494
"WFH","speak",1,356,0.280898876404494
"WFH","speaking",2,356,0.561797752808989
"WFH","special",1,356,0.280898876404494
"WFH","specialists",1,356,0.280898876404494
"WFH","specific",2,356,0.561797752808989
"WFH","speed",1,356,0.280898876404494
"WFH","spelled",1,356,0.280898876404494
"WFH","spend",3,356,0.842696629213483
"WFH","spending",1,356,0.280898876404494
"WFH","spent",2,356,0.561797752808989
"WFH","spikes",1,356,0.280898876404494
"WFH","spirits",1,356,0.280898876404494
"WFH","spoilers",1,356,0.280898876404494
"WFH","spread",1,356,0.280898876404494
"WFH","spreadsheet",1,356,0.280898876404494
"WFH","spring",1,356,0.280898876404494
"WFH","spyware",1,356,0.280898876404494
"WFH","stabbable",1,356,0.280898876404494
"WFH","stable",3,356,0.842696629213483
"WFH","stadium",1,356,0.280898876404494
"WFH","staff",6,356,1.68539325842697
"WFH","staffs",1,356,0.280898876404494
"WFH","stale",1,356,0.280898876404494
"WFH","stalkers",1,356,0.280898876404494
"WFH","standard",2,356,0.561797752808989
"WFH","standards",1,356,0.280898876404494
"WFH","stare",1,356,0.280898876404494
"WFH","start",8,356,2.24719101123596
"WFH","started",2,356,0.561797752808989
"WFH","starting",2,356,0.561797752808989
"WFH","startup",1,356,0.280898876404494
"WFH","startups",1,356,0.280898876404494
"WFH","stated",1,356,0.280898876404494
"WFH","static",1,356,0.280898876404494
"WFH","station",1,356,0.280898876404494
"WFH","status",1,356,0.280898876404494
"WFH","stay",3,356,0.842696629213483
"WFH","stayed",1,356,0.280898876404494
"WFH","steady",1,356,0.280898876404494
"WFH","steam",1,356,0.280898876404494
"WFH","steer",1,356,0.280898876404494
"WFH","step",3,356,0.842696629213483
"WFH","stepped",1,356,0.280898876404494
"WFH","steps",2,356,0.561797752808989
"WFH","sticks",1,356,0.280898876404494
"WFH","stigma",1,356,0.280898876404494
"WFH","stock",1,356,0.280898876404494
"WFH","stocked",1,356,0.280898876404494
"WFH","stop",1,356,0.280898876404494
"WFH","stops",1,356,0.280898876404494
"WFH","straight",1,356,0.280898876404494
"WFH","strain",1,356,0.280898876404494
"WFH","streaks",1,356,0.280898876404494
"WFH","streets",1,356,0.280898876404494
"WFH","strengths",1,356,0.280898876404494
"WFH","stress",3,356,0.842696629213483
"WFH","strict",1,356,0.280898876404494
"WFH","strike",1,356,0.280898876404494
"WFH","strikes",2,356,0.561797752808989
"WFH","stripmining",1,356,0.280898876404494
"WFH","strong",2,356,0.561797752808989
"WFH","structure",2,356,0.561797752808989
"WFH","struggle",1,356,0.280898876404494
"WFH","struggles",1,356,0.280898876404494
"WFH","stuck",3,356,0.842696629213483
"WFH","student",1,356,0.280898876404494
"WFH","studio",1,356,0.280898876404494
"WFH","studios",3,356,0.842696629213483
"WFH","study",5,356,1.40449438202247
"WFH","stuff",3,356,0.842696629213483
"WFH","stuffs",1,356,0.280898876404494
"WFH","submit",1,356,0.280898876404494
"WFH","suboptimal",1,356,0.280898876404494
"WFH","subscription",1,356,0.280898876404494
"WFH","subsidize",2,356,0.561797752808989
"WFH","subway",1,356,0.280898876404494
"WFH","success",1,356,0.280898876404494
"WFH","successful",1,356,0.280898876404494
"WFH","succinctly",1,356,0.280898876404494
"WFH","sudden",1,356,0.280898876404494
"WFH","suddenly",1,356,0.280898876404494
"WFH","suffers",1,356,0.280898876404494
"WFH","sufficiency",1,356,0.280898876404494
"WFH","suggestive",1,356,0.280898876404494
"WFH","suite",1,356,0.280898876404494
"WFH","suited",1,356,0.280898876404494
"WFH","summary",1,356,0.280898876404494
"WFH","sun",1,356,0.280898876404494
"WFH","sundays",1,356,0.280898876404494
"WFH","sunlight",1,356,0.280898876404494
"WFH","super",2,356,0.561797752808989
"WFH","supervision",1,356,0.280898876404494
"WFH","support",6,356,1.68539325842697
"WFH","supports",1,356,0.280898876404494
"WFH","surface",1,356,0.280898876404494
"WFH","surgeon",1,356,0.280898876404494
"WFH","surpassed",1,356,0.280898876404494
"WFH","surprsied",1,356,0.280898876404494
"WFH","surrounded",1,356,0.280898876404494
"WFH","survive",1,356,0.280898876404494
"WFH","suspect",1,356,0.280898876404494
"WFH","sustainable",1,356,0.280898876404494
"WFH","sustained",1,356,0.280898876404494
"WFH","sv",1,356,0.280898876404494
"WFH","swapped",1,356,0.280898876404494
"WFH","swear",1,356,0.280898876404494
"WFH","sweats",1,356,0.280898876404494
"WFH","swiftly",1,356,0.280898876404494
"WFH","sync",1,356,0.280898876404494
"WFH","synergy",1,356,0.280898876404494
"WFH","system",4,356,1.12359550561798
"WFH","systems",1,356,0.280898876404494
"WFH","tailor",1,356,0.280898876404494
"WFH","takes",1,356,0.280898876404494
"WFH","taking",1,356,0.280898876404494
"WFH","talent",1,356,0.280898876404494
"WFH","talk",1,356,0.280898876404494
"WFH","talking",1,356,0.280898876404494
"WFH","talks",1,356,0.280898876404494
"WFH","tangible",1,356,0.280898876404494
"WFH","target",2,356,0.561797752808989
"WFH","task",3,356,0.842696629213483
"WFH","tasks",4,356,1.12359550561798
"WFH","tati",7,356,1.96629213483146
"WFH","tax",3,356,0.842696629213483
"WFH","taxes",4,356,1.12359550561798
"WFH","taxpayers",1,356,0.280898876404494
"WFH","tbh",2,356,0.561797752808989
"WFH","tbilisi",1,356,0.280898876404494
"WFH","teach",2,356,0.561797752808989
"WFH","team",4,356,1.12359550561798
"WFH","teams",2,356,0.561797752808989
"WFH","tearing",1,356,0.280898876404494
"WFH","tech",11,356,3.08988764044944
"WFH","techies",1,356,0.280898876404494
"WFH","technically",1,356,0.280898876404494
"WFH","technology",1,356,0.280898876404494
"WFH","techstrike",1,356,0.280898876404494
"WFH","techtools",1,356,0.280898876404494
"WFH","teehee",1,356,0.280898876404494
"WFH","teens",1,356,0.280898876404494
"WFH","telecommunications",1,356,0.280898876404494
"WFH","telegram",1,356,0.280898876404494
"WFH","teleperformance",1,356,0.280898876404494
"WFH","teleworking",1,356,0.280898876404494
"WFH","telling",2,356,0.561797752808989
"WFH","template",2,356,0.561797752808989
"WFH","tempted",1,356,0.280898876404494
"WFH","term",1,356,0.280898876404494
"WFH","terminated",1,356,0.280898876404494
"WFH","terms",2,356,0.561797752808989
"WFH","terrace",1,356,0.280898876404494
"WFH","territory",1,356,0.280898876404494
"WFH","tested",1,356,0.280898876404494
"WFH","tests",1,356,0.280898876404494
"WFH","texas",7,356,1.96629213483146
"WFH","texaslaw",2,356,0.561797752808989
"WFH","texturing",1,356,0.280898876404494
"WFH","thankfully",1,356,0.280898876404494
"WFH","themed",1,356,0.280898876404494
"WFH","therapists",2,356,0.561797752808989
"WFH","thick",1,356,0.280898876404494
"WFH","thinking",2,356,0.561797752808989
"WFH","thirds",1,356,0.280898876404494
"WFH","thirties",1,356,0.280898876404494
"WFH","tho",1,356,0.280898876404494
"WFH","thomson",1,356,0.280898876404494
"WFH","threads",1,356,0.280898876404494
"WFH","thwaites",1,356,0.280898876404494
"WFH","tidbit",1,356,0.280898876404494
"WFH","time",27,356,7.58426966292135
"WFH","timemanagement",1,356,0.280898876404494
"WFH","times",1,356,0.280898876404494
"WFH","tiny",2,356,0.561797752808989
"WFH","tips",4,356,1.12359550561798
"WFH","tired",1,356,0.280898876404494
"WFH","title",1,356,0.280898876404494
"WFH","told",3,356,0.842696629213483
"WFH","toll",1,356,0.280898876404494
"WFH","tom",1,356,0.280898876404494
"WFH","tomorow",1,356,0.280898876404494
"WFH","tomorrow",1,356,0.280898876404494
"WFH","tonight",1,356,0.280898876404494
"WFH","tool",1,356,0.280898876404494
"WFH","tooling",1,356,0.280898876404494
"WFH","tools",2,356,0.561797752808989
"WFH","tooth",1,356,0.280898876404494
"WFH","top",2,356,0.561797752808989
"WFH","topics",1,356,0.280898876404494
"WFH","tops",1,356,0.280898876404494
"WFH","torn",1,356,0.280898876404494
"WFH","total",2,356,0.561797752808989
"WFH","totally",2,356,0.561797752808989
"WFH","tourism",1,356,0.280898876404494
"WFH","town",1,356,0.280898876404494
"WFH","towns",3,356,0.842696629213483
"WFH","track",2,356,0.561797752808989
"WFH","tracker",1,356,0.280898876404494
"WFH","tracking",1,356,0.280898876404494
"WFH","trade",1,356,0.280898876404494
"WFH","traffic",4,356,1.12359550561798
"WFH","train",3,356,0.842696629213483
"WFH","trainer",1,356,0.280898876404494
"WFH","training",8,356,2.24719101123596
"WFH","trains",1,356,0.280898876404494
"WFH","transfer",1,356,0.280898876404494
"WFH","transformation",1,356,0.280898876404494
"WFH","transforming",1,356,0.280898876404494
"WFH","transit",2,356,0.561797752808989
"WFH","transition",1,356,0.280898876404494
"WFH","transitioning",1,356,0.280898876404494
"WFH","transparency",1,356,0.280898876404494
"WFH","transport",3,356,0.842696629213483
"WFH","travel",4,356,1.12359550561798
"WFH","traveling",1,356,0.280898876404494
"WFH","travelled",1,356,0.280898876404494
"WFH","trends",1,356,0.280898876404494
"WFH","tricky",1,356,0.280898876404494
"WFH","trillions",1,356,0.280898876404494
"WFH","trip",1,356,0.280898876404494
"WFH","trips",1,356,0.280898876404494
"WFH","truck",1,356,0.280898876404494
"WFH","true",2,356,0.561797752808989
"WFH","trump",2,356,0.561797752808989
"WFH","trust",1,356,0.280898876404494
"WFH","tv",2,356,0.561797752808989
"WFH","tvsky",1,356,0.280898876404494
"WFH","twente",1,356,0.280898876404494
"WFH","twenties",1,356,0.280898876404494
"WFH","tx",4,356,1.12359550561798
"WFH","type",1,356,0.280898876404494
"WFH","typically",1,356,0.280898876404494
"WFH","ubox",1,356,0.280898876404494
"WFH","unanswered",1,356,0.280898876404494
"WFH","unbelievable",1,356,0.280898876404494
"WFH","uncomfortable",1,356,0.280898876404494
"WFH","understand",1,356,0.280898876404494
"WFH","understanding",2,356,0.561797752808989
"WFH","understands",1,356,0.280898876404494
"WFH","unemployed",2,356,0.561797752808989
"WFH","unemployment",2,356,0.561797752808989
"WFH","uneven",1,356,0.280898876404494
"WFH","unforgettable",1,356,0.280898876404494
"WFH","unhinged",1,356,0.280898876404494
"WFH","unhoused",1,356,0.280898876404494
"WFH","unicorn",1,356,0.280898876404494
"WFH","unified",1,356,0.280898876404494
"WFH","union",2,356,0.561797752808989
"WFH","unionize",1,356,0.280898876404494
"WFH","united",6,356,1.68539325842697
"WFH","units",1,356,0.280898876404494
"WFH","universal",1,356,0.280898876404494
"WFH","unlimited",1,356,0.280898876404494
"WFH","unlocked",1,356,0.280898876404494
"WFH","unmanaged",1,356,0.280898876404494
"WFH","unnecessary",1,356,0.280898876404494
"WFH","unpaid",1,356,0.280898876404494
"WFH","unpopular",1,356,0.280898876404494
"WFH","unwalkable",1,356,0.280898876404494
"WFH","update",2,356,0.561797752808989
"WFH","ups",1,356,0.280898876404494
"WFH","upvote",1,356,0.280898876404494
"WFH","urbanists",1,356,0.280898876404494
"WFH","urgent",9,356,2.52808988764045
"WFH","urgently",1,356,0.280898876404494
"WFH","usa",6,356,1.68539325842697
"WFH","usb",1,356,0.280898876404494
"WFH","useless",1,356,0.280898876404494
"WFH","users",1,356,0.280898876404494
"WFH","utter",1,356,0.280898876404494
"WFH","vacation",1,356,0.280898876404494
"WFH","vaccines",1,356,0.280898876404494
"WFH","valley",1,356,0.280898876404494
"WFH","values",1,356,0.280898876404494
"WFH","vary",2,356,0.561797752808989
"WFH","vastly",1,356,0.280898876404494
"WFH","vehicles",1,356,0.280898876404494
"WFH","ventilation",1,356,0.280898876404494
"WFH","venting",1,356,0.280898876404494
"WFH","venue",1,356,0.280898876404494
"WFH","verge",1,356,0.280898876404494
"WFH","version",1,356,0.280898876404494
"WFH","veterans",1,356,0.280898876404494
"WFH","viable",1,356,0.280898876404494
"WFH","vibrant",1,356,0.280898876404494
"WFH","victorian",1,356,0.280898876404494
"WFH","video",2,356,0.561797752808989
"WFH","videoconferencing",1,356,0.280898876404494
"WFH","viewing",1,356,0.280898876404494
"WFH","vile",1,356,0.280898876404494
"WFH","virginia",1,356,0.280898876404494
"WFH","virginity",1,356,0.280898876404494
"WFH","virtual",5,356,1.40449438202247
"WFH","visa",1,356,0.280898876404494
"WFH","visage",1,356,0.280898876404494
"WFH","visas",1,356,0.280898876404494
"WFH","visit",2,356,0.561797752808989
"WFH","voice",1,356,0.280898876404494
"WFH","volume",1,356,0.280898876404494
"WFH","volunteer",2,356,0.561797752808989
"WFH","vote",1,356,0.280898876404494
"WFH","voting",1,356,0.280898876404494
"WFH","vpn",1,356,0.280898876404494
"WFH","wages",5,356,1.40449438202247
"WFH","wahve",1,356,0.280898876404494
"WFH","waiting",1,356,0.280898876404494
"WFH","walk",2,356,0.561797752808989
"WFH","walkable",1,356,0.280898876404494
"WFH","walker",1,356,0.280898876404494
"WFH","wallets",1,356,0.280898876404494
"WFH","wanna",1,356,0.280898876404494
"WFH","warmth",1,356,0.280898876404494
"WFH","warsaw",1,356,0.280898876404494
"WFH","wash",1,356,0.280898876404494
"WFH","washer",1,356,0.280898876404494
"WFH","washington",1,356,0.280898876404494
"WFH","washroom",1,356,0.280898876404494
"WFH","wasting",1,356,0.280898876404494
"WFH","watercooler",1,356,0.280898876404494
"WFH","weak",1,356,0.280898876404494
"WFH","weaknesses",1,356,0.280898876404494
"WFH","webcam",1,356,0.280898876404494
"WFH","webcams",1,356,0.280898876404494
"WFH","websites",1,356,0.280898876404494
"WFH","week",17,356,4.7752808988764
"WFH","weekend",1,356,0.280898876404494
"WFH","weekly",3,356,0.842696629213483
"WFH","weeks",4,356,1.12359550561798
"WFH","weird",1,356,0.280898876404494
"WFH","west",1,356,0.280898876404494
"WFH","western",1,356,0.280898876404494
"WFH","whammy",1,356,0.280898876404494
"WFH","whelp",1,356,0.280898876404494
"WFH","whinston",1,356,0.280898876404494
"WFH","white",1,356,0.280898876404494
"WFH","wider",1,356,0.280898876404494
"WFH","widespread",3,356,0.842696629213483
"WFH","wife",1,356,0.280898876404494
"WFH","wifi",2,356,0.561797752808989
"WFH","win",4,356,1.12359550561798
"WFH","winding",1,356,0.280898876404494
"WFH","wine",1,356,0.280898876404494
"WFH","winter",1,356,0.280898876404494
"WFH","wishing",1,356,0.280898876404494
"WFH","wistfully",1,356,0.280898876404494
"WFH","withholding",2,356,0.561797752808989
"WFH","woke",1,356,0.280898876404494
"WFH","woman",2,356,0.561797752808989
"WFH","women",3,356,0.842696629213483
"WFH","wonderful",1,356,0.280898876404494
"WFH","wondering",1,356,0.280898876404494
"WFH","wonders",1,356,0.280898876404494
"WFH","woods",1,356,0.280898876404494
"WFH","wordpress",1,356,0.280898876404494
"WFH","workation",1,356,0.280898876404494
"WFH","workbooks",1,356,0.280898876404494
"WFH","workculture",1,356,0.280898876404494
"WFH","workdays",1,356,0.280898876404494
"WFH","worker",6,356,1.68539325842697
"WFH","workers",13,356,3.65168539325843
"WFH","workersoverbillionaires",1,356,0.280898876404494
"WFH","workflow",3,356,0.842696629213483
"WFH","workflows",1,356,0.280898876404494
"WFH","workforce",2,356,0.561797752808989
"WFH","workfromhome",2,356,0.561797752808989
"WFH","worklifebalance",1,356,0.280898876404494
"WFH","workplace",1,356,0.280898876404494
"WFH","workplacedebate",1,356,0.280898876404494
"WFH","workspaces",1,356,0.280898876404494
"WFH","world",3,356,0.842696629213483
"WFH","worldwide",1,356,0.280898876404494
"WFH","worn",1,356,0.280898876404494
"WFH","worried",1,356,0.280898876404494
"WFH","worry",1,356,0.280898876404494
"WFH","worth",4,356,1.12359550561798
"WFH","wow",2,356,0.561797752808989
"WFH","wrecking",1,356,0.280898876404494
"WFH","wring",1,356,0.280898876404494
"WFH","write",1,356,0.280898876404494
"WFH","writing",3,356,0.842696629213483
"WFH","wrong",1,356,0.280898876404494
"WFH","wrote",1,356,0.280898876404494
"WFH","xcy",1,356,0.280898876404494
"WFH","xd",1,356,0.280898876404494
"WFH","ya",1,356,0.280898876404494
"WFH","yeah",1,356,0.280898876404494
"WFH","yelled",1,356,0.280898876404494
"WFH","yep",1,356,0.280898876404494
"WFH","yggy",1,356,0.280898876404494
"WFH","youtube",1,356,0.280898876404494
"WFH","yuss",1,356,0.280898876404494
"WFH","zealand",1,356,0.280898876404494
"WFH","zone",1,356,0.280898876404494
"WFH","zones",2,356,0.561797752808989
"WFH","zoom",2,356,0.561797752808989
