"group","word","posts_with_word","total_posts","percent"
"RTO","aangetoond",1,577,0.173310225303293
"RTO","ab",3,577,0.519930675909879
"RTO","abandon",1,577,0.173310225303293
"RTO","abandoned",1,577,0.173310225303293
"RTO","abductions",2,577,0.346620450606586
"RTO","abetting",1,577,0.173310225303293
"RTO","abroad",1,577,0.173310225303293
"RTO","absence",2,577,0.346620450606586
"RTO","absentee",1,577,0.173310225303293
"RTO","absolute",2,577,0.346620450606586
"RTO","absolutely",3,577,0.519930675909879
"RTO","absurdity",1,577,0.173310225303293
"RTO","abusive",1,577,0.173310225303293
"RTO","ac",1,577,0.173310225303293
"RTO","academic",3,577,0.519930675909879
"RTO","accelerated",1,577,0.173310225303293
"RTO","accelerating",3,577,0.519930675909879
"RTO","acceptable",1,577,0.173310225303293
"RTO","accepting",4,577,0.693240901213172
"RTO","access",2,577,0.346620450606586
"RTO","accesstojustice",1,577,0.173310225303293
"RTO","accommodation",1,577,0.173310225303293
"RTO","accommodations",2,577,0.346620450606586
"RTO","account",1,577,0.173310225303293
"RTO","accountability",1,577,0.173310225303293
"RTO","accountable",2,577,0.346620450606586
"RTO","accounting",1,577,0.173310225303293
"RTO","accounts",1,577,0.173310225303293
"RTO","acct",1,577,0.173310225303293
"RTO","accusation",1,577,0.173310225303293
"RTO","accuse",1,577,0.173310225303293
"RTO","accused",3,577,0.519930675909879
"RTO","accustomed",1,577,0.173310225303293
"RTO","achievement",1,577,0.173310225303293
"RTO","acquire",1,577,0.173310225303293
"RTO","acronym",1,577,0.173310225303293
"RTO","act",1,577,0.173310225303293
"RTO","action",4,577,0.693240901213172
"RTO","actionable",1,577,0.173310225303293
"RTO","actions",3,577,0.519930675909879
"RTO","activity",5,577,0.866551126516464
"RTO","actual",1,577,0.173310225303293
"RTO","ada",3,577,0.519930675909879
"RTO","adapt",1,577,0.173310225303293
"RTO","add",1,577,0.173310225303293
"RTO","additional",1,577,0.173310225303293
"RTO","addressing",1,577,0.173310225303293
"RTO","adds",4,577,0.693240901213172
"RTO","adjacent",1,577,0.173310225303293
"RTO","admin",1,577,0.173310225303293
"RTO","administration",5,577,0.866551126516464
"RTO","administrative",1,577,0.173310225303293
"RTO","ads",1,577,0.173310225303293
"RTO","advice",1,577,0.173310225303293
"RTO","affect",2,577,0.346620450606586
"RTO","affecting",11,577,1.90641247833622
"RTO","affiliated",1,577,0.173310225303293
"RTO","afford",1,577,0.173310225303293
"RTO","afscme",1,577,0.173310225303293
"RTO","age",11,577,1.90641247833622
"RTO","agencies",10,577,1.73310225303293
"RTO","agency",6,577,1.03986135181976
"RTO","agenda",1,577,0.173310225303293
"RTO","agendas",1,577,0.173310225303293
"RTO","agents",3,577,0.519930675909879
"RTO","ago",9,577,1.55979202772964
"RTO","agree",2,577,0.346620450606586
"RTO","agreement",2,577,0.346620450606586
"RTO","agreements",2,577,0.346620450606586
"RTO","ahead",5,577,0.866551126516464
"RTO","ai",18,577,3.11958405545927
"RTO","ailleurs",1,577,0.173310225303293
"RTO","air",3,577,0.519930675909879
"RTO","ajoutée",1,577,0.173310225303293
"RTO","alarm",1,577,0.173310225303293
"RTO","alaska",1,577,0.173310225303293
"RTO","albanesi",1,577,0.173310225303293
"RTO","alberta",1,577,0.173310225303293
"RTO","alexpretti",1,577,0.173310225303293
"RTO","alike",1,577,0.173310225303293
"RTO","allegation",1,577,0.173310225303293
"RTO","alliance",1,577,0.173310225303293
"RTO","allies",2,577,0.346620450606586
"RTO","allowed",6,577,1.03986135181976
"RTO","allowing",1,577,0.173310225303293
"RTO","als",3,577,0.519930675909879
"RTO","alt",1,577,0.173310225303293
"RTO","altered",1,577,0.173310225303293
"RTO","alternative",1,577,0.173310225303293
"RTO","altijd",1,577,0.173310225303293
"RTO","amazon",2,577,0.346620450606586
"RTO","ambitions",1,577,0.173310225303293
"RTO","amendment",2,577,0.346620450606586
"RTO","america",5,577,0.866551126516464
"RTO","american",3,577,0.519930675909879
"RTO","americans",5,577,0.866551126516464
"RTO","amp",1,577,0.173310225303293
"RTO","analyses",1,577,0.173310225303293
"RTO","analysis",11,577,1.90641247833622
"RTO","analyzed",2,577,0.346620450606586
"RTO","anchored",1,577,0.173310225303293
"RTO","andrew",7,577,1.21317157712305
"RTO","andy",1,577,0.173310225303293
"RTO","anglais",1,577,0.173310225303293
"RTO","angry",1,577,0.173310225303293
"RTO","announce",1,577,0.173310225303293
"RTO","announced",1,577,0.173310225303293
"RTO","annoying",1,577,0.173310225303293
"RTO","annually",1,577,0.173310225303293
"RTO","answered",1,577,0.173310225303293
"RTO","anticipate",1,577,0.173310225303293
"RTO","antitrust",1,577,0.173310225303293
"RTO","anymore",4,577,0.693240901213172
"RTO","anytime",1,577,0.173310225303293
"RTO","apocalypse",1,577,0.173310225303293
"RTO","app",2,577,0.346620450606586
"RTO","apparent",1,577,0.173310225303293
"RTO","apparently",1,577,0.173310225303293
"RTO","appeal",2,577,0.346620450606586
"RTO","appeals",6,577,1.03986135181976
"RTO","appease",1,577,0.173310225303293
"RTO","applicants",1,577,0.173310225303293
"RTO","application",1,577,0.173310225303293
"RTO","apporte",1,577,0.173310225303293
"RTO","approval",1,577,0.173310225303293
"RTO","approve",2,577,0.346620450606586
"RTO","approves",1,577,0.173310225303293
"RTO","aqyqhr",1,577,0.173310225303293
"RTO","arab",1,577,0.173310225303293
"RTO","araqchi",1,577,0.173310225303293
"RTO","arbitrary",2,577,0.346620450606586
"RTO","arch",1,577,0.173310225303293
"RTO","argument",4,577,0.693240901213172
"RTO","arison",2,577,0.346620450606586
"RTO","arm",1,577,0.173310225303293
"RTO","armstrong",1,577,0.173310225303293
"RTO","army",1,577,0.173310225303293
"RTO","arrangements",1,577,0.173310225303293
"RTO","arrest",1,577,0.173310225303293
"RTO","arrested",1,577,0.173310225303293
"RTO","arrests",2,577,0.346620450606586
"RTO","article",7,577,1.21317157712305
"RTO","articles",6,577,1.03986135181976
"RTO","artificial",3,577,0.519930675909879
"RTO","arxiv",1,577,0.173310225303293
"RTO","asap",1,577,0.173310225303293
"RTO","ass",2,577,0.346620450606586
"RTO","assassination",1,577,0.173310225303293
"RTO","assaults",2,577,0.346620450606586
"RTO","assemblies",1,577,0.173310225303293
"RTO","assessed",1,577,0.173310225303293
"RTO","assets",1,577,0.173310225303293
"RTO","assigned",2,577,0.346620450606586
"RTO","assistants",2,577,0.346620450606586
"RTO","assnat",1,577,0.173310225303293
"RTO","association",1,577,0.173310225303293
"RTO","asymmetric",1,577,0.173310225303293
"RTO","atkinson",1,577,0.173310225303293
"RTO","att",3,577,0.519930675909879
"RTO","attempting",1,577,0.173310225303293
"RTO","attempts",1,577,0.173310225303293
"RTO","attendance",1,577,0.173310225303293
"RTO","attention",2,577,0.346620450606586
"RTO","attract",1,577,0.173310225303293
"RTO","attribute",1,577,0.173310225303293
"RTO","attrition",1,577,0.173310225303293
"RTO","au",1,577,0.173310225303293
"RTO","auch",1,577,0.173310225303293
"RTO","authority",2,577,0.346620450606586
"RTO","auto",4,577,0.693240901213172
"RTO","autonomy",6,577,1.03986135181976
"RTO","availability",2,577,0.346620450606586
"RTO","avenue",1,577,0.173310225303293
"RTO","average",1,577,0.173310225303293
"RTO","avoid",1,577,0.173310225303293
"RTO","aware",1,577,0.173310225303293
"RTO","aways",1,577,0.173310225303293
"RTO","awhile",1,577,0.173310225303293
"RTO","backfires",1,577,0.173310225303293
"RTO","backlash",4,577,0.693240901213172
"RTO","backpacks",1,577,0.173310225303293
"RTO","backpay",2,577,0.346620450606586
"RTO","bad",7,577,1.21317157712305
"RTO","bags",1,577,0.173310225303293
"RTO","bail",1,577,0.173310225303293
"RTO","balance",1,577,0.173310225303293
"RTO","ballots",1,577,0.173310225303293
"RTO","ballroom",1,577,0.173310225303293
"RTO","bank",2,577,0.346620450606586
"RTO","banking",1,577,0.173310225303293
"RTO","bans",2,577,0.346620450606586
"RTO","banuelos",1,577,0.173310225303293
"RTO","barcelona",1,577,0.173310225303293
"RTO","barclays",17,577,2.94627383015598
"RTO","bargaining",2,577,0.346620450606586
"RTO","barred",1,577,0.173310225303293
"RTO","barrhaven",2,577,0.346620450606586
"RTO","based",1,577,0.173310225303293
"RTO","basically",1,577,0.173310225303293
"RTO","batteries",10,577,1.73310225303293
"RTO","battery",1,577,0.173310225303293
"RTO","battle",3,577,0.519930675909879
"RTO","bbcaq",1,577,0.173310225303293
"RTO","bc",2,577,0.346620450606586
"RTO","bdnmb",1,577,0.173310225303293
"RTO","bear",1,577,0.173310225303293
"RTO","beating",1,577,0.173310225303293
"RTO","beats",3,577,0.519930675909879
"RTO","beautiful",2,577,0.346620450606586
"RTO","bedrijven",1,577,0.173310225303293
"RTO","bedroom",1,577,0.173310225303293
"RTO","begich",1,577,0.173310225303293
"RTO","beginning",2,577,0.346620450606586
"RTO","begins",4,577,0.693240901213172
"RTO","behave",1,577,0.173310225303293
"RTO","behaviour",1,577,0.173310225303293
"RTO","beijing",1,577,0.173310225303293
"RTO","beliefs",1,577,0.173310225303293
"RTO","believes",1,577,0.173310225303293
"RTO","belt",1,577,0.173310225303293
"RTO","benefit",4,577,0.693240901213172
"RTO","benefited",1,577,0.173310225303293
"RTO","benefits",3,577,0.519930675909879
"RTO","bet",1,577,0.173310225303293
"RTO","betray",1,577,0.173310225303293
"RTO","bezigheids",1,577,0.173310225303293
"RTO","bgkzvs",1,577,0.173310225303293
"RTO","biden",4,577,0.693240901213172
"RTO","bill",5,577,0.866551126516464
"RTO","billing",1,577,0.173310225303293
"RTO","billion",6,577,1.03986135181976
"RTO","billionaire",1,577,0.173310225303293
"RTO","billions",2,577,0.346620450606586
"RTO","bills",9,577,1.55979202772964
"RTO","bio",2,577,0.346620450606586
"RTO","biology",1,577,0.173310225303293
"RTO","bipartisan",1,577,0.173310225303293
"RTO","birth",1,577,0.173310225303293
"RTO","bit",1,577,0.173310225303293
"RTO","bitches",1,577,0.173310225303293
"RTO","black",2,577,0.346620450606586
"RTO","blanket",3,577,0.519930675909879
"RTO","blessed",1,577,0.173310225303293
"RTO","blip",1,577,0.173310225303293
"RTO","blistering",1,577,0.173310225303293
"RTO","blitz",1,577,0.173310225303293
"RTO","bloggins",1,577,0.173310225303293
"RTO","bloody",1,577,0.173310225303293
"RTO","bloom",1,577,0.173310225303293
"RTO","bloomberg",5,577,0.866551126516464
"RTO","blow",1,577,0.173310225303293
"RTO","blueprint",3,577,0.519930675909879
"RTO","blues",1,577,0.173310225303293
"RTO","bluesky",2,577,0.346620450606586
"RTO","bnb",1,577,0.173310225303293
"RTO","bnewso",1,577,0.173310225303293
"RTO","board",2,577,0.346620450606586
"RTO","boasted",1,577,0.173310225303293
"RTO","boat",1,577,0.173310225303293
"RTO","bodies",1,577,0.173310225303293
"RTO","bollocks",1,577,0.173310225303293
"RTO","bolstering",9,577,1.55979202772964
"RTO","bonanza",1,577,0.173310225303293
"RTO","books",1,577,0.173310225303293
"RTO","boom",15,577,2.59965337954939
"RTO","boomer",1,577,0.173310225303293
"RTO","boon",1,577,0.173310225303293
"RTO","boosting",3,577,0.519930675909879
"RTO","border",1,577,0.173310225303293
"RTO","bordercontrol",1,577,0.173310225303293
"RTO","borders",3,577,0.519930675909879
"RTO","borrowing",1,577,0.173310225303293
"RTO","boss",4,577,0.693240901213172
"RTO","bosses",5,577,0.866551126516464
"RTO","boston",1,577,0.173310225303293
"RTO","bother",1,577,0.173310225303293
"RTO","bothers",1,577,0.173310225303293
"RTO","botswana",1,577,0.173310225303293
"RTO","bought",1,577,0.173310225303293
"RTO","bounced",2,577,0.346620450606586
"RTO","bovenop",1,577,0.173310225303293
"RTO","bowl",1,577,0.173310225303293
"RTO","boy",1,577,0.173310225303293
"RTO","brace",1,577,0.173310225303293
"RTO","bragging",1,577,0.173310225303293
"RTO","brain",3,577,0.519930675909879
"RTO","branded",1,577,0.173310225303293
"RTO","braunhemden",1,577,0.173310225303293
"RTO","break",3,577,0.519930675909879
"RTO","breakdown",1,577,0.173310225303293
"RTO","breakfast",1,577,0.173310225303293
"RTO","breaking",1,577,0.173310225303293
"RTO","breakingnews",1,577,0.173310225303293
"RTO","breath",1,577,0.173310225303293
"RTO","breathe",1,577,0.173310225303293
"RTO","breeds",1,577,0.173310225303293
"RTO","bribery",12,577,2.07972270363951
"RTO","bring",2,577,0.346620450606586
"RTO","bringing",1,577,0.173310225303293
"RTO","broad",4,577,0.693240901213172
"RTO","broader",3,577,0.519930675909879
"RTO","broke",1,577,0.173310225303293
"RTO","brokers",2,577,0.346620450606586
"RTO","brother",1,577,0.173310225303293
"RTO","brought",3,577,0.519930675909879
"RTO","brutal",1,577,0.173310225303293
"RTO","budget",2,577,0.346620450606586
"RTO","budgeted",1,577,0.173310225303293
"RTO","buffalo",1,577,0.173310225303293
"RTO","build",10,577,1.73310225303293
"RTO","building",7,577,1.21317157712305
"RTO","buildings",2,577,0.346620450606586
"RTO","bullshit",4,577,0.693240901213172
"RTO","bully",1,577,0.173310225303293
"RTO","bunch",4,577,0.693240901213172
"RTO","bureau",1,577,0.173310225303293
"RTO","burned",1,577,0.173310225303293
"RTO","burns",1,577,0.173310225303293
"RTO","bus",3,577,0.519930675909879
"RTO","bush",1,577,0.173310225303293
"RTO","business",10,577,1.73310225303293
"RTO","businesses",3,577,0.519930675909879
"RTO","busting",1,577,0.173310225303293
"RTO","buttress",1,577,0.173310225303293
"RTO","buy",4,577,0.693240901213172
"RTO","buyers",1,577,0.173310225303293
"RTO","buying",1,577,0.173310225303293
"RTO","buys",1,577,0.173310225303293
"RTO","byward",2,577,0.346620450606586
"RTO","ca",1,577,0.173310225303293
"RTO","cabin",1,577,0.173310225303293
"RTO","calculation",1,577,0.173310225303293
"RTO","calculations",1,577,0.173310225303293
"RTO","calculatuon",1,577,0.173310225303293
"RTO","calif",1,577,0.173310225303293
"RTO","california",3,577,0.519930675909879
"RTO","call",2,577,0.346620450606586
"RTO","called",4,577,0.693240901213172
"RTO","calling",3,577,0.519930675909879
"RTO","calls",6,577,1.03986135181976
"RTO","cameo",1,577,0.173310225303293
"RTO","campaign",4,577,0.693240901213172
"RTO","campus",1,577,0.173310225303293
"RTO","canada",6,577,1.03986135181976
"RTO","canadian",1,577,0.173310225303293
"RTO","cancel",1,577,0.173310225303293
"RTO","cancelled",1,577,0.173310225303293
"RTO","candidate",2,577,0.346620450606586
"RTO","candidates",2,577,0.346620450606586
"RTO","capabilities",1,577,0.173310225303293
"RTO","capacity",2,577,0.346620450606586
"RTO","capitulation",10,577,1.73310225303293
"RTO","car",3,577,0.519930675909879
"RTO","carbon",1,577,0.173310225303293
"RTO","card",1,577,0.173310225303293
"RTO","cards",1,577,0.173310225303293
"RTO","care",2,577,0.346620450606586
"RTO","career",3,577,0.519930675909879
"RTO","caregivers",1,577,0.173310225303293
"RTO","cares",1,577,0.173310225303293
"RTO","carpenters",1,577,0.173310225303293
"RTO","cars",1,577,0.173310225303293
"RTO","caselaw",1,577,0.173310225303293
"RTO","catch",1,577,0.173310225303293
"RTO","caused",1,577,0.173310225303293
"RTO","causing",1,577,0.173310225303293
"RTO","cdc",1,577,0.173310225303293
"RTO","cdnpoli",1,577,0.173310225303293
"RTO","cent",2,577,0.346620450606586
"RTO","center",4,577,0.693240901213172
"RTO","centerpiece",1,577,0.173310225303293
"RTO","central",1,577,0.173310225303293
"RTO","centrebc",7,577,1.21317157712305
"RTO","centretown",1,577,0.173310225303293
"RTO","ceo",4,577,0.693240901213172
"RTO","ceos",6,577,1.03986135181976
"RTO","cert",1,577,0.173310225303293
"RTO","chain",10,577,1.73310225303293
"RTO","chair",2,577,0.346620450606586
"RTO","challenge",2,577,0.346620450606586
"RTO","challenges",6,577,1.03986135181976
"RTO","chamber",2,577,0.346620450606586
"RTO","chance",1,577,0.173310225303293
"RTO","change",7,577,1.21317157712305
"RTO","changed",4,577,0.693240901213172
"RTO","changing",1,577,0.173310225303293
"RTO","channel",1,577,0.173310225303293
"RTO","channels",1,577,0.173310225303293
"RTO","chaos",1,577,0.173310225303293
"RTO","character",2,577,0.346620450606586
"RTO","charged",1,577,0.173310225303293
"RTO","charges",1,577,0.173310225303293
"RTO","charter",1,577,0.173310225303293
"RTO","chasing",1,577,0.173310225303293
"RTO","cheat",1,577,0.173310225303293
"RTO","check",1,577,0.173310225303293
"RTO","cherry",1,577,0.173310225303293
"RTO","childcare",1,577,0.173310225303293
"RTO","china",2,577,0.346620450606586
"RTO","chinese",3,577,0.519930675909879
"RTO","choice",1,577,0.173310225303293
"RTO","chopping",1,577,0.173310225303293
"RTO","chump",1,577,0.173310225303293
"RTO","ci",1,577,0.173310225303293
"RTO","cibler",1,577,0.173310225303293
"RTO","circulating",1,577,0.173310225303293
"RTO","cissp",1,577,0.173310225303293
"RTO","cities",2,577,0.346620450606586
"RTO","citing",3,577,0.519930675909879
"RTO","citizenportal",1,577,0.173310225303293
"RTO","citizens",2,577,0.346620450606586
"RTO","city",10,577,1.73310225303293
"RTO","civic",1,577,0.173310225303293
"RTO","civil",4,577,0.693240901213172
"RTO","civilians",1,577,0.173310225303293
"RTO","claimed",1,577,0.173310225303293
"RTO","claiming",1,577,0.173310225303293
"RTO","claims",2,577,0.346620450606586
"RTO","clarify",1,577,0.173310225303293
"RTO","clash",1,577,0.173310225303293
"RTO","class",1,577,0.173310225303293
"RTO","click",1,577,0.173310225303293
"RTO","clickbait",2,577,0.346620450606586
"RTO","climbing",1,577,0.173310225303293
"RTO","clinched",1,577,0.173310225303293
"RTO","close",1,577,0.173310225303293
"RTO","closed",1,577,0.173310225303293
"RTO","cloths",1,577,0.173310225303293
"RTO","cloud",1,577,0.173310225303293
"RTO","cohen",2,577,0.346620450606586
"RTO","cohesion",1,577,0.173310225303293
"RTO","coincides",1,577,0.173310225303293
"RTO","cold",1,577,0.173310225303293
"RTO","colds",1,577,0.173310225303293
"RTO","collaboration",5,577,0.866551126516464
"RTO","collaborative",1,577,0.173310225303293
"RTO","collapsing",1,577,0.173310225303293
"RTO","collar",2,577,0.346620450606586
"RTO","colleague",1,577,0.173310225303293
"RTO","collecting",1,577,0.173310225303293
"RTO","collins",14,577,2.4263431542461
"RTO","column",2,577,0.346620450606586
"RTO","combined",16,577,2.77296360485269
"RTO","coming",2,577,0.346620450606586
"RTO","comment",1,577,0.173310225303293
"RTO","commentary",1,577,0.173310225303293
"RTO","commercial",3,577,0.519930675909879
"RTO","commissioner",1,577,0.173310225303293
"RTO","committee",2,577,0.346620450606586
"RTO","communication",1,577,0.173310225303293
"RTO","community",3,577,0.519930675909879
"RTO","commute",13,577,2.25303292894281
"RTO","commuter",2,577,0.346620450606586
"RTO","commuters",2,577,0.346620450606586
"RTO","commutes",4,577,0.693240901213172
"RTO","commuting",3,577,0.519930675909879
"RTO","companies",14,577,2.4263431542461
"RTO","company",8,577,1.38648180242634
"RTO","compared",1,577,0.173310225303293
"RTO","comparing",6,577,1.03986135181976
"RTO","compensation",2,577,0.346620450606586
"RTO","compete",1,577,0.173310225303293
"RTO","competency",1,577,0.173310225303293
"RTO","competitive",1,577,0.173310225303293
"RTO","complain",1,577,0.173310225303293
"RTO","complaining",1,577,0.173310225303293
"RTO","complete",2,577,0.346620450606586
"RTO","compliance",1,577,0.173310225303293
"RTO","complicit",1,577,0.173310225303293
"RTO","comply",1,577,0.173310225303293
"RTO","comprehend",1,577,0.173310225303293
"RTO","compulsory",1,577,0.173310225303293
"RTO","computer",1,577,0.173310225303293
"RTO","concentrationcamps",1,577,0.173310225303293
"RTO","concern",1,577,0.173310225303293
"RTO","concernant",1,577,0.173310225303293
"RTO","concerns",5,577,0.866551126516464
"RTO","concha",1,577,0.173310225303293
"RTO","condemn",1,577,0.173310225303293
"RTO","conditions",3,577,0.519930675909879
"RTO","condo",1,577,0.173310225303293
"RTO","conferences",1,577,0.173310225303293
"RTO","confessed",9,577,1.55979202772964
"RTO","conflict",3,577,0.519930675909879
"RTO","congestion",3,577,0.519930675909879
"RTO","congress",23,577,3.98613518197574
"RTO","congressional",2,577,0.346620450606586
"RTO","connected",1,577,0.173310225303293
"RTO","connection",1,577,0.173310225303293
"RTO","consequences",2,577,0.346620450606586
"RTO","conservation",1,577,0.173310225303293
"RTO","conservative",3,577,0.519930675909879
"RTO","conservatives",2,577,0.346620450606586
"RTO","considered",1,577,0.173310225303293
"RTO","constant",1,577,0.173310225303293
"RTO","constitution",2,577,0.346620450606586
"RTO","constitutional",3,577,0.519930675909879
"RTO","construction",2,577,0.346620450606586
"RTO","consultants",1,577,0.173310225303293
"RTO","consultation",1,577,0.173310225303293
"RTO","cont",1,577,0.173310225303293
"RTO","contacts",1,577,0.173310225303293
"RTO","content",1,577,0.173310225303293
"RTO","context",1,577,0.173310225303293
"RTO","continue",3,577,0.519930675909879
"RTO","continued",2,577,0.346620450606586
"RTO","continues",1,577,0.173310225303293
"RTO","continuing",2,577,0.346620450606586
"RTO","continuously",1,577,0.173310225303293
"RTO","contractor",1,577,0.173310225303293
"RTO","contracts",2,577,0.346620450606586
"RTO","contributed",1,577,0.173310225303293
"RTO","contributing",2,577,0.346620450606586
"RTO","contributor",1,577,0.173310225303293
"RTO","contributors",1,577,0.173310225303293
"RTO","control",9,577,1.55979202772964
"RTO","controls",1,577,0.173310225303293
"RTO","controversial",1,577,0.173310225303293
"RTO","convention",2,577,0.346620450606586
"RTO","conversation",1,577,0.173310225303293
"RTO","conversations",1,577,0.173310225303293
"RTO","convicted",1,577,0.173310225303293
"RTO","convictions",1,577,0.173310225303293
"RTO","convinced",1,577,0.173310225303293
"RTO","coo",2,577,0.346620450606586
"RTO","cool",2,577,0.346620450606586
"RTO","cooler",3,577,0.519930675909879
"RTO","coordinadora",1,577,0.173310225303293
"RTO","coordinating",1,577,0.173310225303293
"RTO","cordis",1,577,0.173310225303293
"RTO","core",1,577,0.173310225303293
"RTO","corona",1,577,0.173310225303293
"RTO","corporate",7,577,1.21317157712305
"RTO","corporation",1,577,0.173310225303293
"RTO","corporations",3,577,0.519930675909879
"RTO","correlated",1,577,0.173310225303293
"RTO","correlation",1,577,0.173310225303293
"RTO","corrupt",2,577,0.346620450606586
"RTO","corruption",7,577,1.21317157712305
"RTO","cost",4,577,0.693240901213172
"RTO","costing",14,577,2.4263431542461
"RTO","costs",11,577,1.90641247833622
"RTO","council",2,577,0.346620450606586
"RTO","councilmembers",3,577,0.519930675909879
"RTO","count",6,577,1.03986135181976
"RTO","counting",2,577,0.346620450606586
"RTO","countries",4,577,0.693240901213172
"RTO","country",6,577,1.03986135181976
"RTO","county",1,577,0.173310225303293
"RTO","couple",1,577,0.173310225303293
"RTO","court",11,577,1.90641247833622
"RTO","courts",1,577,0.173310225303293
"RTO","cousin",1,577,0.173310225303293
"RTO","cover",3,577,0.519930675909879
"RTO","covered",2,577,0.346620450606586
"RTO","covering",2,577,0.346620450606586
"RTO","covid",11,577,1.90641247833622
"RTO","coworker",1,577,0.173310225303293
"RTO","coworkers",1,577,0.173310225303293
"RTO","crappy",1,577,0.173310225303293
"RTO","craving",1,577,0.173310225303293
"RTO","create",2,577,0.346620450606586
"RTO","creates",1,577,0.173310225303293
"RTO","creating",1,577,0.173310225303293
"RTO","credential",1,577,0.173310225303293
"RTO","credit",9,577,1.55979202772964
"RTO","crime",1,577,0.173310225303293
"RTO","crimes",1,577,0.173310225303293
"RTO","criminal",1,577,0.173310225303293
"RTO","criminals",1,577,0.173310225303293
"RTO","crisis",2,577,0.346620450606586
"RTO","critics",2,577,0.346620450606586
"RTO","cronies",2,577,0.346620450606586
"RTO","crossroads",1,577,0.173310225303293
"RTO","crowded",1,577,0.173310225303293
"RTO","crpd",1,577,0.173310225303293
"RTO","crypto",1,577,0.173310225303293
"RTO","cryptocurrency",1,577,0.173310225303293
"RTO","csv",1,577,0.173310225303293
"RTO","cult",2,577,0.346620450606586
"RTO","culture",4,577,0.693240901213172
"RTO","cultus",1,577,0.173310225303293
"RTO","curbing",1,577,0.173310225303293
"RTO","currentevents",1,577,0.173310225303293
"RTO","curricular",2,577,0.346620450606586
"RTO","cursory",1,577,0.173310225303293
"RTO","customer",1,577,0.173310225303293
"RTO","customers",1,577,0.173310225303293
"RTO","customs",1,577,0.173310225303293
"RTO","cut",3,577,0.519930675909879
"RTO","cuts",7,577,1.21317157712305
"RTO","cutting",1,577,0.173310225303293
"RTO","da",1,577,0.173310225303293
"RTO","daar",1,577,0.173310225303293
"RTO","daily",1,577,0.173310225303293
"RTO","damage",2,577,0.346620450606586
"RTO","damned",1,577,0.173310225303293
"RTO","dampen",1,577,0.173310225303293
"RTO","dan",1,577,0.173310225303293
"RTO","dark",2,577,0.346620450606586
"RTO","dashed",1,577,0.173310225303293
"RTO","dat",2,577,0.346620450606586
"RTO","data",8,577,1.38648180242634
"RTO","datasets",1,577,0.173310225303293
"RTO","date",1,577,0.173310225303293
"RTO","david",7,577,1.21317157712305
"RTO","day",27,577,4.67937608318891
"RTO","daycare",1,577,0.173310225303293
"RTO","dayne",1,577,0.173310225303293
"RTO","days",24,577,4.15944540727903
"RTO","dc",5,577,0.866551126516464
"RTO","de",4,577,0.693240901213172
"RTO","dead",3,577,0.519930675909879
"RTO","deals",2,577,0.346620450606586
"RTO","dear",1,577,0.173310225303293
"RTO","deaths",1,577,0.173310225303293
"RTO","debate",1,577,0.173310225303293
"RTO","debt",2,577,0.346620450606586
"RTO","decade",2,577,0.346620450606586
"RTO","decent",1,577,0.173310225303293
"RTO","decide",3,577,0.519930675909879
"RTO","decided",1,577,0.173310225303293
"RTO","deciding",2,577,0.346620450606586
"RTO","decision",5,577,0.866551126516464
"RTO","decisions",5,577,0.866551126516464
"RTO","decline",3,577,0.519930675909879
"RTO","declines",1,577,0.173310225303293
"RTO","deemed",1,577,0.173310225303293
"RTO","deep",1,577,0.173310225303293
"RTO","deepdive",1,577,0.173310225303293
"RTO","deeper",1,577,0.173310225303293
"RTO","deeply",2,577,0.346620450606586
"RTO","defaults",3,577,0.519930675909879
"RTO","defendants",1,577,0.173310225303293
"RTO","defends",1,577,0.173310225303293
"RTO","defense",10,577,1.73310225303293
"RTO","deference",2,577,0.346620450606586
"RTO","defiance",2,577,0.346620450606586
"RTO","defined",11,577,1.90641247833622
"RTO","defrauding",1,577,0.173310225303293
"RTO","defunct",1,577,0.173310225303293
"RTO","dehumanizing",1,577,0.173310225303293
"RTO","dei",1,577,0.173310225303293
"RTO","del",1,577,0.173310225303293
"RTO","delaware",1,577,0.173310225303293
"RTO","delays",3,577,0.519930675909879
"RTO","delegation",6,577,1.03986135181976
"RTO","deliver",1,577,0.173310225303293
"RTO","delivered",1,577,0.173310225303293
"RTO","dem",1,577,0.173310225303293
"RTO","demand",9,577,1.55979202772964
"RTO","demanded",2,577,0.346620450606586
"RTO","demanding",3,577,0.519930675909879
"RTO","demands",1,577,0.173310225303293
"RTO","democracy",1,577,0.173310225303293
"RTO","democrats",7,577,1.21317157712305
"RTO","demolished",1,577,0.173310225303293
"RTO","demonized",1,577,0.173310225303293
"RTO","demonstrated",1,577,0.173310225303293
"RTO","dems",3,577,0.519930675909879
"RTO","denial",1,577,0.173310225303293
"RTO","denver",2,577,0.346620450606586
"RTO","department",1,577,0.173310225303293
"RTO","departments",5,577,0.866551126516464
"RTO","depends",1,577,0.173310225303293
"RTO","depicts",1,577,0.173310225303293
"RTO","deportation",1,577,0.173310225303293
"RTO","deports",1,577,0.173310225303293
"RTO","deputy",1,577,0.173310225303293
"RTO","derailed",4,577,0.693240901213172
"RTO","designating",2,577,0.346620450606586
"RTO","desks",2,577,0.346620450606586
"RTO","desperate",1,577,0.173310225303293
"RTO","desperation",1,577,0.173310225303293
"RTO","destroy",1,577,0.173310225303293
"RTO","destroyed",2,577,0.346620450606586
"RTO","destruction",1,577,0.173310225303293
"RTO","det",1,577,0.173310225303293
"RTO","detail",3,577,0.519930675909879
"RTO","details",2,577,0.346620450606586
"RTO","detained",1,577,0.173310225303293
"RTO","detaining",3,577,0.519930675909879
"RTO","detention",11,577,1.90641247833622
"RTO","detrimental",1,577,0.173310225303293
"RTO","developer",3,577,0.519930675909879
"RTO","developers",1,577,0.173310225303293
"RTO","development",1,577,0.173310225303293
"RTO","developments",1,577,0.173310225303293
"RTO","devoid",1,577,0.173310225303293
"RTO","devrait",1,577,0.173310225303293
"RTO","dfl",1,577,0.173310225303293
"RTO","dhs",2,577,0.346620450606586
"RTO","diabolical",1,577,0.173310225303293
"RTO","diarrhea",1,577,0.173310225303293
"RTO","dickheads",1,577,0.173310225303293
"RTO","dictates",2,577,0.346620450606586
"RTO","die",2,577,0.346620450606586
"RTO","died",1,577,0.173310225303293
"RTO","dies",1,577,0.173310225303293
"RTO","difference",2,577,0.346620450606586
"RTO","dig",1,577,0.173310225303293
"RTO","digital",1,577,0.173310225303293
"RTO","dignity",1,577,0.173310225303293
"RTO","dijcke",2,577,0.346620450606586
"RTO","diminished",1,577,0.173310225303293
"RTO","dipshit",1,577,0.173310225303293
"RTO","direct",1,577,0.173310225303293
"RTO","direction",1,577,0.173310225303293
"RTO","directions",1,577,0.173310225303293
"RTO","directive",4,577,0.693240901213172
"RTO","directly",3,577,0.519930675909879
"RTO","dirt",1,577,0.173310225303293
"RTO","dirty",1,577,0.173310225303293
"RTO","disability",2,577,0.346620450606586
"RTO","disabled",3,577,0.519930675909879
"RTO","disagreed",2,577,0.346620450606586
"RTO","disappearing",1,577,0.173310225303293
"RTO","disappears",5,577,0.866551126516464
"RTO","disappointed",1,577,0.173310225303293
"RTO","disapproval",2,577,0.346620450606586
"RTO","disapprove",2,577,0.346620450606586
"RTO","disasters",1,577,0.173310225303293
"RTO","disbanded",3,577,0.519930675909879
"RTO","disciplinary",1,577,0.173310225303293
"RTO","discipline",1,577,0.173310225303293
"RTO","disclose",2,577,0.346620450606586
"RTO","disclosures",1,577,0.173310225303293
"RTO","discontinued",1,577,0.173310225303293
"RTO","discourse",2,577,0.346620450606586
"RTO","discovering",1,577,0.173310225303293
"RTO","discrimination",4,577,0.693240901213172
"RTO","discuss",1,577,0.173310225303293
"RTO","discusses",1,577,0.173310225303293
"RTO","discussions",1,577,0.173310225303293
"RTO","disease",1,577,0.173310225303293
"RTO","disengagement",1,577,0.173310225303293
"RTO","disgusting",2,577,0.346620450606586
"RTO","disinformation",1,577,0.173310225303293
"RTO","dismantled",10,577,1.73310225303293
"RTO","dismissed",1,577,0.173310225303293
"RTO","dismissive",3,577,0.519930675909879
"RTO","disney",4,577,0.693240901213172
"RTO","dispute",1,577,0.173310225303293
"RTO","disputes",1,577,0.173310225303293
"RTO","distance",1,577,0.173310225303293
"RTO","distraction",1,577,0.173310225303293
"RTO","distributed",1,577,0.173310225303293
"RTO","distribution",2,577,0.346620450606586
"RTO","dive",1,577,0.173310225303293
"RTO","divestiture",2,577,0.346620450606586
"RTO","djt",1,577,0.173310225303293
"RTO","dms",1,577,0.173310225303293
"RTO","documents",2,577,0.346620450606586
"RTO","doen",1,577,0.173310225303293
"RTO","dog",2,577,0.346620450606586
"RTO","dogs",1,577,0.173310225303293
"RTO","doj",1,577,0.173310225303293
"RTO","dolda",1,577,0.173310225303293
"RTO","dollars",1,577,0.173310225303293
"RTO","domestic",8,577,1.38648180242634
"RTO","donald",26,577,4.50606585788562
"RTO","donaldtrump",1,577,0.173310225303293
"RTO","donor",1,577,0.173310225303293
"RTO","donors",1,577,0.173310225303293
"RTO","donut",1,577,0.173310225303293
"RTO","doubling",2,577,0.346620450606586
"RTO","downtown",8,577,1.38648180242634
"RTO","dragging",1,577,0.173310225303293
"RTO","drain",1,577,0.173310225303293
"RTO","drama",1,577,0.173310225303293
"RTO","dramatically",2,577,0.346620450606586
"RTO","drawing",1,577,0.173310225303293
"RTO","dressed",1,577,0.173310225303293
"RTO","drew",1,577,0.173310225303293
"RTO","drinks",1,577,0.173310225303293
"RTO","drive",6,577,1.03986135181976
"RTO","driven",6,577,1.03986135181976
"RTO","driver",1,577,0.173310225303293
"RTO","driving",9,577,1.55979202772964
"RTO","dropped",4,577,0.693240901213172
"RTO","dropping",1,577,0.173310225303293
"RTO","drreturn",1,577,0.173310225303293
"RTO","drug",1,577,0.173310225303293
"RTO","drumpf",1,577,0.173310225303293
"RTO","due",6,577,1.03986135181976
"RTO","duh",2,577,0.346620450606586
"RTO","dumb",2,577,0.346620450606586
"RTO","dump",1,577,0.173310225303293
"RTO","duress",1,577,0.173310225303293
"RTO","duties",1,577,0.173310225303293
"RTO","dynamics",1,577,0.173310225303293
"RTO","dystopian",1,577,0.173310225303293
"RTO","där",1,577,0.173310225303293
"RTO","dépensera",1,577,0.173310225303293
"RTO","eager",1,577,0.173310225303293
"RTO","eared",1,577,0.173310225303293
"RTO","earlier",2,577,0.346620450606586
"RTO","earned",1,577,0.173310225303293
"RTO","earnings",1,577,0.173310225303293
"RTO","easier",2,577,0.346620450606586
"RTO","easily",1,577,0.173310225303293
"RTO","easy",2,577,0.346620450606586
"RTO","eat",3,577,0.519930675909879
"RTO","eating",3,577,0.519930675909879
"RTO","economic",1,577,0.173310225303293
"RTO","economics",3,577,0.519930675909879
"RTO","economist",1,577,0.173310225303293
"RTO","economy",6,577,1.03986135181976
"RTO","econsky",1,577,0.173310225303293
"RTO","ed",1,577,0.173310225303293
"RTO","edge",1,577,0.173310225303293
"RTO","edited",2,577,0.346620450606586
"RTO","edition",1,577,0.173310225303293
"RTO","edt",1,577,0.173310225303293
"RTO","educ",1,577,0.173310225303293
"RTO","education",2,577,0.346620450606586
"RTO","eens",1,577,0.173310225303293
"RTO","eeo",1,577,0.173310225303293
"RTO","eeoc",2,577,0.346620450606586
"RTO","effect",2,577,0.346620450606586
"RTO","effective",2,577,0.346620450606586
"RTO","effectively",1,577,0.173310225303293
"RTO","efficiency",1,577,0.173310225303293
"RTO","efficiënt",1,577,0.173310225303293
"RTO","effort",1,577,0.173310225303293
"RTO","efforts",2,577,0.346620450606586
"RTO","elected",3,577,0.519930675909879
"RTO","election",3,577,0.519930675909879
"RTO","elections",1,577,0.173310225303293
"RTO","electric",10,577,1.73310225303293
"RTO","element",2,577,0.346620450606586
"RTO","eligible",1,577,0.173310225303293
"RTO","emanating",1,577,0.173310225303293
"RTO","embarrassing",1,577,0.173310225303293
"RTO","embrace",1,577,0.173310225303293
"RTO","emerged",1,577,0.173310225303293
"RTO","emergency",3,577,0.519930675909879
"RTO","emissions",1,577,0.173310225303293
"RTO","emphasis",1,577,0.173310225303293
"RTO","emphasized",1,577,0.173310225303293
"RTO","empire",2,577,0.346620450606586
"RTO","employee",10,577,1.73310225303293
"RTO","employees",36,577,6.23916811091854
"RTO","employeesatisfaction",1,577,0.173310225303293
"RTO","employer",2,577,0.346620450606586
"RTO","employers",8,577,1.38648180242634
"RTO","employment",4,577,0.693240901213172
"RTO","emptied",1,577,0.173310225303293
"RTO","empty",1,577,0.173310225303293
"RTO","en",2,577,0.346620450606586
"RTO","enabled",2,577,0.346620450606586
"RTO","endorsed",3,577,0.519930675909879
"RTO","endorsing",1,577,0.173310225303293
"RTO","endpoints",1,577,0.173310225303293
"RTO","energy",2,577,0.346620450606586
"RTO","enforce",4,577,0.693240901213172
"RTO","enforcement",2,577,0.346620450606586
"RTO","enforces",1,577,0.173310225303293
"RTO","engagement",2,577,0.346620450606586
"RTO","engagements",1,577,0.173310225303293
"RTO","engaging",1,577,0.173310225303293
"RTO","enjoy",1,577,0.173310225303293
"RTO","enrage",1,577,0.173310225303293
"RTO","enrichment",1,577,0.173310225303293
"RTO","enter",1,577,0.173310225303293
"RTO","enthusiastic",1,577,0.173310225303293
"RTO","entice",1,577,0.173310225303293
"RTO","entire",1,577,0.173310225303293
"RTO","environment",1,577,0.173310225303293
"RTO","eo",1,577,0.173310225303293
"RTO","epa",1,577,0.173310225303293
"RTO","epidemiologists",1,577,0.173310225303293
"RTO","equity",5,577,0.866551126516464
"RTO","equivalent",2,577,0.346620450606586
"RTO","er",1,577,0.173310225303293
"RTO","era",1,577,0.173310225303293
"RTO","erased",1,577,0.173310225303293
"RTO","ergot",1,577,0.173310225303293
"RTO","ergs",1,577,0.173310225303293
"RTO","erosion",1,577,0.173310225303293
"RTO","errands",1,577,0.173310225303293
"RTO","ers",1,577,0.173310225303293
"RTO","escalate",1,577,0.173310225303293
"RTO","estate",5,577,0.866551126516464
"RTO","estimates",1,577,0.173310225303293
"RTO","ethic",1,577,0.173310225303293
"RTO","ethical",1,577,0.173310225303293
"RTO","ethics",1,577,0.173310225303293
"RTO","eu",1,577,0.173310225303293
"RTO","europe",1,577,0.173310225303293
"RTO","european",1,577,0.173310225303293
"RTO","ev",2,577,0.346620450606586
"RTO","eventually",3,577,0.519930675909879
"RTO","everyday",4,577,0.693240901213172
"RTO","evidence",4,577,0.693240901213172
"RTO","evolution",1,577,0.173310225303293
"RTO","evolving",1,577,0.173310225303293
"RTO","evs",4,577,0.693240901213172
"RTO","exacerbating",2,577,0.346620450606586
"RTO","exact",3,577,0.519930675909879
"RTO","examine",1,577,0.173310225303293
"RTO","examples",1,577,0.173310225303293
"RTO","excellent",1,577,0.173310225303293
"RTO","exchange",1,577,0.173310225303293
"RTO","excludes",1,577,0.173310225303293
"RTO","exclusively",1,577,0.173310225303293
"RTO","execs",1,577,0.173310225303293
"RTO","executed",1,577,0.173310225303293
"RTO","executive",2,577,0.346620450606586
"RTO","executives",1,577,0.173310225303293
"RTO","exempt",2,577,0.346620450606586
"RTO","exemption",1,577,0.173310225303293
"RTO","exercise",1,577,0.173310225303293
"RTO","exist",1,577,0.173310225303293
"RTO","exit",1,577,0.173310225303293
"RTO","expanded",1,577,0.173310225303293
"RTO","expanding",2,577,0.346620450606586
"RTO","expect",1,577,0.173310225303293
"RTO","expectations",2,577,0.346620450606586
"RTO","expected",1,577,0.173310225303293
"RTO","expects",1,577,0.173310225303293
"RTO","expense",2,577,0.346620450606586
"RTO","expenses",1,577,0.173310225303293
"RTO","expensive",3,577,0.519930675909879
"RTO","experience",2,577,0.346620450606586
"RTO","experienced",3,577,0.519930675909879
"RTO","experiences",1,577,0.173310225303293
"RTO","experiencing",2,577,0.346620450606586
"RTO","experts",2,577,0.346620450606586
"RTO","expired",1,577,0.173310225303293
"RTO","explain",2,577,0.346620450606586
"RTO","explaining",1,577,0.173310225303293
"RTO","explicit",1,577,0.173310225303293
"RTO","explode",3,577,0.519930675909879
"RTO","exploding",1,577,0.173310225303293
"RTO","exploiting",1,577,0.173310225303293
"RTO","explore",1,577,0.173310225303293
"RTO","explores",1,577,0.173310225303293
"RTO","exposure",1,577,0.173310225303293
"RTO","expressed",1,577,0.173310225303293
"RTO","expressing",2,577,0.346620450606586
"RTO","extinct",1,577,0.173310225303293
"RTO","extortion",2,577,0.346620450606586
"RTO","extra",1,577,0.173310225303293
"RTO","extraordinarily",1,577,0.173310225303293
"RTO","extreme",1,577,0.173310225303293
"RTO","extremely",1,577,0.173310225303293
"RTO","ey",1,577,0.173310225303293
"RTO","facing",3,577,0.519930675909879
"RTO","factor",1,577,0.173310225303293
"RTO","factors",1,577,0.173310225303293
"RTO","factory",4,577,0.693240901213172
"RTO","fade",9,577,1.55979202772964
"RTO","fading",2,577,0.346620450606586
"RTO","failed",5,577,0.866551126516464
"RTO","failing",2,577,0.346620450606586
"RTO","failure",1,577,0.173310225303293
"RTO","fairfax",2,577,0.346620450606586
"RTO","fall",1,577,0.173310225303293
"RTO","fallacy",1,577,0.173310225303293
"RTO","fallen",1,577,0.173310225303293
"RTO","falling",1,577,0.173310225303293
"RTO","fallout",1,577,0.173310225303293
"RTO","falls",1,577,0.173310225303293
"RTO","families",2,577,0.346620450606586
"RTO","family",2,577,0.346620450606586
"RTO","fancy",1,577,0.173310225303293
"RTO","fantasy",1,577,0.173310225303293
"RTO","farther",1,577,0.173310225303293
"RTO","fascism",3,577,0.519930675909879
"RTO","fashion",1,577,0.173310225303293
"RTO","faster",1,577,0.173310225303293
"RTO","fat",2,577,0.346620450606586
"RTO","faux",1,577,0.173310225303293
"RTO","favor",3,577,0.519930675909879
"RTO","favorite",2,577,0.346620450606586
"RTO","fbi",12,577,2.07972270363951
"RTO","fcc",1,577,0.173310225303293
"RTO","fda",1,577,0.173310225303293
"RTO","feasible",1,577,0.173310225303293
"RTO","feature",1,577,0.173310225303293
"RTO","fed",1,577,0.173310225303293
"RTO","fede",2,577,0.346620450606586
"RTO","federal",29,577,5.02599653379549
"RTO","feds",1,577,0.173310225303293
"RTO","feel",5,577,0.866551126516464
"RTO","feelings",1,577,0.173310225303293
"RTO","feels",1,577,0.173310225303293
"RTO","fellow",2,577,0.346620450606586
"RTO","felon",1,577,0.173310225303293
"RTO","ferrari",1,577,0.173310225303293
"RTO","fetish",1,577,0.173310225303293
"RTO","fewer",2,577,0.346620450606586
"RTO","field",1,577,0.173310225303293
"RTO","fifty",1,577,0.173310225303293
"RTO","fight",2,577,0.346620450606586
"RTO","fighting",1,577,0.173310225303293
"RTO","figure",3,577,0.519930675909879
"RTO","fill",1,577,0.173310225303293
"RTO","filmed",1,577,0.173310225303293
"RTO","filthy",1,577,0.173310225303293
"RTO","finally",5,577,0.866551126516464
"RTO","financial",3,577,0.519930675909879
"RTO","fine",1,577,0.173310225303293
"RTO","fines",1,577,0.173310225303293
"RTO","finest",1,577,0.173310225303293
"RTO","fire",2,577,0.346620450606586
"RTO","fired",2,577,0.346620450606586
"RTO","firing",1,577,0.173310225303293
"RTO","firings",1,577,0.173310225303293
"RTO","firm",2,577,0.346620450606586
"RTO","firms",2,577,0.346620450606586
"RTO","fish",1,577,0.173310225303293
"RTO","fits",1,577,0.173310225303293
"RTO","fix",5,577,0.866551126516464
"RTO","fixed",1,577,0.173310225303293
"RTO","flag",1,577,0.173310225303293
"RTO","flatten",1,577,0.173310225303293
"RTO","flexibility",4,577,0.693240901213172
"RTO","flirt",1,577,0.173310225303293
"RTO","flooded",1,577,0.173310225303293
"RTO","flooding",1,577,0.173310225303293
"RTO","floors",1,577,0.173310225303293
"RTO","flow",1,577,0.173310225303293
"RTO","fluktuation",1,577,0.173310225303293
"RTO","fmla",1,577,0.173310225303293
"RTO","fo",1,577,0.173310225303293
"RTO","focus",2,577,0.346620450606586
"RTO","folk",1,577,0.173310225303293
"RTO","follow",1,577,0.173310225303293
"RTO","food",2,577,0.346620450606586
"RTO","foolish",1,577,0.173310225303293
"RTO","foot",2,577,0.346620450606586
"RTO","foothold",1,577,0.173310225303293
"RTO","forbes",1,577,0.173310225303293
"RTO","force",4,577,0.693240901213172
"RTO","forced",16,577,2.77296360485269
"RTO","forcefully",2,577,0.346620450606586
"RTO","forces",3,577,0.519930675909879
"RTO","forcing",2,577,0.346620450606586
"RTO","foreign",2,577,0.346620450606586
"RTO","forever",1,577,0.173310225303293
"RTO","formal",2,577,0.346620450606586
"RTO","formally",1,577,0.173310225303293
"RTO","forthcoming",1,577,0.173310225303293
"RTO","fortunately",1,577,0.173310225303293
"RTO","fortune",1,577,0.173310225303293
"RTO","forward",2,577,0.346620450606586
"RTO","fossil",1,577,0.173310225303293
"RTO","fought",2,577,0.346620450606586
"RTO","found",7,577,1.21317157712305
"RTO","foundation",3,577,0.519930675909879
"RTO","fountains",1,577,0.173310225303293
"RTO","fox",2,577,0.346620450606586
"RTO","foxnews",1,577,0.173310225303293
"RTO","fragmented",1,577,0.173310225303293
"RTO","framing",2,577,0.346620450606586
"RTO","france",1,577,0.173310225303293
"RTO","fraud",1,577,0.173310225303293
"RTO","freak",1,577,0.173310225303293
"RTO","free",5,577,0.866551126516464
"RTO","freedom",4,577,0.693240901213172
"RTO","freeze",1,577,0.173310225303293
"RTO","french",1,577,0.173310225303293
"RTO","frenzy",1,577,0.173310225303293
"RTO","frequently",3,577,0.519930675909879
"RTO","fresh",1,577,0.173310225303293
"RTO","friday",1,577,0.173310225303293
"RTO","fridays",1,577,0.173310225303293
"RTO","fro",1,577,0.173310225303293
"RTO","ft",3,577,0.519930675909879
"RTO","fu",1,577,0.173310225303293
"RTO","fuck",4,577,0.693240901213172
"RTO","fucked",1,577,0.173310225303293
"RTO","fucking",3,577,0.519930675909879
"RTO","fuel",4,577,0.693240901213172
"RTO","fueled",1,577,0.173310225303293
"RTO","fullsendpodcast",1,577,0.173310225303293
"RTO","fun",1,577,0.173310225303293
"RTO","fund",1,577,0.173310225303293
"RTO","fundamental",1,577,0.173310225303293
"RTO","funded",3,577,0.519930675909879
"RTO","funding",3,577,0.519930675909879
"RTO","funds",1,577,0.173310225303293
"RTO","funny",4,577,0.693240901213172
"RTO","furious",2,577,0.346620450606586
"RTO","future",6,577,1.03986135181976
"RTO","ga",1,577,0.173310225303293
"RTO","galaxies",1,577,0.173310225303293
"RTO","games",1,577,0.173310225303293
"RTO","garbage",1,577,0.173310225303293
"RTO","garden",1,577,0.173310225303293
"RTO","garland",1,577,0.173310225303293
"RTO","gas",8,577,1.38648180242634
"RTO","gasket",1,577,0.173310225303293
"RTO","gavin",8,577,1.38648180242634
"RTO","gay",3,577,0.519930675909879
"RTO","gaza",1,577,0.173310225303293
"RTO","gec",2,577,0.346620450606586
"RTO","gee",1,577,0.173310225303293
"RTO","geen",1,577,0.173310225303293
"RTO","gehoopt",1,577,0.173310225303293
"RTO","gemiddelde",1,577,0.173310225303293
"RTO","gen",1,577,0.173310225303293
"RTO","gendered",2,577,0.346620450606586
"RTO","genderequity",1,577,0.173310225303293
"RTO","generate",1,577,0.173310225303293
"RTO","generations",1,577,0.173310225303293
"RTO","genocide",1,577,0.173310225303293
"RTO","george",2,577,0.346620450606586
"RTO","georgefloyd",1,577,0.173310225303293
"RTO","geqyndhv",1,577,0.173310225303293
"RTO","gestapo",1,577,0.173310225303293
"RTO","getter",1,577,0.173310225303293
"RTO","gewoon",1,577,0.173310225303293
"RTO","ghastly",2,577,0.346620450606586
"RTO","giant",1,577,0.173310225303293
"RTO","gift",2,577,0.346620450606586
"RTO","gilding",1,577,0.173310225303293
"RTO","giving",3,577,0.519930675909879
"RTO","glad",2,577,0.346620450606586
"RTO","glance",1,577,0.173310225303293
"RTO","global",4,577,0.693240901213172
"RTO","globalmedia",1,577,0.173310225303293
"RTO","goals",1,577,0.173310225303293
"RTO","gold",2,577,0.346620450606586
"RTO","golden",1,577,0.173310225303293
"RTO","golf",3,577,0.519930675909879
"RTO","gonna",1,577,0.173310225303293
"RTO","google",1,577,0.173310225303293
"RTO","gooit",1,577,0.173310225303293
"RTO","gop",4,577,0.693240901213172
"RTO","gorsica",1,577,0.173310225303293
"RTO","gotta",1,577,0.173310225303293
"RTO","gouvernement",1,577,0.173310225303293
"RTO","gov",8,577,1.38648180242634
"RTO","govern",1,577,0.173310225303293
"RTO","governing",1,577,0.173310225303293
"RTO","government",9,577,1.55979202772964
"RTO","governor",3,577,0.519930675909879
"RTO","govts",1,577,0.173310225303293
"RTO","grabbing",1,577,0.173310225303293
"RTO","grade",1,577,0.173310225303293
"RTO","grasp",1,577,0.173310225303293
"RTO","grave",1,577,0.173310225303293
"RTO","greatly",2,577,0.346620450606586
"RTO","greed",2,577,0.346620450606586
"RTO","green",7,577,1.21317157712305
"RTO","grew",1,577,0.173310225303293
"RTO","gridlocked",1,577,0.173310225303293
"RTO","grift",2,577,0.346620450606586
"RTO","grindr",2,577,0.346620450606586
"RTO","grossly",1,577,0.173310225303293
"RTO","ground",1,577,0.173310225303293
"RTO","grow",1,577,0.173310225303293
"RTO","growing",6,577,1.03986135181976
"RTO","grown",2,577,0.346620450606586
"RTO","growth",1,577,0.173310225303293
"RTO","grueling",1,577,0.173310225303293
"RTO","grumble",1,577,0.173310225303293
"RTO","grunt",1,577,0.173310225303293
"RTO","gta",1,577,0.173310225303293
"RTO","guardian",2,577,0.346620450606586
"RTO","guardians",1,577,0.173310225303293
"RTO","guess",3,577,0.519930675909879
"RTO","guessing",1,577,0.173310225303293
"RTO","gulf",1,577,0.173310225303293
"RTO","gunsilius",1,577,0.173310225303293
"RTO","gunter",2,577,0.346620450606586
"RTO","guy",6,577,1.03986135181976
"RTO","guys",1,577,0.173310225303293
"RTO","habit",2,577,0.346620450606586
"RTO","hahahaha",1,577,0.173310225303293
"RTO","half",3,577,0.519930675909879
"RTO","halve",1,577,0.173310225303293
"RTO","hand",1,577,0.173310225303293
"RTO","handmade",1,577,0.173310225303293
"RTO","hands",1,577,0.173310225303293
"RTO","happen",3,577,0.519930675909879
"RTO","happened",9,577,1.55979202772964
"RTO","happening",2,577,0.346620450606586
"RTO","hard",6,577,1.03986135181976
"RTO","hardened",1,577,0.173310225303293
"RTO","harm",2,577,0.346620450606586
"RTO","harmful",1,577,0.173310225303293
"RTO","harris",1,577,0.173310225303293
"RTO","harshly",1,577,0.173310225303293
"RTO","hate",1,577,0.173310225303293
"RTO","hated",1,577,0.173310225303293
"RTO","hater",1,577,0.173310225303293
"RTO","hates",1,577,0.173310225303293
"RTO","hea",1,577,0.173310225303293
"RTO","head",1,577,0.173310225303293
"RTO","headed",1,577,0.173310225303293
"RTO","headline",2,577,0.346620450606586
"RTO","headlines",2,577,0.346620450606586
"RTO","health",3,577,0.519930675909879
"RTO","hear",2,577,0.346620450606586
"RTO","heard",1,577,0.173310225303293
"RTO","hearing",1,577,0.173310225303293
"RTO","heartland",10,577,1.73310225303293
"RTO","hebben",1,577,0.173310225303293
"RTO","height",1,577,0.173310225303293
"RTO","heilemann",3,577,0.519930675909879
"RTO","held",7,577,1.21317157712305
"RTO","helemaal",1,577,0.173310225303293
"RTO","hell",4,577,0.693240901213172
"RTO","helped",2,577,0.346620450606586
"RTO","helping",1,577,0.173310225303293
"RTO","helt",1,577,0.173310225303293
"RTO","hemisphere",1,577,0.173310225303293
"RTO","heritage",3,577,0.519930675909879
"RTO","hesitancy",1,577,0.173310225303293
"RTO","het",1,577,0.173310225303293
"RTO","highlights",6,577,1.03986135181976
"RTO","highway",1,577,0.173310225303293
"RTO","hill",1,577,0.173310225303293
"RTO","hint",1,577,0.173310225303293
"RTO","hired",2,577,0.346620450606586
"RTO","hiring",4,577,0.693240901213172
"RTO","history",1,577,0.173310225303293
"RTO","hit",2,577,0.346620450606586
"RTO","hits",1,577,0.173310225303293
"RTO","hold",2,577,0.346620450606586
"RTO","holdings",2,577,0.346620450606586
"RTO","holiday",9,577,1.55979202772964
"RTO","hollowing",1,577,0.173310225303293
"RTO","homelessness",1,577,0.173310225303293
"RTO","homeowners",1,577,0.173310225303293
"RTO","homepage",1,577,0.173310225303293
"RTO","honestly",1,577,0.173310225303293
"RTO","hoo",1,577,0.173310225303293
"RTO","hope",3,577,0.519930675909879
"RTO","hoping",2,577,0.346620450606586
"RTO","hoppas",1,577,0.173310225303293
"RTO","hormuz",1,577,0.173310225303293
"RTO","horrible",1,577,0.173310225303293
"RTO","hospitality",1,577,0.173310225303293
"RTO","hospitalization",1,577,0.173310225303293
"RTO","host",2,577,0.346620450606586
"RTO","hostile",3,577,0.519930675909879
"RTO","hot",1,577,0.173310225303293
"RTO","hotz",1,577,0.173310225303293
"RTO","hour",8,577,1.38648180242634
"RTO","hours",2,577,0.346620450606586
"RTO","house",5,577,0.866551126516464
"RTO","housing",3,577,0.519930675909879
"RTO","houston",1,577,0.173310225303293
"RTO","hq",1,577,0.173310225303293
"RTO","hr",3,577,0.519930675909879
"RTO","hubs",1,577,0.173310225303293
"RTO","huffpost",1,577,0.173310225303293
"RTO","huge",1,577,0.173310225303293
"RTO","human",9,577,1.55979202772964
"RTO","humans",1,577,0.173310225303293
"RTO","hun",1,577,0.173310225303293
"RTO","hundreds",2,577,0.346620450606586
"RTO","hurt",1,577,0.173310225303293
"RTO","hvac",1,577,0.173310225303293
"RTO","hybrid",6,577,1.03986135181976
"RTO","hyperfixate",1,577,0.173310225303293
"RTO","hypocrites",1,577,0.173310225303293
"RTO","ia",2,577,0.346620450606586
"RTO","ice",17,577,2.94627383015598
"RTO","icebreakers",1,577,0.173310225303293
"RTO","icymi",2,577,0.346620450606586
"RTO","idea",8,577,1.38648180242634
"RTO","idee",1,577,0.173310225303293
"RTO","idiote",1,577,0.173310225303293
"RTO","ignore",1,577,0.173310225303293
"RTO","iii",1,577,0.173310225303293
"RTO","ik",1,577,0.173310225303293
"RTO","ilk",1,577,0.173310225303293
"RTO","illinois",1,577,0.173310225303293
"RTO","illness",1,577,0.173310225303293
"RTO","illustration",1,577,0.173310225303293
"RTO","ils",1,577,0.173310225303293
"RTO","im",1,577,0.173310225303293
"RTO","imagine",2,577,0.346620450606586
"RTO","immediately",1,577,0.173310225303293
"RTO","immigrants",2,577,0.346620450606586
"RTO","immigration",6,577,1.03986135181976
"RTO","immigrationpolicy",1,577,0.173310225303293
"RTO","impact",4,577,0.693240901213172
"RTO","impacts",1,577,0.173310225303293
"RTO","impartial",1,577,0.173310225303293
"RTO","impeachable",2,577,0.346620450606586
"RTO","impeached",1,577,0.173310225303293
"RTO","impeachment",3,577,0.519930675909879
"RTO","implemented",2,577,0.346620450606586
"RTO","implementing",1,577,0.173310225303293
"RTO","implicating",10,577,1.73310225303293
"RTO","implies",1,577,0.173310225303293
"RTO","improvement",1,577,0.173310225303293
"RTO","inappropriately",2,577,0.346620450606586
"RTO","inbound",1,577,0.173310225303293
"RTO","inbox",1,577,0.173310225303293
"RTO","incarcerated",1,577,0.173310225303293
"RTO","incentive",1,577,0.173310225303293
"RTO","include",2,577,0.346620450606586
"RTO","included",3,577,0.519930675909879
"RTO","includes",2,577,0.346620450606586
"RTO","including",7,577,1.21317157712305
"RTO","incompetence",1,577,0.173310225303293
"RTO","inconvenient",1,577,0.173310225303293
"RTO","incorporate",1,577,0.173310225303293
"RTO","incorporation",1,577,0.173310225303293
"RTO","increase",4,577,0.693240901213172
"RTO","increased",7,577,1.21317157712305
"RTO","increases",1,577,0.173310225303293
"RTO","increasing",1,577,0.173310225303293
"RTO","increasingly",6,577,1.03986135181976
"RTO","incriminating",1,577,0.173310225303293
"RTO","incumbents",1,577,0.173310225303293
"RTO","index",1,577,0.173310225303293
"RTO","indication",1,577,0.173310225303293
"RTO","indicators",1,577,0.173310225303293
"RTO","indictable",1,577,0.173310225303293
"RTO","individual",1,577,0.173310225303293
"RTO","inducement",1,577,0.173310225303293
"RTO","industry",6,577,1.03986135181976
"RTO","ineligible",1,577,0.173310225303293
"RTO","infectious",1,577,0.173310225303293
"RTO","inferred",1,577,0.173310225303293
"RTO","inflation",5,577,0.866551126516464
"RTO","inflationdistraction",1,577,0.173310225303293
"RTO","inflection",1,577,0.173310225303293
"RTO","inflexibility",1,577,0.173310225303293
"RTO","inflict",1,577,0.173310225303293
"RTO","influence",1,577,0.173310225303293
"RTO","infographic",1,577,0.173310225303293
"RTO","information",4,577,0.693240901213172
"RTO","infrastructure",1,577,0.173310225303293
"RTO","inherited",2,577,0.346620450606586
"RTO","initials",1,577,0.173310225303293
"RTO","initiative",3,577,0.519930675909879
"RTO","innovation",1,577,0.173310225303293
"RTO","innovative",1,577,0.173310225303293
"RTO","insanely",1,577,0.173310225303293
"RTO","insecure",1,577,0.173310225303293
"RTO","insider",4,577,0.693240901213172
"RTO","insisted",1,577,0.173310225303293
"RTO","instagram",1,577,0.173310225303293
"RTO","installation",1,577,0.173310225303293
"RTO","installed",1,577,0.173310225303293
"RTO","institutional",1,577,0.173310225303293
"RTO","institutions",6,577,1.03986135181976
"RTO","instrument",1,577,0.173310225303293
"RTO","insufficient",2,577,0.346620450606586
"RTO","insurance",1,577,0.173310225303293
"RTO","insurrectionary",1,577,0.173310225303293
"RTO","inte",1,577,0.173310225303293
"RTO","integrity",1,577,0.173310225303293
"RTO","intelligence",4,577,0.693240901213172
"RTO","intended",1,577,0.173310225303293
"RTO","intensified",1,577,0.173310225303293
"RTO","intensity",1,577,0.173310225303293
"RTO","interaction",1,577,0.173310225303293
"RTO","interactive",1,577,0.173310225303293
"RTO","interference",1,577,0.173310225303293
"RTO","internal",1,577,0.173310225303293
"RTO","international",2,577,0.346620450606586
"RTO","internment",6,577,1.03986135181976
"RTO","interrupt",1,577,0.173310225303293
"RTO","interview",1,577,0.173310225303293
"RTO","interviews",1,577,0.173310225303293
"RTO","introduced",2,577,0.346620450606586
"RTO","inventory",1,577,0.173310225303293
"RTO","invest",1,577,0.173310225303293
"RTO","investigated",2,577,0.346620450606586
"RTO","investigation",13,577,2.25303292894281
"RTO","investigations",4,577,0.693240901213172
"RTO","investment",15,577,2.59965337954939
"RTO","investors",2,577,0.346620450606586
"RTO","involved",3,577,0.519930675909879
"RTO","involvement",5,577,0.866551126516464
"RTO","involving",1,577,0.173310225303293
"RTO","iokiyar",1,577,0.173310225303293
"RTO","ipsos",1,577,0.173310225303293
"RTO","iran",4,577,0.693240901213172
"RTO","iranwar",2,577,0.346620450606586
"RTO","ire",2,577,0.346620450606586
"RTO","israel",1,577,0.173310225303293
"RTO","issue",4,577,0.693240901213172
"RTO","issued",3,577,0.519930675909879
"RTO","issues",9,577,1.55979202772964
"RTO","istället",1,577,0.173310225303293
"RTO","items",1,577,0.173310225303293
"RTO","itmedia",1,577,0.173310225303293
"RTO","jacob",1,577,0.173310225303293
"RTO","jacobsoboro",1,577,0.173310225303293
"RTO","jacobsoboroff",1,577,0.173310225303293
"RTO","jan",2,577,0.346620450606586
"RTO","january",4,577,0.693240901213172
"RTO","japanese",6,577,1.03986135181976
"RTO","jargon",1,577,0.173310225303293
"RTO","jassy",1,577,0.173310225303293
"RTO","jdvance",1,577,0.173310225303293
"RTO","jeff",1,577,0.173310225303293
"RTO","jennings",1,577,0.173310225303293
"RTO","jerk",1,577,0.173310225303293
"RTO","jinping",1,577,0.173310225303293
"RTO","jknys",1,577,0.173310225303293
"RTO","job",15,577,2.59965337954939
"RTO","jobs",19,577,3.29289428076257
"RTO","joe",1,577,0.173310225303293
"RTO","john",5,577,0.866551126516464
"RTO","johnroberts",1,577,0.173310225303293
"RTO","join",2,577,0.346620450606586
"RTO","joining",1,577,0.173310225303293
"RTO","journalism",2,577,0.346620450606586
"RTO","joyce",1,577,0.173310225303293
"RTO","judge",2,577,0.346620450606586
"RTO","judges",2,577,0.346620450606586
"RTO","judiciary",2,577,0.346620450606586
"RTO","jules",1,577,0.173310225303293
"RTO","july",5,577,0.866551126516464
"RTO","june",4,577,0.693240901213172
"RTO","junior",4,577,0.693240901213172
"RTO","jurisdictions",1,577,0.173310225303293
"RTO","justification",4,577,0.693240901213172
"RTO","justified",1,577,0.173310225303293
"RTO","justify",4,577,0.693240901213172
"RTO","kan",1,577,0.173310225303293
"RTO","kanata",5,577,0.866551126516464
"RTO","kanske",1,577,0.173310225303293
"RTO","kantoor",1,577,0.173310225303293
"RTO","kao",1,577,0.173310225303293
"RTO","kashpatel",1,577,0.173310225303293
"RTO","kastle",1,577,0.173310225303293
"RTO","kauf",1,577,0.173310225303293
"RTO","kaum",1,577,0.173310225303293
"RTO","keeping",2,577,0.346620450606586
"RTO","key",12,577,2.07972270363951
"RTO","keystroke",1,577,0.173310225303293
"RTO","kid",1,577,0.173310225303293
"RTO","kids",2,577,0.346620450606586
"RTO","killed",1,577,0.173310225303293
"RTO","kirk",1,577,0.173310225303293
"RTO","kiss",1,577,0.173310225303293
"RTO","kpi",1,577,0.173310225303293
"RTO","kushner",1,577,0.173310225303293
"RTO","kyleforgeard",1,577,0.173310225303293
"RTO","labor",6,577,1.03986135181976
"RTO","labour",1,577,0.173310225303293
"RTO","lack",6,577,1.03986135181976
"RTO","lafayette",1,577,0.173310225303293
"RTO","laid",2,577,0.346620450606586
"RTO","lamb",1,577,0.173310225303293
"RTO","lame",1,577,0.173310225303293
"RTO","landing",1,577,0.173310225303293
"RTO","landowners",1,577,0.173310225303293
"RTO","lanes",1,577,0.173310225303293
"RTO","larger",1,577,0.173310225303293
"RTO","largest",2,577,0.346620450606586
"RTO","late",1,577,0.173310225303293
"RTO","laundering",1,577,0.173310225303293
"RTO","law",7,577,1.21317157712305
"RTO","lawenforcement",1,577,0.173310225303293
"RTO","lawns",1,577,0.173310225303293
"RTO","laws",1,577,0.173310225303293
"RTO","lawson",1,577,0.173310225303293
"RTO","lawsuits",1,577,0.173310225303293
"RTO","lawyer",1,577,0.173310225303293
"RTO","lawyers",1,577,0.173310225303293
"RTO","lay",1,577,0.173310225303293
"RTO","laying",1,577,0.173310225303293
"RTO","layoff",1,577,0.173310225303293
"RTO","layoffs",4,577,0.693240901213172
"RTO","lazarou",1,577,0.173310225303293
"RTO","le",3,577,0.519930675909879
"RTO","lead",2,577,0.346620450606586
"RTO","leader",7,577,1.21317157712305
"RTO","leaders",12,577,2.07972270363951
"RTO","leadership",10,577,1.73310225303293
"RTO","leading",2,577,0.346620450606586
"RTO","leads",1,577,0.173310225303293
"RTO","leaking",1,577,0.173310225303293
"RTO","leaned",1,577,0.173310225303293
"RTO","learn",5,577,0.866551126516464
"RTO","learned",1,577,0.173310225303293
"RTO","learning",1,577,0.173310225303293
"RTO","lease",2,577,0.346620450606586
"RTO","leases",1,577,0.173310225303293
"RTO","leasing",1,577,0.173310225303293
"RTO","leave",2,577,0.346620450606586
"RTO","leaves",1,577,0.173310225303293
"RTO","leaving",5,577,0.866551126516464
"RTO","left",3,577,0.519930675909879
"RTO","legal",2,577,0.346620450606586
"RTO","legislation",1,577,0.173310225303293
"RTO","legitimacy",1,577,0.173310225303293
"RTO","leip",1,577,0.173310225303293
"RTO","leiper",4,577,0.693240901213172
"RTO","leistungsträgern",1,577,0.173310225303293
"RTO","les",1,577,0.173310225303293
"RTO","letter",1,577,0.173310225303293
"RTO","letting",1,577,0.173310225303293
"RTO","levels",1,577,0.173310225303293
"RTO","levers",1,577,0.173310225303293
"RTO","lexicon",1,577,0.173310225303293
"RTO","liar",1,577,0.173310225303293
"RTO","liberals",1,577,0.173310225303293
"RTO","lieten",1,577,0.173310225303293
"RTO","life",4,577,0.693240901213172
"RTO","light",1,577,0.173310225303293
"RTO","lights",1,577,0.173310225303293
"RTO","line",1,577,0.173310225303293
"RTO","link",2,577,0.346620450606586
"RTO","linked",3,577,0.519930675909879
"RTO","list",1,577,0.173310225303293
"RTO","listen",1,577,0.173310225303293
"RTO","literally",5,577,0.866551126516464
"RTO","literature",1,577,0.173310225303293
"RTO","lives",1,577,0.173310225303293
"RTO","livid",1,577,0.173310225303293
"RTO","living",3,577,0.519930675909879
"RTO","llm",1,577,0.173310225303293
"RTO","llms",1,577,0.173310225303293
"RTO","lobbying",1,577,0.173310225303293
"RTO","local",8,577,1.38648180242634
"RTO","located",1,577,0.173310225303293
"RTO","location",1,577,0.173310225303293
"RTO","locations",1,577,0.173310225303293
"RTO","lock",1,577,0.173310225303293
"RTO","logged",2,577,0.346620450606586
"RTO","logic",1,577,0.173310225303293
"RTO","lololol",1,577,0.173310225303293
"RTO","looms",1,577,0.173310225303293
"RTO","loosen",1,577,0.173310225303293
"RTO","lose",1,577,0.173310225303293
"RTO","losers",1,577,0.173310225303293
"RTO","losing",1,577,0.173310225303293
"RTO","loss",3,577,0.519930675909879
"RTO","lost",9,577,1.55979202772964
"RTO","lot",8,577,1.38648180242634
"RTO","lots",2,577,0.346620450606586
"RTO","love",1,577,0.173310225303293
"RTO","lovingly",1,577,0.173310225303293
"RTO","low",1,577,0.173310225303293
"RTO","lower",3,577,0.519930675909879
"RTO","lrt",1,577,0.173310225303293
"RTO","lucifers",1,577,0.173310225303293
"RTO","luck",1,577,0.173310225303293
"RTO","lunch",1,577,0.173310225303293
"RTO","lunches",2,577,0.346620450606586
"RTO","lunsumio",1,577,0.173310225303293
"RTO","luring",1,577,0.173310225303293
"RTO","lyft",2,577,0.346620450606586
"RTO","lying",2,577,0.346620450606586
"RTO","lymphoma",1,577,0.173310225303293
"RTO","là",1,577,0.173310225303293
"RTO","låter",1,577,0.173310225303293
"RTO","maaan",1,577,0.173310225303293
"RTO","mad",1,577,0.173310225303293
"RTO","maga",3,577,0.519930675909879
"RTO","magdalena",1,577,0.173310225303293
"RTO","main",2,577,0.346620450606586
"RTO","maintenance",1,577,0.173310225303293
"RTO","major",5,577,0.866551126516464
"RTO","majority",3,577,0.519930675909879
"RTO","majorly",1,577,0.173310225303293
"RTO","makes",7,577,1.21317157712305
"RTO","male",1,577,0.173310225303293
"RTO","malevolent",1,577,0.173310225303293
"RTO","management",2,577,0.346620450606586
"RTO","manager",2,577,0.346620450606586
"RTO","managers",11,577,1.90641247833622
"RTO","mandaat",1,577,0.173310225303293
"RTO","mandate",32,577,5.54592720970537
"RTO","mandated",1,577,0.173310225303293
"RTO","mandates",47,577,8.14558058925477
"RTO","mandating",1,577,0.173310225303293
"RTO","mandatory",8,577,1.38648180242634
"RTO","manipulates",1,577,0.173310225303293
"RTO","manipulation",1,577,0.173310225303293
"RTO","manual",1,577,0.173310225303293
"RTO","manufacturing",10,577,1.73310225303293
"RTO","march",1,577,0.173310225303293
"RTO","marcorubio",1,577,0.173310225303293
"RTO","market",13,577,2.25303292894281
"RTO","marketing",1,577,0.173310225303293
"RTO","marking",3,577,0.519930675909879
"RTO","markwaynemullin",1,577,0.173310225303293
"RTO","marred",1,577,0.173310225303293
"RTO","martin",1,577,0.173310225303293
"RTO","masking",1,577,0.173310225303293
"RTO","mass",6,577,1.03986135181976
"RTO","massive",1,577,0.173310225303293
"RTO","masturbatory",1,577,0.173310225303293
"RTO","material",1,577,0.173310225303293
"RTO","matter",2,577,0.346620450606586
"RTO","matthew",1,577,0.173310225303293
"RTO","maximizes",1,577,0.173310225303293
"RTO","mayo",2,577,0.346620450606586
"RTO","mayor",4,577,0.693240901213172
"RTO","mayoral",3,577,0.519930675909879
"RTO","mcconnell",10,577,1.73310225303293
"RTO","mcnamara",1,577,0.173310225303293
"RTO","meaningful",1,577,0.173310225303293
"RTO","means",3,577,0.519930675909879
"RTO","measles",1,577,0.173310225303293
"RTO","measured",1,577,0.173310225303293
"RTO","measures",1,577,0.173310225303293
"RTO","mechanism",1,577,0.173310225303293
"RTO","media",3,577,0.519930675909879
"RTO","medical",1,577,0.173310225303293
"RTO","meet",1,577,0.173310225303293
"RTO","meeting",5,577,0.866551126516464
"RTO","meetings",1,577,0.173310225303293
"RTO","meinkampf",1,577,0.173310225303293
"RTO","melania",1,577,0.173310225303293
"RTO","melt",1,577,0.173310225303293
"RTO","memes",1,577,0.173310225303293
"RTO","memo",2,577,0.346620450606586
"RTO","mensen",1,577,0.173310225303293
"RTO","mental",2,577,0.346620450606586
"RTO","mess",1,577,0.173310225303293
"RTO","messgae",1,577,0.173310225303293
"RTO","met",2,577,0.346620450606586
"RTO","meta",1,577,0.173310225303293
"RTO","metro",2,577,0.346620450606586
"RTO","mexico",1,577,0.173310225303293
"RTO","mfg",1,577,0.173310225303293
"RTO","microaggressions",1,577,0.173310225303293
"RTO","micromanagement",1,577,0.173310225303293
"RTO","micromanaging",5,577,0.866551126516464
"RTO","microsoft",1,577,0.173310225303293
"RTO","microwaved",1,577,0.173310225303293
"RTO","midterm",1,577,0.173310225303293
"RTO","midterms",3,577,0.519930675909879
"RTO","midweek",1,577,0.173310225303293
"RTO","migration",1,577,0.173310225303293
"RTO","mikejohnson",1,577,0.173310225303293
"RTO","mil",2,577,0.346620450606586
"RTO","mile",1,577,0.173310225303293
"RTO","miles",2,577,0.346620450606586
"RTO","military",6,577,1.03986135181976
"RTO","million",14,577,2.4263431542461
"RTO","millions",1,577,0.173310225303293
"RTO","mind",4,577,0.693240901213172
"RTO","minder",1,577,0.173310225303293
"RTO","minimum",2,577,0.346620450606586
"RTO","minions",1,577,0.173310225303293
"RTO","minister",2,577,0.346620450606586
"RTO","minutes",1,577,0.173310225303293
"RTO","miscarriages",6,577,1.03986135181976
"RTO","miscarried",1,577,0.173310225303293
"RTO","misconduct",1,577,0.173310225303293
"RTO","missing",1,577,0.173310225303293
"RTO","mistakes",3,577,0.519930675909879
"RTO","mistreating",1,577,0.173310225303293
"RTO","mitch",7,577,1.21317157712305
"RTO","mitchmcconnell",1,577,0.173310225303293
"RTO","mittel",1,577,0.173310225303293
"RTO","ml",1,577,0.173310225303293
"RTO","mobile",2,577,0.346620450606586
"RTO","models",1,577,0.173310225303293
"RTO","module",1,577,0.173310225303293
"RTO","moet",1,577,0.173310225303293
"RTO","moment",6,577,1.03986135181976
"RTO","monaco",1,577,0.173310225303293
"RTO","monday",2,577,0.346620450606586
"RTO","mondays",1,577,0.173310225303293
"RTO","mondo",1,577,0.173310225303293
"RTO","money",10,577,1.73310225303293
"RTO","monitoring",1,577,0.173310225303293
"RTO","month",3,577,0.519930675909879
"RTO","monthly",2,577,0.346620450606586
"RTO","months",16,577,2.77296360485269
"RTO","moral",1,577,0.173310225303293
"RTO","morale",1,577,0.173310225303293
"RTO","morning",3,577,0.519930675909879
"RTO","moroccan",1,577,0.173310225303293
"RTO","mortgage",1,577,0.173310225303293
"RTO","motivated",1,577,0.173310225303293
"RTO","motivations",1,577,0.173310225303293
"RTO","mould",1,577,0.173310225303293
"RTO","mourning",1,577,0.173310225303293
"RTO","mouse",1,577,0.173310225303293
"RTO","move",5,577,0.866551126516464
"RTO","moved",2,577,0.346620450606586
"RTO","movement",1,577,0.173310225303293
"RTO","moving",2,577,0.346620450606586
"RTO","mp",1,577,0.173310225303293
"RTO","ms",1,577,0.173310225303293
"RTO","multco",3,577,0.519930675909879
"RTO","multnomah",1,577,0.173310225303293
"RTO","mundane",1,577,0.173310225303293
"RTO","municipal",1,577,0.173310225303293
"RTO","muppet",1,577,0.173310225303293
"RTO","music",1,577,0.173310225303293
"RTO","musings",1,577,0.173310225303293
"RTO","myths",1,577,0.173310225303293
"RTO","narcissism",6,577,1.03986135181976
"RTO","narrator",2,577,0.346620450606586
"RTO","national",3,577,0.519930675909879
"RTO","nationalsecurity",1,577,0.173310225303293
"RTO","nations",1,577,0.173310225303293
"RTO","nature",1,577,0.173310225303293
"RTO","nausea",1,577,0.173310225303293
"RTO","navy",1,577,0.173310225303293
"RTO","nazi",2,577,0.346620450606586
"RTO","nazis",2,577,0.346620450606586
"RTO","nazism",1,577,0.173310225303293
"RTO","nbc",1,577,0.173310225303293
"RTO","nccapital",1,577,0.173310225303293
"RTO","nearby",3,577,0.519930675909879
"RTO","necessarily",1,577,0.173310225303293
"RTO","neddragningar",1,577,0.173310225303293
"RTO","negotiate",1,577,0.173310225303293
"RTO","negotiating",1,577,0.173310225303293
"RTO","negotiation",1,577,0.173310225303293
"RTO","negotiations",1,577,0.173310225303293
"RTO","nehmen",1,577,0.173310225303293
"RTO","nelk",1,577,0.173310225303293
"RTO","neo",1,577,0.173310225303293
"RTO","nerds",1,577,0.173310225303293
"RTO","net",1,577,0.173310225303293
"RTO","network",1,577,0.173310225303293
"RTO","neutral",1,577,0.173310225303293
"RTO","newamerica",1,577,0.173310225303293
"RTO","newly",3,577,0.519930675909879
"RTO","newmexico",1,577,0.173310225303293
"RTO","news",15,577,2.59965337954939
"RTO","newsletter",1,577,0.173310225303293
"RTO","newsom",6,577,1.03986135181976
"RTO","newstream",1,577,0.173310225303293
"RTO","nick",1,577,0.173310225303293
"RTO","nickname",1,577,0.173310225303293
"RTO","niet",1,577,0.173310225303293
"RTO","niks",1,577,0.173310225303293
"RTO","nix",1,577,0.173310225303293
"RTO","nj",1,577,0.173310225303293
"RTO","nog",1,577,0.173310225303293
"RTO","nomination",1,577,0.173310225303293
"RTO","noncompliance",2,577,0.346620450606586
"RTO","nonpartisan",1,577,0.173310225303293
"RTO","nonsense",1,577,0.173310225303293
"RTO","normal",1,577,0.173310225303293
"RTO","normalise",1,577,0.173310225303293
"RTO","norman",1,577,0.173310225303293
"RTO","notes",1,577,0.173310225303293
"RTO","noticeably",1,577,0.173310225303293
"RTO","november",1,577,0.173310225303293
"RTO","npcs",1,577,0.173310225303293
"RTO","nutteloze",1,577,0.173310225303293
"RTO","nz",1,577,0.173310225303293
"RTO","något",1,577,0.173310225303293
"RTO","obama",1,577,0.173310225303293
"RTO","objecting",1,577,0.173310225303293
"RTO","objective",1,577,0.173310225303293
"RTO","objectives",1,577,0.173310225303293
"RTO","obligation",1,577,0.173310225303293
"RTO","obligations",1,577,0.173310225303293
"RTO","obsessed",1,577,0.173310225303293
"RTO","obsession",1,577,0.173310225303293
"RTO","obtained",2,577,0.346620450606586
"RTO","obvious",1,577,0.173310225303293
"RTO","oc",2,577,0.346620450606586
"RTO","occupational",1,577,0.173310225303293
"RTO","october",2,577,0.346620450606586
"RTO","odious",1,577,0.173310225303293
"RTO","offenses",3,577,0.519930675909879
"RTO","offensive",1,577,0.173310225303293
"RTO","offer",2,577,0.346620450606586
"RTO","offered",2,577,0.346620450606586
"RTO","offering",1,577,0.173310225303293
"RTO","officemythology",1,577,0.173310225303293
"RTO","officepolicy",1,577,0.173310225303293
"RTO","offices",2,577,0.346620450606586
"RTO","official",1,577,0.173310225303293
"RTO","officials",4,577,0.693240901213172
"RTO","offset",2,577,0.346620450606586
"RTO","ohnstad",5,577,0.866551126516464
"RTO","oligarch",1,577,0.173310225303293
"RTO","oligarchs",1,577,0.173310225303293
"RTO","om",1,577,0.173310225303293
"RTO","omöjligt",1,577,0.173310225303293
"RTO","onbegrijpelijk",1,577,0.173310225303293
"RTO","ongoing",4,577,0.693240901213172
"RTO","online",4,577,0.693240901213172
"RTO","onset",1,577,0.173310225303293
"RTO","ontario",1,577,0.173310225303293
"RTO","ook",1,577,0.173310225303293
"RTO","ooooh",1,577,0.173310225303293
"RTO","op",1,577,0.173310225303293
"RTO","operational",2,577,0.346620450606586
"RTO","opinion",7,577,1.21317157712305
"RTO","opinions",1,577,0.173310225303293
"RTO","opposed",1,577,0.173310225303293
"RTO","opposing",1,577,0.173310225303293
"RTO","opposite",1,577,0.173310225303293
"RTO","opposition",2,577,0.346620450606586
"RTO","optics",2,577,0.346620450606586
"RTO","options",1,577,0.173310225303293
"RTO","oram",1,577,0.173310225303293
"RTO","orange",1,577,0.173310225303293
"RTO","oregon",1,577,0.173310225303293
"RTO","org",1,577,0.173310225303293
"RTO","organizational",1,577,0.173310225303293
"RTO","organizations",6,577,1.03986135181976
"RTO","original",1,577,0.173310225303293
"RTO","orléans",2,577,0.346620450606586
"RTO","ottawa",11,577,1.90641247833622
"RTO","ottcity",1,577,0.173310225303293
"RTO","ottnews",1,577,0.173310225303293
"RTO","outbound",1,577,0.173310225303293
"RTO","outlays",1,577,0.173310225303293
"RTO","outlined",3,577,0.519930675909879
"RTO","output",3,577,0.519930675909879
"RTO","outrage",1,577,0.173310225303293
"RTO","outreach",1,577,0.173310225303293
"RTO","overlaps",1,577,0.173310225303293
"RTO","overlook",1,577,0.173310225303293
"RTO","oversaw",1,577,0.173310225303293
"RTO","overtly",1,577,0.173310225303293
"RTO","overturn",1,577,0.173310225303293
"RTO","overturned",3,577,0.519930675909879
"RTO","overview",1,577,0.173310225303293
"RTO","overworked",1,577,0.173310225303293
"RTO","owners",3,577,0.519930675909879
"RTO","ownership",2,577,0.346620450606586
"RTO","oxytocin",1,577,0.173310225303293
"RTO","où",1,577,0.173310225303293
"RTO","pacer",1,577,0.173310225303293
"RTO","packages",2,577,0.346620450606586
"RTO","packed",2,577,0.346620450606586
"RTO","paid",3,577,0.519930675909879
"RTO","pain",1,577,0.173310225303293
"RTO","painting",1,577,0.173310225303293
"RTO","pair",1,577,0.173310225303293
"RTO","panama",1,577,0.173310225303293
"RTO","pandemic",4,577,0.693240901213172
"RTO","panics",1,577,0.173310225303293
"RTO","paper",3,577,0.519930675909879
"RTO","paragraph",1,577,0.173310225303293
"RTO","paramount",2,577,0.346620450606586
"RTO","pardons",3,577,0.519930675909879
"RTO","parents",4,577,0.693240901213172
"RTO","park",3,577,0.519930675909879
"RTO","parking",3,577,0.519930675909879
"RTO","parks",1,577,0.173310225303293
"RTO","partial",2,577,0.346620450606586
"RTO","parties",1,577,0.173310225303293
"RTO","partout",1,577,0.173310225303293
"RTO","party",1,577,0.173310225303293
"RTO","passed",1,577,0.173310225303293
"RTO","path",1,577,0.173310225303293
"RTO","pathetic",2,577,0.346620450606586
"RTO","pathological",1,577,0.173310225303293
"RTO","paths",1,577,0.173310225303293
"RTO","pattern",1,577,0.173310225303293
"RTO","pay",15,577,2.59965337954939
"RTO","payers",1,577,0.173310225303293
"RTO","paying",6,577,1.03986135181976
"RTO","payment",1,577,0.173310225303293
"RTO","payouts",1,577,0.173310225303293
"RTO","pdjzknw",1,577,0.173310225303293
"RTO","pdx",1,577,0.173310225303293
"RTO","peace",2,577,0.346620450606586
"RTO","peak",4,577,0.693240901213172
"RTO","peasy",1,577,0.173310225303293
"RTO","pedophileprotectors",1,577,0.173310225303293
"RTO","pedophiles",1,577,0.173310225303293
"RTO","penn",1,577,0.173310225303293
"RTO","pennsylvania",1,577,0.173310225303293
"RTO","peo",1,577,0.173310225303293
"RTO","people",32,577,5.54592720970537
"RTO","peoples",1,577,0.173310225303293
"RTO","percent",2,577,0.346620450606586
"RTO","perception",1,577,0.173310225303293
"RTO","perfect",1,577,0.173310225303293
"RTO","perform",2,577,0.346620450606586
"RTO","performance",8,577,1.38648180242634
"RTO","perk",1,577,0.173310225303293
"RTO","permanent",1,577,0.173310225303293
"RTO","permanently",1,577,0.173310225303293
"RTO","perpetrators",1,577,0.173310225303293
"RTO","person",6,577,1.03986135181976
"RTO","personal",1,577,0.173310225303293
"RTO","personalabbau",1,577,0.173310225303293
"RTO","personalized",1,577,0.173310225303293
"RTO","personnel",1,577,0.173310225303293
"RTO","pete",1,577,0.173310225303293
"RTO","petition",4,577,0.693240901213172
"RTO","petitions",2,577,0.346620450606586
"RTO","phase",1,577,0.173310225303293
"RTO","phil",3,577,0.519930675909879
"RTO","philosophical",1,577,0.173310225303293
"RTO","phone",1,577,0.173310225303293
"RTO","phrases",1,577,0.173310225303293
"RTO","physical",2,577,0.346620450606586
"RTO","piece",2,577,0.346620450606586
"RTO","pied",1,577,0.173310225303293
"RTO","pink",1,577,0.173310225303293
"RTO","pitch",1,577,0.173310225303293
"RTO","pittsb",1,577,0.173310225303293
"RTO","pittsburgh",1,577,0.173310225303293
"RTO","placing",1,577,0.173310225303293
"RTO","plan",4,577,0.693240901213172
"RTO","planned",3,577,0.519930675909879
"RTO","planning",1,577,0.173310225303293
"RTO","plans",9,577,1.55979202772964
"RTO","platforms",1,577,0.173310225303293
"RTO","play",10,577,1.73310225303293
"RTO","pleased",1,577,0.173310225303293
"RTO","plug",1,577,0.173310225303293
"RTO","plummeting",2,577,0.346620450606586
"RTO","plutôt",1,577,0.173310225303293
"RTO","pm",1,577,0.173310225303293
"RTO","pocketing",1,577,0.173310225303293
"RTO","pointless",1,577,0.173310225303293
"RTO","poison",1,577,0.173310225303293
"RTO","poisoning",1,577,0.173310225303293
"RTO","pokemon",1,577,0.173310225303293
"RTO","poli",1,577,0.173310225303293
"RTO","police",1,577,0.173310225303293
"RTO","policies",23,577,3.98613518197574
"RTO","policy",39,577,6.75909878682842
"RTO","political",3,577,0.519930675909879
"RTO","politicalsatire",1,577,0.173310225303293
"RTO","politician",3,577,0.519930675909879
"RTO","politicians",1,577,0.173310225303293
"RTO","politics",7,577,1.21317157712305
"RTO","poll",2,577,0.346620450606586
"RTO","polls",1,577,0.173310225303293
"RTO","pollution",1,577,0.173310225303293
"RTO","polqc",1,577,0.173310225303293
"RTO","pool",1,577,0.173310225303293
"RTO","poorly",1,577,0.173310225303293
"RTO","portland",1,577,0.173310225303293
"RTO","pos",1,577,0.173310225303293
"RTO","position",1,577,0.173310225303293
"RTO","positive",2,577,0.346620450606586
"RTO","possibility",1,577,0.173310225303293
"RTO","post",9,577,1.55979202772964
"RTO","postings",1,577,0.173310225303293
"RTO","potential",2,577,0.346620450606586
"RTO","potentially",9,577,1.55979202772964
"RTO","potus",1,577,0.173310225303293
"RTO","pour",1,577,0.173310225303293
"RTO","power",7,577,1.21317157712305
"RTO","powers",1,577,0.173310225303293
"RTO","ppl",1,577,0.173310225303293
"RTO","practical",1,577,0.173310225303293
"RTO","practice",3,577,0.519930675909879
"RTO","praise",1,577,0.173310225303293
"RTO","predicted",1,577,0.173310225303293
"RTO","prediction",2,577,0.346620450606586
"RTO","predictor",1,577,0.173310225303293
"RTO","preferences",1,577,0.173310225303293
"RTO","pregnant",3,577,0.519930675909879
"RTO","premier",1,577,0.173310225303293
"RTO","prepared",1,577,0.173310225303293
"RTO","preparing",1,577,0.173310225303293
"RTO","pres",1,577,0.173310225303293
"RTO","presence",2,577,0.346620450606586
"RTO","presidency",1,577,0.173310225303293
"RTO","president",27,577,4.67937608318891
"RTO","presidential",1,577,0.173310225303293
"RTO","press",4,577,0.693240901213172
"RTO","pressure",3,577,0.519930675909879
"RTO","prestige",1,577,0.173310225303293
"RTO","pretending",1,577,0.173310225303293
"RTO","pretty",2,577,0.346620450606586
"RTO","previous",1,577,0.173310225303293
"RTO","prez",1,577,0.173310225303293
"RTO","price",4,577,0.693240901213172
"RTO","prices",2,577,0.346620450606586
"RTO","pricey",1,577,0.173310225303293
"RTO","pricing",1,577,0.173310225303293
"RTO","prima",1,577,0.173310225303293
"RTO","primarily",1,577,0.173310225303293
"RTO","primary",4,577,0.693240901213172
"RTO","prime",1,577,0.173310225303293
"RTO","prince",1,577,0.173310225303293
"RTO","princerupertbc",1,577,0.173310225303293
"RTO","priority",2,577,0.346620450606586
"RTO","prison",6,577,1.03986135181976
"RTO","private",4,577,0.693240901213172
"RTO","privilégier",1,577,0.173310225303293
"RTO","pro",1,577,0.173310225303293
"RTO","probe",1,577,0.173310225303293
"RTO","probleem",1,577,0.173310225303293
"RTO","process",2,577,0.346620450606586
"RTO","processes",1,577,0.173310225303293
"RTO","produced",2,577,0.346620450606586
"RTO","product",2,577,0.346620450606586
"RTO","productief",1,577,0.173310225303293
"RTO","production",1,577,0.173310225303293
"RTO","productive",1,577,0.173310225303293
"RTO","productivity",5,577,0.866551126516464
"RTO","profession",1,577,0.173310225303293
"RTO","professional",1,577,0.173310225303293
"RTO","professionals",2,577,0.346620450606586
"RTO","profit",1,577,0.173310225303293
"RTO","profited",2,577,0.346620450606586
"RTO","profiteering",1,577,0.173310225303293
"RTO","profits",1,577,0.173310225303293
"RTO","progress",1,577,0.173310225303293
"RTO","progressive",1,577,0.173310225303293
"RTO","project",6,577,1.03986135181976
"RTO","projected",1,577,0.173310225303293
"RTO","projects",1,577,0.173310225303293
"RTO","prolonged",2,577,0.346620450606586
"RTO","promised",11,577,1.90641247833622
"RTO","promises",1,577,0.173310225303293
"RTO","promising",2,577,0.346620450606586
"RTO","prompts",1,577,0.173310225303293
"RTO","propaganda",1,577,0.173310225303293
"RTO","proportion",3,577,0.519930675909879
"RTO","proposal",1,577,0.173310225303293
"RTO","propublica",1,577,0.173310225303293
"RTO","prospects",1,577,0.173310225303293
"RTO","protect",2,577,0.346620450606586
"RTO","protections",1,577,0.173310225303293
"RTO","protest",2,577,0.346620450606586
"RTO","protesters",1,577,0.173310225303293
"RTO","protesting",1,577,0.173310225303293
"RTO","protocols",1,577,0.173310225303293
"RTO","proved",1,577,0.173310225303293
"RTO","provide",1,577,0.173310225303293
"RTO","provider",1,577,0.173310225303293
"RTO","provincial",1,577,0.173310225303293
"RTO","proving",2,577,0.346620450606586
"RTO","proximity",2,577,0.346620450606586
"RTO","proxy",1,577,0.173310225303293
"RTO","précis",1,577,0.173310225303293
"RTO","présence",1,577,0.173310225303293
"RTO","présentiel",2,577,0.346620450606586
"RTO","psychopathic",1,577,0.173310225303293
"RTO","pts",1,577,0.173310225303293
"RTO","pub",1,577,0.173310225303293
"RTO","public",22,577,3.81282495667244
"RTO","publicly",2,577,0.346620450606586
"RTO","publicsafety",2,577,0.346620450606586
"RTO","published",4,577,0.693240901213172
"RTO","pull",2,577,0.346620450606586
"RTO","pulled",2,577,0.346620450606586
"RTO","punchline",1,577,0.173310225303293
"RTO","punish",1,577,0.173310225303293
"RTO","punitive",1,577,0.173310225303293
"RTO","purged",1,577,0.173310225303293
"RTO","push",14,577,2.4263431542461
"RTO","pushed",3,577,0.519930675909879
"RTO","pushing",5,577,0.866551126516464
"RTO","pustule",1,577,0.173310225303293
"RTO","putin",1,577,0.173310225303293
"RTO","quality",1,577,0.173310225303293
"RTO","quarter",3,577,0.519930675909879
"RTO","quarters",1,577,0.173310225303293
"RTO","question",2,577,0.346620450606586
"RTO","questions",1,577,0.173310225303293
"RTO","quietly",3,577,0.519930675909879
"RTO","quit",1,577,0.173310225303293
"RTO","quoted",1,577,0.173310225303293
"RTO","québec",1,577,0.173310225303293
"RTO","ra",1,577,0.173310225303293
"RTO","race",4,577,0.693240901213172
"RTO","radical",1,577,0.173310225303293
"RTO","raganwald",1,577,0.173310225303293
"RTO","rage",1,577,0.173310225303293
"RTO","raids",1,577,0.173310225303293
"RTO","raise",3,577,0.519930675909879
"RTO","raised",1,577,0.173310225303293
"RTO","raises",3,577,0.519930675909879
"RTO","random",1,577,0.173310225303293
"RTO","range",2,577,0.346620450606586
"RTO","ranked",1,577,0.173310225303293
"RTO","ranking",2,577,0.346620450606586
"RTO","ranks",1,577,0.173310225303293
"RTO","rare",1,577,0.173310225303293
"RTO","rarely",1,577,0.173310225303293
"RTO","rates",3,577,0.519930675909879
"RTO","rating",2,577,0.346620450606586
"RTO","ratings",2,577,0.346620450606586
"RTO","rationale",1,577,0.173310225303293
"RTO","raw",1,577,0.173310225303293
"RTO","reached",1,577,0.173310225303293
"RTO","read",14,577,2.4263431542461
"RTO","reading",1,577,0.173310225303293
"RTO","ready",1,577,0.173310225303293
"RTO","real",13,577,2.25303292894281
"RTO","realclearpolitics",1,577,0.173310225303293
"RTO","realestate",1,577,0.173310225303293
"RTO","reality",1,577,0.173310225303293
"RTO","reallocated",1,577,0.173310225303293
"RTO","rear",1,577,0.173310225303293
"RTO","reason",5,577,0.866551126516464
"RTO","reasons",1,577,0.173310225303293
"RTO","reattach",1,577,0.173310225303293
"RTO","reattachme",1,577,0.173310225303293
"RTO","rebel",1,577,0.173310225303293
"RTO","rebellion",2,577,0.346620450606586
"RTO","recall",1,577,0.173310225303293
"RTO","recap",1,577,0.173310225303293
"RTO","received",1,577,0.173310225303293
"RTO","receiving",2,577,0.346620450606586
"RTO","recent",2,577,0.346620450606586
"RTO","reconfigure",1,577,0.173310225303293
"RTO","reconsider",1,577,0.173310225303293
"RTO","record",5,577,0.866551126516464
"RTO","records",5,577,0.866551126516464
"RTO","recovering",1,577,0.173310225303293
"RTO","recovery",1,577,0.173310225303293
"RTO","recreate",2,577,0.346620450606586
"RTO","recruiter",2,577,0.346620450606586
"RTO","red",2,577,0.346620450606586
"RTO","redesign",1,577,0.173310225303293
"RTO","reduce",5,577,0.866551126516464
"RTO","reduces",2,577,0.346620450606586
"RTO","reducing",1,577,0.173310225303293
"RTO","reflects",1,577,0.173310225303293
"RTO","reframed",1,577,0.173310225303293
"RTO","refuse",3,577,0.519930675909879
"RTO","refused",1,577,0.173310225303293
"RTO","refuses",1,577,0.173310225303293
"RTO","regain",1,577,0.173310225303293
"RTO","region",1,577,0.173310225303293
"RTO","regional",2,577,0.346620450606586
"RTO","regulate",1,577,0.173310225303293
"RTO","regulatory",1,577,0.173310225303293
"RTO","rehire",1,577,0.173310225303293
"RTO","reinforced",1,577,0.173310225303293
"RTO","reinstated",4,577,0.693240901213172
"RTO","reject",2,577,0.346620450606586
"RTO","rejected",1,577,0.173310225303293
"RTO","rejecting",1,577,0.173310225303293
"RTO","rejects",6,577,1.03986135181976
"RTO","related",2,577,0.346620450606586
"RTO","relates",2,577,0.346620450606586
"RTO","relationship",3,577,0.519930675909879
"RTO","release",1,577,0.173310225303293
"RTO","released",1,577,0.173310225303293
"RTO","relevant",1,577,0.173310225303293
"RTO","reliability",5,577,0.866551126516464
"RTO","relief",1,577,0.173310225303293
"RTO","remained",1,577,0.173310225303293
"RTO","remains",2,577,0.346620450606586
"RTO","remember",2,577,0.346620450606586
"RTO","remind",1,577,0.173310225303293
"RTO","reminder",2,577,0.346620450606586
"RTO","reminds",1,577,0.173310225303293
"RTO","remotely",7,577,1.21317157712305
"RTO","remoteprivilege",1,577,0.173310225303293
"RTO","remove",3,577,0.519930675909879
"RTO","removed",2,577,0.346620450606586
"RTO","rename",1,577,0.173310225303293
"RTO","rendered",1,577,0.173310225303293
"RTO","reneegood",1,577,0.173310225303293
"RTO","rent",2,577,0.346620450606586
"RTO","rents",2,577,0.346620450606586
"RTO","reorganizations",3,577,0.519930675909879
"RTO","rep",3,577,0.519930675909879
"RTO","repeat",1,577,0.173310225303293
"RTO","repeated",1,577,0.173310225303293
"RTO","repellent",1,577,0.173310225303293
"RTO","repercussions",1,577,0.173310225303293
"RTO","report",11,577,1.90641247833622
"RTO","reported",2,577,0.346620450606586
"RTO","reportedly",1,577,0.173310225303293
"RTO","reporters",2,577,0.346620450606586
"RTO","reporting",4,577,0.693240901213172
"RTO","reports",3,577,0.519930675909879
"RTO","representatives",1,577,0.173310225303293
"RTO","representing",1,577,0.173310225303293
"RTO","represents",1,577,0.173310225303293
"RTO","republican",2,577,0.346620450606586
"RTO","republicans",6,577,1.03986135181976
"RTO","requesting",2,577,0.346620450606586
"RTO","requests",1,577,0.173310225303293
"RTO","require",3,577,0.519930675909879
"RTO","required",2,577,0.346620450606586
"RTO","requirement",1,577,0.173310225303293
"RTO","requirements",9,577,1.55979202772964
"RTO","requires",1,577,0.173310225303293
"RTO","requiring",3,577,0.519930675909879
"RTO","rescinded",1,577,0.173310225303293
"RTO","rescue",2,577,0.346620450606586
"RTO","research",2,577,0.346620450606586
"RTO","researcher",2,577,0.346620450606586
"RTO","reset",1,577,0.173310225303293
"RTO","reshape",1,577,0.173310225303293
"RTO","residents",1,577,0.173310225303293
"RTO","resign",4,577,0.693240901213172
"RTO","resignations",3,577,0.519930675909879
"RTO","resist",1,577,0.173310225303293
"RTO","resistance",2,577,0.346620450606586
"RTO","resolved",1,577,0.173310225303293
"RTO","resources",1,577,0.173310225303293
"RTO","respond",1,577,0.173310225303293
"RTO","responsible",2,577,0.346620450606586
"RTO","rest",1,577,0.173310225303293
"RTO","restaurant",1,577,0.173310225303293
"RTO","restaurants",1,577,0.173310225303293
"RTO","results",2,577,0.346620450606586
"RTO","resume",1,577,0.173310225303293
"RTO","retail",3,577,0.519930675909879
"RTO","retain",1,577,0.173310225303293
"RTO","retention",1,577,0.173310225303293
"RTO","rethinking",1,577,0.173310225303293
"RTO","retiring",1,577,0.173310225303293
"RTO","retour",1,577,0.173310225303293
"RTO","retu",2,577,0.346620450606586
"RTO","retur",1,577,0.173310225303293
"RTO","returning",2,577,0.346620450606586
"RTO","returntooffice",2,577,0.346620450606586
"RTO","reuters",3,577,0.519930675909879
"RTO","revealed",1,577,0.173310225303293
"RTO","reveals",8,577,1.38648180242634
"RTO","revelations",7,577,1.21317157712305
"RTO","revenge",2,577,0.346620450606586
"RTO","reverberated",5,577,0.866551126516464
"RTO","reverse",1,577,0.173310225303293
"RTO","reversing",1,577,0.173310225303293
"RTO","revert",5,577,0.866551126516464
"RTO","review",2,577,0.346620450606586
"RTO","reviews",1,577,0.173310225303293
"RTO","revival",6,577,1.03986135181976
"RTO","revive",11,577,1.90641247833622
"RTO","revolt",6,577,1.03986135181976
"RTO","rich",2,577,0.346620450606586
"RTO","rid",1,577,0.173310225303293
"RTO","ride",2,577,0.346620450606586
"RTO","rider",1,577,0.173310225303293
"RTO","ridership",1,577,0.173310225303293
"RTO","ridiculous",2,577,0.346620450606586
"RTO","rieger",2,577,0.346620450606586
"RTO","rights",1,577,0.173310225303293
"RTO","rightwing",1,577,0.173310225303293
"RTO","rise",2,577,0.346620450606586
"RTO","rising",4,577,0.693240901213172
"RTO","risk",1,577,0.173310225303293
"RTO","road",1,577,0.173310225303293
"RTO","roadway",1,577,0.173310225303293
"RTO","robert",1,577,0.173310225303293
"RTO","roberts",2,577,0.346620450606586
"RTO","robots",1,577,0.173310225303293
"RTO","roche",1,577,0.173310225303293
"RTO","rochester",1,577,0.173310225303293
"RTO","rocks",2,577,0.346620450606586
"RTO","rockstar",3,577,0.519930675909879
"RTO","role",1,577,0.173310225303293
"RTO","roles",3,577,0.519930675909879
"RTO","roll",1,577,0.173310225303293
"RTO","rolling",1,577,0.173310225303293
"RTO","rollout",2,577,0.346620450606586
"RTO","roughly",1,577,0.173310225303293
"RTO","rounds",1,577,0.173310225303293
"RTO","rows",1,577,0.173310225303293
"RTO","rsf",1,577,0.173310225303293
"RTO","rules",4,577,0.693240901213172
"RTO","ruling",2,577,0.346620450606586
"RTO","running",4,577,0.693240901213172
"RTO","runs",1,577,0.173310225303293
"RTO","rupert",1,577,0.173310225303293
"RTO","rush",7,577,1.21317157712305
"RTO","russia",2,577,0.346620450606586
"RTO","russian",1,577,0.173310225303293
"RTO","russiaukrainewar",1,577,0.173310225303293
"RTO","réelle",1,577,0.173310225303293
"RTO","sabbatical",1,577,0.173310225303293
"RTO","sacramento",1,577,0.173310225303293
"RTO","sad",1,577,0.173310225303293
"RTO","safety",5,577,0.866551126516464
"RTO","sagt",1,577,0.173310225303293
"RTO","salaries",1,577,0.173310225303293
"RTO","salary",2,577,0.346620450606586
"RTO","salon",1,577,0.173310225303293
"RTO","sam",1,577,0.173310225303293
"RTO","sandwich",2,577,0.346620450606586
"RTO","sapir",1,577,0.173310225303293
"RTO","sat",1,577,0.173310225303293
"RTO","satire",2,577,0.346620450606586
"RTO","satirical",1,577,0.173310225303293
"RTO","save",3,577,0.519930675909879
"RTO","saved",3,577,0.519930675909879
"RTO","saving",1,577,0.173310225303293
"RTO","savings",1,577,0.173310225303293
"RTO","scandal",4,577,0.693240901213172
"RTO","scared",1,577,0.173310225303293
"RTO","schedule",1,577,0.173310225303293
"RTO","scheme",10,577,1.73310225303293
"RTO","school",4,577,0.693240901213172
"RTO","schumer",1,577,0.173310225303293
"RTO","science",2,577,0.346620450606586
"RTO","scientific",1,577,0.173310225303293
"RTO","scientists",1,577,0.173310225303293
"RTO","scope",1,577,0.173310225303293
"RTO","score",1,577,0.173310225303293
"RTO","scotland",1,577,0.173310225303293
"RTO","scotnational",1,577,0.173310225303293
"RTO","scots",1,577,0.173310225303293
"RTO","scott",1,577,0.173310225303293
"RTO","scotus",1,577,0.173310225303293
"RTO","scramble",1,577,0.173310225303293
"RTO","scrap",1,577,0.173310225303293
"RTO","scratches",1,577,0.173310225303293
"RTO","screwed",1,577,0.173310225303293
"RTO","scrubbed",1,577,0.173310225303293
"RTO","sculpture",1,577,0.173310225303293
"RTO","sdsl",1,577,0.173310225303293
"RTO","se",1,577,0.173310225303293
"RTO","search",2,577,0.346620450606586
"RTO","seasonal",1,577,0.173310225303293
"RTO","seats",1,577,0.173310225303293
"RTO","secret",3,577,0.519930675909879
"RTO","secretary",2,577,0.346620450606586
"RTO","secretly",2,577,0.346620450606586
"RTO","secrets",1,577,0.173310225303293
"RTO","sector",2,577,0.346620450606586
"RTO","securities",7,577,1.21317157712305
"RTO","security",1,577,0.173310225303293
"RTO","seek",1,577,0.173310225303293
"RTO","seeker",2,577,0.346620450606586
"RTO","seeking",1,577,0.173310225303293
"RTO","seeks",8,577,1.38648180242634
"RTO","seiu",1,577,0.173310225303293
"RTO","sell",2,577,0.346620450606586
"RTO","seltzers",1,577,0.173310225303293
"RTO","semi",1,577,0.173310225303293
"RTO","sen",12,577,2.07972270363951
"RTO","senate",2,577,0.346620450606586
"RTO","senator",3,577,0.519930675909879
"RTO","senators",1,577,0.173310225303293
"RTO","senior",2,577,0.346620450606586
"RTO","sense",4,577,0.693240901213172
"RTO","sep",1,577,0.173310225303293
"RTO","september",7,577,1.21317157712305
"RTO","serendipity",1,577,0.173310225303293
"RTO","serfing",1,577,0.173310225303293
"RTO","servants",8,577,1.38648180242634
"RTO","serve",1,577,0.173310225303293
"RTO","served",5,577,0.866551126516464
"RTO","servi",6,577,1.03986135181976
"RTO","service",3,577,0.519930675909879
"RTO","services",2,577,0.346620450606586
"RTO","sesame",1,577,0.173310225303293
"RTO","set",9,577,1.55979202772964
"RTO","setting",1,577,0.173310225303293
"RTO","settled",1,577,0.173310225303293
"RTO","severance",2,577,0.346620450606586
"RTO","sex",2,577,0.346620450606586
"RTO","sharpen",3,577,0.519930675909879
"RTO","sheriffs",1,577,0.173310225303293
"RTO","shifting",1,577,0.173310225303293
"RTO","shifts",1,577,0.173310225303293
"RTO","ship",1,577,0.173310225303293
"RTO","shipping",1,577,0.173310225303293
"RTO","shit",7,577,1.21317157712305
"RTO","shock",5,577,0.866551126516464
"RTO","shocking",4,577,0.693240901213172
"RTO","shopping",2,577,0.346620450606586
"RTO","shortly",1,577,0.173310225303293
"RTO","shortsighted",1,577,0.173310225303293
"RTO","shoulder",1,577,0.173310225303293
"RTO","shrug",1,577,0.173310225303293
"RTO","shut",3,577,0.519930675909879
"RTO","sick",2,577,0.346620450606586
"RTO","sidelines",1,577,0.173310225303293
"RTO","sig",1,577,0.173310225303293
"RTO","sign",4,577,0.693240901213172
"RTO","signal",1,577,0.173310225303293
"RTO","signaling",2,577,0.346620450606586
"RTO","signed",4,577,0.693240901213172
"RTO","significant",4,577,0.693240901213172
"RTO","signing",1,577,0.173310225303293
"RTO","silence",3,577,0.519930675909879
"RTO","similar",2,577,0.346620450606586
"RTO","similarly",1,577,0.173310225303293
"RTO","simply",1,577,0.173310225303293
"RTO","sin",2,577,0.346620450606586
"RTO","sindical",1,577,0.173310225303293
"RTO","single",3,577,0.519930675909879
"RTO","singled",1,577,0.173310225303293
"RTO","sink",1,577,0.173310225303293
"RTO","site",3,577,0.519930675909879
"RTO","situation",4,577,0.693240901213172
"RTO","situations",1,577,0.173310225303293
"RTO","size",1,577,0.173310225303293
"RTO","sized",1,577,0.173310225303293
"RTO","skills",10,577,1.73310225303293
"RTO","skipped",1,577,0.173310225303293
"RTO","skydance",1,577,0.173310225303293
"RTO","skyrocketing",1,577,0.173310225303293
"RTO","slack",1,577,0.173310225303293
"RTO","sleep",1,577,0.173310225303293
"RTO","slew",1,577,0.173310225303293
"RTO","slimy",1,577,0.173310225303293
"RTO","slip",1,577,0.173310225303293
"RTO","slowed",1,577,0.173310225303293
"RTO","slowest",1,577,0.173310225303293
"RTO","slowly",1,577,0.173310225303293
"RTO","sluggish",2,577,0.346620450606586
"RTO","smart",1,577,0.173310225303293
"RTO","smartkeys",1,577,0.173310225303293
"RTO","smartnews",1,577,0.173310225303293
"RTO","smiles",1,577,0.173310225303293
"RTO","sniff",1,577,0.173310225303293
"RTO","soaring",2,577,0.346620450606586
"RTO","soboroff",1,577,0.173310225303293
"RTO","social",2,577,0.346620450606586
"RTO","socialclass",1,577,0.173310225303293
"RTO","socialjustice",1,577,0.173310225303293
"RTO","societal",1,577,0.173310225303293
"RTO","soft",1,577,0.173310225303293
"RTO","solid",1,577,0.173310225303293
"RTO","solutions",1,577,0.173310225303293
"RTO","solve",1,577,0.173310225303293
"RTO","sont",1,577,0.173310225303293
"RTO","soul",1,577,0.173310225303293
"RTO","sound",1,577,0.173310225303293
"RTO","source",3,577,0.519930675909879
"RTO","sources",1,577,0.173310225303293
"RTO","south",1,577,0.173310225303293
"RTO","space",8,577,1.38648180242634
"RTO","spaces",6,577,1.03986135181976
"RTO","spallumcheen",2,577,0.346620450606586
"RTO","spanish",1,577,0.173310225303293
"RTO","sparks",1,577,0.173310225303293
"RTO","speak",1,577,0.173310225303293
"RTO","speakeasy",1,577,0.173310225303293
"RTO","speaking",1,577,0.173310225303293
"RTO","special",2,577,0.346620450606586
"RTO","specifically",1,577,0.173310225303293
"RTO","speech",1,577,0.173310225303293
"RTO","spend",15,577,2.59965337954939
"RTO","spending",5,577,0.866551126516464
"RTO","spent",1,577,0.173310225303293
"RTO","spike",1,577,0.173310225303293
"RTO","splash",1,577,0.173310225303293
"RTO","split",1,577,0.173310225303293
"RTO","spoken",1,577,0.173310225303293
"RTO","spot",2,577,0.346620450606586
"RTO","spotless",1,577,0.173310225303293
"RTO","spread",1,577,0.173310225303293
"RTO","spreadsheet",1,577,0.173310225303293
"RTO","square",2,577,0.346620450606586
"RTO","squashing",1,577,0.173310225303293
"RTO","st",2,577,0.346620450606586
"RTO","stable",1,577,0.173310225303293
"RTO","staff",22,577,3.81282495667244
"RTO","staffers",2,577,0.346620450606586
"RTO","stan",1,577,0.173310225303293
"RTO","standard",2,577,0.346620450606586
"RTO","standing",2,577,0.346620450606586
"RTO","standwithukraine",1,577,0.173310225303293
"RTO","stanford",1,577,0.173310225303293
"RTO","stare",1,577,0.173310225303293
"RTO","start",4,577,0.693240901213172
"RTO","started",1,577,0.173310225303293
"RTO","starting",9,577,1.55979202772964
"RTO","statecraft",1,577,0.173310225303293
"RTO","statements",1,577,0.173310225303293
"RTO","statistics",1,577,0.173310225303293
"RTO","stats",1,577,0.173310225303293
"RTO","statues",1,577,0.173310225303293
"RTO","stay",5,577,0.866551126516464
"RTO","staying",2,577,0.346620450606586
"RTO","stays",1,577,0.173310225303293
"RTO","steal",1,577,0.173310225303293
"RTO","stealing",1,577,0.173310225303293
"RTO","stefania",1,577,0.173310225303293
"RTO","stellantis",1,577,0.173310225303293
"RTO","stephen",1,577,0.173310225303293
"RTO","stephenmiller",1,577,0.173310225303293
"RTO","stepping",1,577,0.173310225303293
"RTO","steve",2,577,0.346620450606586
"RTO","stimulus",1,577,0.173310225303293
"RTO","stirring",1,577,0.173310225303293
"RTO","stock",11,577,1.90641247833622
"RTO","stop",7,577,1.21317157712305
"RTO","stopped",2,577,0.346620450606586
"RTO","story",3,577,0.519930675909879
"RTO","straight",1,577,0.173310225303293
"RTO","strait",1,577,0.173310225303293
"RTO","strange",1,577,0.173310225303293
"RTO","strangers",1,577,0.173310225303293
"RTO","strategies",1,577,0.173310225303293
"RTO","strategy",1,577,0.173310225303293
"RTO","street",1,577,0.173310225303293
"RTO","stress",6,577,1.03986135181976
"RTO","stretching",1,577,0.173310225303293
"RTO","stricter",1,577,0.173310225303293
"RTO","strictly",2,577,0.346620450606586
"RTO","strike",3,577,0.519930675909879
"RTO","strikes",1,577,0.173310225303293
"RTO","strong",3,577,0.519930675909879
"RTO","stronger",3,577,0.519930675909879
"RTO","strongly",1,577,0.173310225303293
"RTO","struggling",11,577,1.90641247833622
"RTO","strung",1,577,0.173310225303293
"RTO","stuck",2,577,0.346620450606586
"RTO","student",2,577,0.346620450606586
"RTO","studies",3,577,0.519930675909879
"RTO","study",4,577,0.693240901213172
"RTO","studying",2,577,0.346620450606586
"RTO","stuff",4,577,0.693240901213172
"RTO","stupid",4,577,0.693240901213172
"RTO","sturmabteilung",1,577,0.173310225303293
"RTO","submit",7,577,1.21317157712305
"RTO","suboptimal",1,577,0.173310225303293
"RTO","subscribe",1,577,0.173310225303293
"RTO","subscription",1,577,0.173310225303293
"RTO","subsequent",1,577,0.173310225303293
"RTO","substack",1,577,0.173310225303293
"RTO","substitute",1,577,0.173310225303293
"RTO","suburbs",1,577,0.173310225303293
"RTO","subversion",2,577,0.346620450606586
"RTO","successfully",1,577,0.173310225303293
"RTO","sucked",1,577,0.173310225303293
"RTO","sucks",3,577,0.519930675909879
"RTO","sue",1,577,0.173310225303293
"RTO","suffer",1,577,0.173310225303293
"RTO","suffered",3,577,0.519930675909879
"RTO","suffering",1,577,0.173310225303293
"RTO","suggesting",1,577,0.173310225303293
"RTO","suggestion",1,577,0.173310225303293
"RTO","suggests",1,577,0.173310225303293
"RTO","sullivan",1,577,0.173310225303293
"RTO","summer",1,577,0.173310225303293
"RTO","summit",1,577,0.173310225303293
"RTO","summon",1,577,0.173310225303293
"RTO","sunchips",1,577,0.173310225303293
"RTO","sunday",1,577,0.173310225303293
"RTO","sunrise",1,577,0.173310225303293
"RTO","super",2,577,0.346620450606586
"RTO","superyacht",1,577,0.173310225303293
"RTO","supplies",2,577,0.346620450606586
"RTO","supply",10,577,1.73310225303293
"RTO","support",5,577,0.866551126516464
"RTO","supported",2,577,0.346620450606586
"RTO","supporters",2,577,0.346620450606586
"RTO","supposed",3,577,0.519930675909879
"RTO","supposedly",1,577,0.173310225303293
"RTO","suppression",2,577,0.346620450606586
"RTO","supremacist",2,577,0.346620450606586
"RTO","supremacists",1,577,0.173310225303293
"RTO","supreme",5,577,0.866551126516464
"RTO","supremecourt",1,577,0.173310225303293
"RTO","surely",1,577,0.173310225303293
"RTO","surface",1,577,0.173310225303293
"RTO","surged",1,577,0.173310225303293
"RTO","surpassing",1,577,0.173310225303293
"RTO","surprise",4,577,0.693240901213172
"RTO","surprised",2,577,0.346620450606586
"RTO","surrendered",1,577,0.173310225303293
"RTO","survey",2,577,0.346620450606586
"RTO","susan",14,577,2.4263431542461
"RTO","suspected",1,577,0.173310225303293
"RTO","sutcliffe",2,577,0.346620450606586
"RTO","swaa",1,577,0.173310225303293
"RTO","swath",1,577,0.173310225303293
"RTO","swept",1,577,0.173310225303293
"RTO","swing",1,577,0.173310225303293
"RTO","swipes",1,577,0.173310225303293
"RTO","sycophantic",1,577,0.173310225303293
"RTO","synergy",2,577,0.346620450606586
"RTO","syracuse",1,577,0.173310225303293
"RTO","system",1,577,0.173310225303293
"RTO","säger",1,577,0.173310225303293
"RTO","sägs",1,577,0.173310225303293
"RTO","table",2,577,0.346620450606586
"RTO","tactic",1,577,0.173310225303293
"RTO","tajine",1,577,0.173310225303293
"RTO","talk",1,577,0.173310225303293
"RTO","talking",1,577,0.173310225303293
"RTO","talks",3,577,0.519930675909879
"RTO","tand",1,577,0.173310225303293
"RTO","tank",1,577,0.173310225303293
"RTO","target",2,577,0.346620450606586
"RTO","taught",1,577,0.173310225303293
"RTO","tax",2,577,0.346620450606586
"RTO","taxes",1,577,0.173310225303293
"RTO","taxpayer",5,577,0.866551126516464
"RTO","taxpayers",3,577,0.519930675909879
"RTO","tbh",1,577,0.173310225303293
"RTO","te",1,577,0.173310225303293
"RTO","teach",1,577,0.173310225303293
"RTO","team",4,577,0.693240901213172
"RTO","teams",3,577,0.519930675909879
"RTO","tech",14,577,2.4263431542461
"RTO","techcrunch",1,577,0.173310225303293
"RTO","techdirt",1,577,0.173310225303293
"RTO","technews",1,577,0.173310225303293
"RTO","technical",3,577,0.519930675909879
"RTO","technically",1,577,0.173310225303293
"RTO","technology",4,577,0.693240901213172
"RTO","telecommunications",1,577,0.173310225303293
"RTO","telegraph",1,577,0.173310225303293
"RTO","telework",12,577,2.07972270363951
"RTO","temporary",1,577,0.173310225303293
"RTO","ten",1,577,0.173310225303293
"RTO","tend",4,577,0.693240901213172
"RTO","tennessee",2,577,0.346620450606586
"RTO","tenure",3,577,0.519930675909879
"RTO","term",8,577,1.38648180242634
"RTO","terminated",2,577,0.346620450606586
"RTO","termination",2,577,0.346620450606586
"RTO","terms",4,577,0.693240901213172
"RTO","terre",1,577,0.173310225303293
"RTO","terrible",1,577,0.173310225303293
"RTO","terrorism",1,577,0.173310225303293
"RTO","terrorists",1,577,0.173310225303293
"RTO","terugkwamen",1,577,0.173310225303293
"RTO","test",8,577,1.38648180242634
"RTO","tests",2,577,0.346620450606586
"RTO","texas",1,577,0.173310225303293
"RTO","text",1,577,0.173310225303293
"RTO","thehill",2,577,0.346620450606586
"RTO","therapie",1,577,0.173310225303293
"RTO","therapy",1,577,0.173310225303293
"RTO","thikn",1,577,0.173310225303293
"RTO","thin",1,577,0.173310225303293
"RTO","thinking",3,577,0.519930675909879
"RTO","thousand",2,577,0.346620450606586
"RTO","thousands",20,577,3.46620450606586
"RTO","threat",2,577,0.346620450606586
"RTO","threaten",1,577,0.173310225303293
"RTO","threatened",1,577,0.173310225303293
"RTO","threatening",1,577,0.173310225303293
"RTO","threatens",1,577,0.173310225303293
"RTO","threats",1,577,0.173310225303293
"RTO","thug",1,577,0.173310225303293
"RTO","thuis",1,577,0.173310225303293
"RTO","thuiswerken",1,577,0.173310225303293
"RTO","thursday",2,577,0.346620450606586
"RTO","ties",1,577,0.173310225303293
"RTO","tightening",3,577,0.519930675909879
"RTO","tiktok",1,577,0.173310225303293
"RTO","tim",1,577,0.173310225303293
"RTO","time",20,577,3.46620450606586
"RTO","timeline",1,577,0.173310225303293
"RTO","times",2,577,0.346620450606586
"RTO","timing",1,577,0.173310225303293
"RTO","tiny",1,577,0.173310225303293
"RTO","title",2,577,0.346620450606586
"RTO","tl",1,577,0.173310225303293
"RTO","toddblanche",1,577,0.173310225303293
"RTO","toilet",1,577,0.173310225303293
"RTO","told",2,577,0.346620450606586
"RTO","tolerable",1,577,0.173310225303293
"RTO","toll",1,577,0.173310225303293
"RTO","ton",1,577,0.173310225303293
"RTO","tons",2,577,0.346620450606586
"RTO","tool",1,577,0.173310225303293
"RTO","tools",1,577,0.173310225303293
"RTO","top",5,577,0.866551126516464
"RTO","topic",1,577,0.173310225303293
"RTO","tore",1,577,0.173310225303293
"RTO","toronto",2,577,0.346620450606586
"RTO","total",2,577,0.346620450606586
"RTO","totaling",1,577,0.173310225303293
"RTO","totally",2,577,0.346620450606586
"RTO","toting",1,577,0.173310225303293
"RTO","touch",2,577,0.346620450606586
"RTO","tough",1,577,0.173310225303293
"RTO","tourism",2,577,0.346620450606586
"RTO","towns",11,577,1.90641247833622
"RTO","toxic",1,577,0.173310225303293
"RTO","track",2,577,0.346620450606586
"RTO","tracking",1,577,0.173310225303293
"RTO","tracks",1,577,0.173310225303293
"RTO","trade",4,577,0.693240901213172
"RTO","traded",6,577,1.03986135181976
"RTO","trades",14,577,2.4263431542461
"RTO","trading",2,577,0.346620450606586
"RTO","traditionalists",1,577,0.173310225303293
"RTO","traditionally",1,577,0.173310225303293
"RTO","traffic",7,577,1.21317157712305
"RTO","trafficking",1,577,0.173310225303293
"RTO","train",3,577,0.519930675909879
"RTO","training",2,577,0.346620450606586
"RTO","trains",1,577,0.173310225303293
"RTO","tran",3,577,0.519930675909879
"RTO","trans",1,577,0.173310225303293
"RTO","transit",18,577,3.11958405545927
"RTO","transparently",1,577,0.173310225303293
"RTO","transpo",2,577,0.346620450606586
"RTO","transportation",3,577,0.519930675909879
"RTO","travail",1,577,0.173310225303293
"RTO","travel",5,577,0.866551126516464
"RTO","treason",1,577,0.173310225303293
"RTO","treasury",1,577,0.173310225303293
"RTO","trees",1,577,0.173310225303293
"RTO","trends",1,577,0.173310225303293
"RTO","trial",1,577,0.173310225303293
"RTO","tribunal",1,577,0.173310225303293
"RTO","triggered",10,577,1.73310225303293
"RTO","trillion",1,577,0.173310225303293
"RTO","trip",3,577,0.519930675909879
"RTO","tripling",2,577,0.346620450606586
"RTO","trips",1,577,0.173310225303293
"RTO","troll",1,577,0.173310225303293
"RTO","trompés",1,577,0.173310225303293
"RTO","true",3,577,0.519930675909879
"RTO","truist",1,577,0.173310225303293
"RTO","trump",44,577,7.62564991334489
"RTO","trumpadministration",1,577,0.173310225303293
"RTO","trust",2,577,0.346620450606586
"RTO","truth",1,577,0.173310225303293
"RTO","turnaround",2,577,0.346620450606586
"RTO","turnover",2,577,0.346620450606586
"RTO","type",2,577,0.346620450606586
"RTO","télétravail",2,577,0.346620450606586
"RTO","uber",2,577,0.346620450606586
"RTO","ubisoft",1,577,0.173310225303293
"RTO","ugly",1,577,0.173310225303293
"RTO","uk",1,577,0.173310225303293
"RTO","ukraine",1,577,0.173310225303293
"RTO","ukrainian",1,577,0.173310225303293
"RTO","ulf",1,577,0.173310225303293
"RTO","ummm",1,577,0.173310225303293
"RTO","unable",2,577,0.346620450606586
"RTO","unavailable",1,577,0.173310225303293
"RTO","unbundled",1,577,0.173310225303293
"RTO","unchanged",1,577,0.173310225303293
"RTO","unclassified",1,577,0.173310225303293
"RTO","uncover",1,577,0.173310225303293
"RTO","undergo",1,577,0.173310225303293
"RTO","undermined",3,577,0.519930675909879
"RTO","understaffed",1,577,0.173310225303293
"RTO","understand",1,577,0.173310225303293
"RTO","une",1,577,0.173310225303293
"RTO","unemployment",1,577,0.173310225303293
"RTO","unfair",3,577,0.519930675909879
"RTO","ungesteuerte",1,577,0.173310225303293
"RTO","uniforme",1,577,0.173310225303293
"RTO","union",7,577,1.21317157712305
"RTO","unions",3,577,0.519930675909879
"RTO","unit",1,577,0.173310225303293
"RTO","unite",1,577,0.173310225303293
"RTO","united",3,577,0.519930675909879
"RTO","universal",1,577,0.173310225303293
"RTO","university",1,577,0.173310225303293
"RTO","unlocks",1,577,0.173310225303293
"RTO","unnamed",1,577,0.173310225303293
"RTO","unnecessarily",1,577,0.173310225303293
"RTO","unnecessary",3,577,0.519930675909879
"RTO","unneeded",1,577,0.173310225303293
"RTO","unreliable",1,577,0.173310225303293
"RTO","unworkable",1,577,0.173310225303293
"RTO","update",2,577,0.346620450606586
"RTO","upended",13,577,2.25303292894281
"RTO","upp",1,577,0.173310225303293
"RTO","uppsägningar",1,577,0.173310225303293
"RTO","urbanplanning",1,577,0.173310225303293
"RTO","urgency",1,577,0.173310225303293
"RTO","usa",1,577,0.173310225303293
"RTO","usandgermany",1,577,0.173310225303293
"RTO","usdemocracy",1,577,0.173310225303293
"RTO","users",2,577,0.346620450606586
"RTO","va",3,577,0.519930675909879
"RTO","vacancy",3,577,0.519930675909879
"RTO","vacation",1,577,0.173310225303293
"RTO","vaccine",1,577,0.173310225303293
"RTO","valeur",1,577,0.173310225303293
"RTO","values",1,577,0.173310225303293
"RTO","van",2,577,0.346620450606586
"RTO","vance",1,577,0.173310225303293
"RTO","vanity",1,577,0.173310225303293
"RTO","vault",1,577,0.173310225303293
"RTO","vehicle",1,577,0.173310225303293
"RTO","vehicles",9,577,1.55979202772964
"RTO","vermont",4,577,0.693240901213172
"RTO","vernon",1,577,0.173310225303293
"RTO","vertical",1,577,0.173310225303293
"RTO","vessels",1,577,0.173310225303293
"RTO","vetoed",2,577,0.346620450606586
"RTO","vetoes",2,577,0.346620450606586
"RTO","vetos",1,577,0.173310225303293
"RTO","vetted",2,577,0.346620450606586
"RTO","vibes",1,577,0.173310225303293
"RTO","victims",1,577,0.173310225303293
"RTO","video",4,577,0.693240901213172
"RTO","videojuego",1,577,0.173310225303293
"RTO","view",4,577,0.693240901213172
"RTO","views",1,577,0.173310225303293
"RTO","violating",1,577,0.173310225303293
"RTO","violation",1,577,0.173310225303293
"RTO","violence",1,577,0.173310225303293
"RTO","violent",1,577,0.173310225303293
"RTO","virtual",2,577,0.346620450606586
"RTO","virus",1,577,0.173310225303293
"RTO","visibility",2,577,0.346620450606586
"RTO","visit",1,577,0.173310225303293
"RTO","visitors",1,577,0.173310225303293
"RTO","visualizes",1,577,0.173310225303293
"RTO","voice",1,577,0.173310225303293
"RTO","volume",4,577,0.693240901213172
"RTO","volvo",1,577,0.173310225303293
"RTO","von",1,577,0.173310225303293
"RTO","voor",2,577,0.346620450606586
"RTO","vote",4,577,0.693240901213172
"RTO","voted",1,577,0.173310225303293
"RTO","voters",3,577,0.519930675909879
"RTO","votes",1,577,0.173310225303293
"RTO","vows",1,577,0.173310225303293
"RTO","voxeu",1,577,0.173310225303293
"RTO","vulnerable",1,577,0.173310225303293
"RTO","wages",1,577,0.173310225303293
"RTO","wait",5,577,0.866551126516464
"RTO","wake",1,577,0.173310225303293
"RTO","wall",1,577,0.173310225303293
"RTO","waned",1,577,0.173310225303293
"RTO","wanneer",1,577,0.173310225303293
"RTO","war",10,577,1.73310225303293
"RTO","warning",2,577,0.346620450606586
"RTO","warnings",1,577,0.173310225303293
"RTO","warns",2,577,0.346620450606586
"RTO","warrior",1,577,0.173310225303293
"RTO","washington",1,577,0.173310225303293
"RTO","waspfactory",1,577,0.173310225303293
"RTO","waste",2,577,0.346620450606586
"RTO","wasted",1,577,0.173310225303293
"RTO","wasteful",2,577,0.346620450606586
"RTO","watch",2,577,0.346620450606586
"RTO","watched",1,577,0.173310225303293
"RTO","watching",1,577,0.173310225303293
"RTO","water",2,577,0.346620450606586
"RTO","wave",11,577,1.90641247833622
"RTO","wealth",1,577,0.173310225303293
"RTO","weaver",7,577,1.21317157712305
"RTO","weed",1,577,0.173310225303293
"RTO","week",23,577,3.98613518197574
"RTO","weekend",1,577,0.173310225303293
"RTO","weekends",2,577,0.346620450606586
"RTO","weeknight",1,577,0.173310225303293
"RTO","weeks",2,577,0.346620450606586
"RTO","weird",1,577,0.173310225303293
"RTO","werken",1,577,0.173310225303293
"RTO","werkgever",1,577,0.173310225303293
"RTO","werknemers",1,577,0.173310225303293
"RTO","western",1,577,0.173310225303293
"RTO","whats",1,577,0.173310225303293
"RTO","whined",1,577,0.173310225303293
"RTO","whistleblowing",1,577,0.173310225303293
"RTO","white",7,577,1.21317157712305
"RTO","whorf",1,577,0.173310225303293
"RTO","whorfism",1,577,0.173310225303293
"RTO","wide",1,577,0.173310225303293
"RTO","wikipedia",1,577,0.173310225303293
"RTO","wild",1,577,0.173310225303293
"RTO","willinging",1,577,0.173310225303293
"RTO","willingness",6,577,1.03986135181976
"RTO","win",3,577,0.519930675909879
"RTO","wing",2,577,0.346620450606586
"RTO","wisconsin",1,577,0.173310225303293
"RTO","wishful",1,577,0.173310225303293
"RTO","wishing",1,577,0.173310225303293
"RTO","witkoff",1,577,0.173310225303293
"RTO","wk",1,577,0.173310225303293
"RTO","wohl",1,577,0.173310225303293
"RTO","woman",1,577,0.173310225303293
"RTO","women",10,577,1.73310225303293
"RTO","won",1,577,0.173310225303293
"RTO","wondering",2,577,0.346620450606586
"RTO","woods",1,577,0.173310225303293
"RTO","words",2,577,0.346620450606586
"RTO","workaholics",1,577,0.173310225303293
"RTO","worker",3,577,0.519930675909879
"RTO","workers",33,577,5.71923743500867
"RTO","workforce",2,577,0.346620450606586
"RTO","workplace",4,577,0.693240901213172
"RTO","workplaces",1,577,0.173310225303293
"RTO","workpolicy",1,577,0.173310225303293
"RTO","workspace",1,577,0.173310225303293
"RTO","world",12,577,2.07972270363951
"RTO","worldnews",1,577,0.173310225303293
"RTO","worry",1,577,0.173310225303293
"RTO","worst",1,577,0.173310225303293
"RTO","worth",4,577,0.693240901213172
"RTO","wrecking",1,577,0.173310225303293
"RTO","wrest",1,577,0.173310225303293
"RTO","wright",1,577,0.173310225303293
"RTO","write",1,577,0.173310225303293
"RTO","writing",1,577,0.173310225303293
"RTO","written",1,577,0.173310225303293
"RTO","wrote",2,577,0.346620450606586
"RTO","wwii",6,577,1.03986135181976
"RTO","würde",1,577,0.173310225303293
"RTO","xi",1,577,0.173310225303293
"RTO","yacht",1,577,0.173310225303293
"RTO","yard",1,577,0.173310225303293
"RTO","yeah",4,577,0.693240901213172
"RTO","yesssss",1,577,0.173310225303293
"RTO","yo",1,577,0.173310225303293
"RTO","york",1,577,0.173310225303293
"RTO","yr",1,577,0.173310225303293
"RTO","yrs",1,577,0.173310225303293
"RTO","yt",1,577,0.173310225303293
"RTO","ze",1,577,0.173310225303293
"RTO","zijn",2,577,0.346620450606586
"RTO","zum",1,577,0.173310225303293
"RTO","är",1,577,0.173310225303293
"RTO","även",1,577,0.173310225303293
"RTO","ça",1,577,0.173310225303293
"RTO","être",1,577,0.173310225303293
"RTO","блогах",1,577,0.173310225303293
"RTO","був",1,577,0.173310225303293
"RTO","буде",1,577,0.173310225303293
"RTO","в",1,577,0.173310225303293
"RTO","вже",1,577,0.173310225303293
"RTO","виявилося",1,577,0.173310225303293
"RTO","все",1,577,0.173310225303293
"RTO","всі",1,577,0.173310225303293
"RTO","далеко",1,577,0.173310225303293
"RTO","докорінно",1,577,0.173310225303293
"RTO","дописами",1,577,0.173310225303293
"RTO","досвід",1,577,0.173310225303293
"RTO","з",1,577,0.173310225303293
"RTO","завалений",1,577,0.173310225303293
"RTO","змінилося",1,577,0.173310225303293
"RTO","зрозуміли",1,577,0.173310225303293
"RTO","компаній",1,577,0.173310225303293
"RTO","люди",1,577,0.173310225303293
"RTO","не",1,577,0.173310225303293
"RTO","пару",1,577,0.173310225303293
"RTO","писали",1,577,0.173310225303293
"RTO","питання",1,577,0.173310225303293
"RTO","позицію",1,577,0.173310225303293
"RTO","популярним",1,577,0.173310225303293
"RTO","постковідних",1,577,0.173310225303293
"RTO","про",1,577,0.173310225303293
"RTO","раніше",1,577,0.173310225303293
"RTO","років",1,577,0.173310225303293
"RTO","свій",1,577,0.173310225303293
"RTO","соцмережах",1,577,0.173310225303293
"RTO","та",1,577,0.173310225303293
"RTO","так",1,577,0.173310225303293
"RTO","тегом",1,577,0.173310225303293
"RTO","цього",1,577,0.173310225303293
"RTO","що",1,577,0.173310225303293
"RTO","щодо",1,577,0.173310225303293
"RTO","як",1,577,0.173310225303293
"RTO","і",1,577,0.173310225303293
"RTO","інтернет",1,577,0.173310225303293
"RTO","ある",1,577,0.173310225303293
"RTO","いちばん",1,577,0.173310225303293
"RTO","え",1,577,0.173310225303293
"RTO","か",1,577,0.173310225303293
"RTO","が",5,577,0.866551126516464
"RTO","さ",1,577,0.173310225303293
"RTO","させる",1,577,0.173310225303293
"RTO","ず",2,577,0.346620450606586
"RTO","その",1,577,0.173310225303293
"RTO","それ",1,577,0.173310225303293
"RTO","た",5,577,0.866551126516464
"RTO","だ",5,577,0.866551126516464
"RTO","だから",1,577,0.173310225303293
"RTO","っ",5,577,0.866551126516464
"RTO","で",1,577,0.173310225303293
"RTO","と",2,577,0.346620450606586
"RTO","という",1,577,0.173310225303293
"RTO","とか",1,577,0.173310225303293
"RTO","とも",2,577,0.346620450606586
"RTO","な",1,577,0.173310225303293
"RTO","なあ",1,577,0.173310225303293
"RTO","なし",1,577,0.173310225303293
"RTO","なり",1,577,0.173310225303293
"RTO","に",2,577,0.346620450606586
"RTO","によって",1,577,0.173310225303293
"RTO","の",5,577,0.866551126516464
"RTO","は",3,577,0.519930675909879
"RTO","ひたすら",1,577,0.173310225303293
"RTO","も",5,577,0.866551126516464
"RTO","もの",1,577,0.173310225303293
"RTO","やすい",1,577,0.173310225303293
"RTO","やっぱり",5,577,0.866551126516464
"RTO","よる",1,577,0.173310225303293
"RTO","ろう",1,577,0.173310225303293
"RTO","われる",1,577,0.173310225303293
"RTO","を",2,577,0.346620450606586
"RTO","ん",1,577,0.173310225303293
"RTO","ウェルビーイング",1,577,0.173310225303293
"RTO","デメリット",1,577,0.173310225303293
"RTO","ワーク",5,577,0.866551126516464
"RTO","一番",5,577,0.866551126516464
"RTO","万人",1,577,0.173310225303293
"RTO","丸",1,577,0.173310225303293
"RTO","人",5,577,0.866551126516464
"RTO","人間",1,577,0.173310225303293
"RTO","住環境",1,577,0.173310225303293
"RTO","働き",5,577,0.866551126516464
"RTO","分析",1,577,0.173310225303293
"RTO","割",1,577,0.173310225303293
"RTO","勤務",1,577,0.173310225303293
"RTO","印象",1,577,0.173310225303293
"RTO","在宅",5,577,0.866551126516464
"RTO","大",5,577,0.866551126516464
"RTO","孤独",1,577,0.173310225303293
"RTO","完全",5,577,0.866551126516464
"RTO","実際は",1,577,0.173310225303293
"RTO","家族",1,577,0.173310225303293
"RTO","幸せ",5,577,0.866551126516464
"RTO","幸福",1,577,0.173310225303293
"RTO","店員",1,577,0.173310225303293
"RTO","感",1,577,0.173310225303293
"RTO","接触",2,577,0.346620450606586
"RTO","方",5,577,0.866551126516464
"RTO","日",1,577,0.173310225303293
"RTO","暮らし",1,577,0.173310225303293
"RTO","最低",5,577,0.866551126516464
"RTO","本人",1,577,0.173310225303293
"RTO","消耗",1,577,0.173310225303293
"RTO","特性",1,577,0.173310225303293
"RTO","率",5,577,0.866551126516464
"RTO","生身",1,577,0.173310225303293
"RTO","発表",1,577,0.173310225303293
"RTO","米",5,577,0.866551126516464
"RTO","結局",1,577,0.173310225303293
"RTO","自体",1,577,0.173310225303293
"RTO","色々",1,577,0.173310225303293
"RTO","言",1,577,0.173310225303293
"RTO","話",1,577,0.173310225303293
"RTO","調査",5,577,0.866551126516464
"RTO","論文",1,577,0.173310225303293
"RTO","関係",1,577,0.173310225303293
"RTO","離職",5,577,0.866551126516464
"RTO","高",1,577,0.173310225303293
"RTO","高い",1,577,0.173310225303293
"WFH","ab",2,560,0.357142857142857
"WFH","abandoned",2,560,0.357142857142857
"WFH","abc",1,560,0.178571428571429
"WFH","abide",1,560,0.178571428571429
"WFH","ability",2,560,0.357142857142857
"WFH","abroad",1,560,0.178571428571429
"WFH","absolutely",1,560,0.178571428571429
"WFH","absolutley",1,560,0.178571428571429
"WFH","abuse",1,560,0.178571428571429
"WFH","academia",1,560,0.178571428571429
"WFH","accelerates",1,560,0.178571428571429
"WFH","acceleration",4,560,0.714285714285714
"WFH","accept",1,560,0.178571428571429
"WFH","accepting",2,560,0.357142857142857
"WFH","access",5,560,0.892857142857143
"WFH","accessibility",1,560,0.178571428571429
"WFH","accessing",2,560,0.357142857142857
"WFH","accommodation",1,560,0.178571428571429
"WFH","accommodations",1,560,0.178571428571429
"WFH","account",3,560,0.535714285714286
"WFH","accountability",1,560,0.178571428571429
"WFH","accountexecutive",1,560,0.178571428571429
"WFH","accounts",2,560,0.357142857142857
"WFH","accreted",1,560,0.178571428571429
"WFH","accuracy",1,560,0.178571428571429
"WFH","acemagic",1,560,0.178571428571429
"WFH","acer",1,560,0.178571428571429
"WFH","achieve",1,560,0.178571428571429
"WFH","achievement",1,560,0.178571428571429
"WFH","achieves",1,560,0.178571428571429
"WFH","acquisition",1,560,0.178571428571429
"WFH","acronyms",1,560,0.178571428571429
"WFH","act",1,560,0.178571428571429
"WFH","active",4,560,0.714285714285714
"WFH","actively",2,560,0.357142857142857
"WFH","activities",1,560,0.178571428571429
"WFH","activity",1,560,0.178571428571429
"WFH","actual",2,560,0.357142857142857
"WFH","adapt",1,560,0.178571428571429
"WFH","add",1,560,0.178571428571429
"WFH","adding",2,560,0.357142857142857
"WFH","addition",1,560,0.178571428571429
"WFH","additional",4,560,0.714285714285714
"WFH","address",1,560,0.178571428571429
"WFH","addresses",1,560,0.178571428571429
"WFH","adds",2,560,0.357142857142857
"WFH","adequate",1,560,0.178571428571429
"WFH","adhd",1,560,0.178571428571429
"WFH","adjusting",2,560,0.357142857142857
"WFH","admin",4,560,0.714285714285714
"WFH","administration",5,560,0.892857142857143
"WFH","admit",1,560,0.178571428571429
"WFH","adopt",1,560,0.178571428571429
"WFH","adoption",2,560,0.357142857142857
"WFH","ads",1,560,0.178571428571429
"WFH","adulting",1,560,0.178571428571429
"WFH","adults",1,560,0.178571428571429
"WFH","advantages",1,560,0.178571428571429
"WFH","adventure",1,560,0.178571428571429
"WFH","advised",1,560,0.178571428571429
"WFH","affected",2,560,0.357142857142857
"WFH","affiliate",2,560,0.357142857142857
"WFH","affiliatemarketing",1,560,0.178571428571429
"WFH","affiliates",3,560,0.535714285714286
"WFH","afford",3,560,0.535714285714286
"WFH","affordability",1,560,0.178571428571429
"WFH","africa",5,560,0.892857142857143
"WFH","african",5,560,0.892857142857143
"WFH","afternoon",1,560,0.178571428571429
"WFH","age",3,560,0.535714285714286
"WFH","agencies",2,560,0.357142857142857
"WFH","agency",10,560,1.78571428571429
"WFH","agent",3,560,0.535714285714286
"WFH","agentic",2,560,0.357142857142857
"WFH","aggressive",1,560,0.178571428571429
"WFH","ago",1,560,0.178571428571429
"WFH","agree",2,560,0.357142857142857
"WFH","agreement",1,560,0.178571428571429
"WFH","ah",2,560,0.357142857142857
"WFH","ahead",1,560,0.178571428571429
"WFH","ahh",1,560,0.178571428571429
"WFH","ai",24,560,4.28571428571429
"WFH","aiart",1,560,0.178571428571429
"WFH","aid",1,560,0.178571428571429
"WFH","aijobs",3,560,0.535714285714286
"WFH","air",2,560,0.357142857142857
"WFH","airlines",1,560,0.178571428571429
"WFH","aitools",1,560,0.178571428571429
"WFH","ak",1,560,0.178571428571429
"WFH","akremotebd",1,560,0.178571428571429
"WFH","akst",2,560,0.357142857142857
"WFH","akstores",4,560,0.714285714285714
"WFH","al",3,560,0.535714285714286
"WFH","alation",1,560,0.178571428571429
"WFH","aledade",1,560,0.178571428571429
"WFH","alert",8,560,1.42857142857143
"WFH","alerts",1,560,0.178571428571429
"WFH","alghero",1,560,0.178571428571429
"WFH","algos",1,560,0.178571428571429
"WFH","alig",1,560,0.178571428571429
"WFH","aligned",1,560,0.178571428571429
"WFH","allegedly",1,560,0.178571428571429
"WFH","alley",1,560,0.178571428571429
"WFH","allocations",1,560,0.178571428571429
"WFH","allowed",2,560,0.357142857142857
"WFH","allowing",1,560,0.178571428571429
"WFH","allsupes",1,560,0.178571428571429
"WFH","alongside",1,560,0.178571428571429
"WFH","alternative",1,560,0.178571428571429
"WFH","alternatives",1,560,0.178571428571429
"WFH","altruism",1,560,0.178571428571429
"WFH","amazing",5,560,0.892857142857143
"WFH","amazon",2,560,0.357142857142857
"WFH","amazzing",1,560,0.178571428571429
"WFH","amended",1,560,0.178571428571429
"WFH","america",3,560,0.535714285714286
"WFH","american",3,560,0.535714285714286
"WFH","amid",2,560,0.357142857142857
"WFH","amount",2,560,0.357142857142857
"WFH","ample",1,560,0.178571428571429
"WFH","amplified",1,560,0.178571428571429
"WFH","analysis",2,560,0.357142857142857
"WFH","analyst",4,560,0.714285714285714
"WFH","andrew",1,560,0.178571428571429
"WFH","angeles",1,560,0.178571428571429
"WFH","angle",1,560,0.178571428571429
"WFH","animation",1,560,0.178571428571429
"WFH","annotation",1,560,0.178571428571429
"WFH","announced",1,560,0.178571428571429
"WFH","announcement",1,560,0.178571428571429
"WFH","annoying",2,560,0.357142857142857
"WFH","annual",1,560,0.178571428571429
"WFH","anotator",1,560,0.178571428571429
"WFH","ant",1,560,0.178571428571429
"WFH","anthropic",1,560,0.178571428571429
"WFH","anti",4,560,0.714285714285714
"WFH","anymore",3,560,0.535714285714286
"WFH","apartment",2,560,0.357142857142857
"WFH","apartments",1,560,0.178571428571429
"WFH","apes",1,560,0.178571428571429
"WFH","app",4,560,0.714285714285714
"WFH","apparently",1,560,0.178571428571429
"WFH","appealing",1,560,0.178571428571429
"WFH","applicant",1,560,0.178571428571429
"WFH","application",4,560,0.714285714285714
"WFH","applications",2,560,0.357142857142857
"WFH","apply",27,560,4.82142857142857
"WFH","applying",5,560,0.892857142857143
"WFH","appreciated",1,560,0.178571428571429
"WFH","approach",1,560,0.178571428571429
"WFH","approval",1,560,0.178571428571429
"WFH","approve",1,560,0.178571428571429
"WFH","approved",4,560,0.714285714285714
"WFH","approving",3,560,0.535714285714286
"WFH","april",1,560,0.178571428571429
"WFH","archives",1,560,0.178571428571429
"WFH","archivist",1,560,0.178571428571429
"WFH","arcologies",1,560,0.178571428571429
"WFH","argentina",4,560,0.714285714285714
"WFH","argument",3,560,0.535714285714286
"WFH","arms",1,560,0.178571428571429
"WFH","arrangement",2,560,0.357142857142857
"WFH","arrangements",1,560,0.178571428571429
"WFH","arrested",1,560,0.178571428571429
"WFH","art",3,560,0.535714285714286
"WFH","arthur",1,560,0.178571428571429
"WFH","article",7,560,1.25
"WFH","articles",2,560,0.357142857142857
"WFH","asap",1,560,0.178571428571429
"WFH","asfoor",1,560,0.178571428571429
"WFH","ashburn",1,560,0.178571428571429
"WFH","askethos",1,560,0.178571428571429
"WFH","asleep",1,560,0.178571428571429
"WFH","aspects",1,560,0.178571428571429
"WFH","ass",2,560,0.357142857142857
"WFH","assess",2,560,0.357142857142857
"WFH","asset",1,560,0.178571428571429
"WFH","assetid",9,560,1.60714285714286
"WFH","assistant",2,560,0.357142857142857
"WFH","assistants",1,560,0.178571428571429
"WFH","assistive",1,560,0.178571428571429
"WFH","associate",2,560,0.357142857142857
"WFH","associates",1,560,0.178571428571429
"WFH","assuming",1,560,0.178571428571429
"WFH","assumptions",1,560,0.178571428571429
"WFH","astra",1,560,0.178571428571429
"WFH","async",2,560,0.357142857142857
"WFH","ate",1,560,0.178571428571429
"WFH","atrophied",1,560,0.178571428571429
"WFH","attackers",1,560,0.178571428571429
"WFH","attend",1,560,0.178571428571429
"WFH","attention",3,560,0.535714285714286
"WFH","attire",1,560,0.178571428571429
"WFH","attitude",1,560,0.178571428571429
"WFH","audience",1,560,0.178571428571429
"WFH","audio",1,560,0.178571428571429
"WFH","audiobook",2,560,0.357142857142857
"WFH","audiobooks",1,560,0.178571428571429
"WFH","audits",1,560,0.178571428571429
"WFH","aue",1,560,0.178571428571429
"WFH","auf",1,560,0.178571428571429
"WFH","augment",1,560,0.178571428571429
"WFH","austin",6,560,1.07142857142857
"WFH","austria",2,560,0.357142857142857
"WFH","authority",1,560,0.178571428571429
"WFH","automatic",1,560,0.178571428571429
"WFH","automating",1,560,0.178571428571429
"WFH","autonomy",2,560,0.357142857142857
"WFH","availability",1,560,0.178571428571429
"WFH","avalanche",1,560,0.178571428571429
"WFH","avaliable",1,560,0.178571428571429
"WFH","average",6,560,1.07142857142857
"WFH","avoid",2,560,0.357142857142857
"WFH","avoiding",1,560,0.178571428571429
"WFH","award",1,560,0.178571428571429
"WFH","awareness",1,560,0.178571428571429
"WFH","awesome",2,560,0.357142857142857
"WFH","awkwardness",1,560,0.178571428571429
"WFH","axios",1,560,0.178571428571429
"WFH","baby",1,560,0.178571428571429
"WFH","background",10,560,1.78571428571429
"WFH","backlash",1,560,0.178571428571429
"WFH","backup",1,560,0.178571428571429
"WFH","bad",6,560,1.07142857142857
"WFH","bag",2,560,0.357142857142857
"WFH","bags",1,560,0.178571428571429
"WFH","bairesdev",3,560,0.535714285714286
"WFH","balance",2,560,0.357142857142857
"WFH","balloon",1,560,0.178571428571429
"WFH","ban",4,560,0.714285714285714
"WFH","bangalore",1,560,0.178571428571429
"WFH","bangkok",2,560,0.357142857142857
"WFH","bangladesh",1,560,0.178571428571429
"WFH","bangladeshfreelance",1,560,0.178571428571429
"WFH","bangui",1,560,0.178571428571429
"WFH","bank",1,560,0.178571428571429
"WFH","bar",1,560,0.178571428571429
"WFH","barely",1,560,0.178571428571429
"WFH","bargaining",4,560,0.714285714285714
"WFH","barrier",1,560,0.178571428571429
"WFH","bart",1,560,0.178571428571429
"WFH","base",1,560,0.178571428571429
"WFH","based",15,560,2.67857142857143
"WFH","baseline",1,560,0.178571428571429
"WFH","basement",1,560,0.178571428571429
"WFH","basic",1,560,0.178571428571429
"WFH","basically",1,560,0.178571428571429
"WFH","bastards",1,560,0.178571428571429
"WFH","bath",1,560,0.178571428571429
"WFH","battery",1,560,0.178571428571429
"WFH","battle",1,560,0.178571428571429
"WFH","batumi",1,560,0.178571428571429
"WFH","bay",1,560,0.178571428571429
"WFH","bbq",1,560,0.178571428571429
"WFH","beach",1,560,0.178571428571429
"WFH","beauty",1,560,0.178571428571429
"WFH","bed",2,560,0.357142857142857
"WFH","bedridden",15,560,2.67857142857143
"WFH","bedroom",3,560,0.535714285714286
"WFH","bedtime",1,560,0.178571428571429
"WFH","begin",1,560,0.178571428571429
"WFH","behavior",1,560,0.178571428571429
"WFH","behaviour",1,560,0.178571428571429
"WFH","belly",1,560,0.178571428571429
"WFH","benchmarks",1,560,0.178571428571429
"WFH","beneficial",1,560,0.178571428571429
"WFH","benefit",1,560,0.178571428571429
"WFH","benefits",6,560,1.07142857142857
"WFH","benjamin",1,560,0.178571428571429
"WFH","berazategui",1,560,0.178571428571429
"WFH","bestie",1,560,0.178571428571429
"WFH","beverage",1,560,0.178571428571429
"WFH","bfl",1,560,0.178571428571429
"WFH","bigger",1,560,0.178571428571429
"WFH","biggest",2,560,0.357142857142857
"WFH","bike",2,560,0.357142857142857
"WFH","bill",2,560,0.357142857142857
"WFH","billionaire",1,560,0.178571428571429
"WFH","billionaires",1,560,0.178571428571429
"WFH","bills",1,560,0.178571428571429
"WFH","bio",2,560,0.357142857142857
"WFH","biological",1,560,0.178571428571429
"WFH","bit",2,560,0.357142857142857
"WFH","bits",1,560,0.178571428571429
"WFH","blazor",1,560,0.178571428571429
"WFH","blessing",1,560,0.178571428571429
"WFH","blind",1,560,0.178571428571429
"WFH","blink",2,560,0.357142857142857
"WFH","blizzard",2,560,0.357142857142857
"WFH","block",1,560,0.178571428571429
"WFH","blog",3,560,0.535714285714286
"WFH","blood",2,560,0.357142857142857
"WFH","bloomberg",1,560,0.178571428571429
"WFH","blue",1,560,0.178571428571429
"WFH","bluesky",2,560,0.357142857142857
"WFH","bmore",1,560,0.178571428571429
"WFH","board",1,560,0.178571428571429
"WFH","boards",2,560,0.357142857142857
"WFH","bodies",1,560,0.178571428571429
"WFH","body",9,560,1.60714285714286
"WFH","boiling",1,560,0.178571428571429
"WFH","bomb",1,560,0.178571428571429
"WFH","bonding",1,560,0.178571428571429
"WFH","book",1,560,0.178571428571429
"WFH","bookkeeper",1,560,0.178571428571429
"WFH","boom",2,560,0.357142857142857
"WFH","boomers",1,560,0.178571428571429
"WFH","boosted",1,560,0.178571428571429
"WFH","boosts",1,560,0.178571428571429
"WFH","boot",1,560,0.178571428571429
"WFH","boots",2,560,0.357142857142857
"WFH","border",1,560,0.178571428571429
"WFH","borders",1,560,0.178571428571429
"WFH","boring",1,560,0.178571428571429
"WFH","boss",2,560,0.357142857142857
"WFH","bosses",2,560,0.357142857142857
"WFH","boston",4,560,0.714285714285714
"WFH","botswana",1,560,0.178571428571429
"WFH","bought",1,560,0.178571428571429
"WFH","boundaries",4,560,0.714285714285714
"WFH","box",1,560,0.178571428571429
"WFH","brady",2,560,0.357142857142857
"WFH","brain",1,560,0.178571428571429
"WFH","brainer",1,560,0.178571428571429
"WFH","brandon",1,560,0.178571428571429
"WFH","break",4,560,0.714285714285714
"WFH","breakdown",1,560,0.178571428571429
"WFH","breakfast",1,560,0.178571428571429
"WFH","breaks",3,560,0.535714285714286
"WFH","breath",1,560,0.178571428571429
"WFH","breather",1,560,0.178571428571429
"WFH","brick",1,560,0.178571428571429
"WFH","bricks",1,560,0.178571428571429
"WFH","briefly",1,560,0.178571428571429
"WFH","brigade",1,560,0.178571428571429
"WFH","brighter",9,560,1.60714285714286
"WFH","bringing",4,560,0.714285714285714
"WFH","brings",1,560,0.178571428571429
"WFH","bro",1,560,0.178571428571429
"WFH","broadband",2,560,0.357142857142857
"WFH","brought",2,560,0.357142857142857
"WFH","brownouts",1,560,0.178571428571429
"WFH","browser",1,560,0.178571428571429
"WFH","btw",1,560,0.178571428571429
"WFH","budget",2,560,0.357142857142857
"WFH","budgeting",1,560,0.178571428571429
"WFH","build",8,560,1.42857142857143
"WFH","building",2,560,0.357142857142857
"WFH","buildings",2,560,0.357142857142857
"WFH","builds",1,560,0.178571428571429
"WFH","built",4,560,0.714285714285714
"WFH","bullies",1,560,0.178571428571429
"WFH","bullshit",2,560,0.357142857142857
"WFH","bunch",3,560,0.535714285714286
"WFH","burgeoning",1,560,0.178571428571429
"WFH","burn",1,560,0.178571428571429
"WFH","burnout",2,560,0.357142857142857
"WFH","business",12,560,2.14285714285714
"WFH","businesses",6,560,1.07142857142857
"WFH","businessintelligence",1,560,0.178571428571429
"WFH","businessman",1,560,0.178571428571429
"WFH","busy",1,560,0.178571428571429
"WFH","buy",1,560,0.178571428571429
"WFH","buyers",1,560,0.178571428571429
"WFH","buzzing",1,560,0.178571428571429
"WFH","bypasses",1,560,0.178571428571429
"WFH","ca",2,560,0.357142857142857
"WFH","cafe",2,560,0.357142857142857
"WFH","cafes",1,560,0.178571428571429
"WFH","café",2,560,0.357142857142857
"WFH","cafés",1,560,0.178571428571429
"WFH","cage",1,560,0.178571428571429
"WFH","cagliari",2,560,0.357142857142857
"WFH","california",7,560,1.25
"WFH","californian",1,560,0.178571428571429
"WFH","call",3,560,0.535714285714286
"WFH","callcenter",4,560,0.714285714285714
"WFH","called",2,560,0.357142857142857
"WFH","calm",2,560,0.357142857142857
"WFH","camera",1,560,0.178571428571429
"WFH","cameras",1,560,0.178571428571429
"WFH","cameron",1,560,0.178571428571429
"WFH","cameroon",1,560,0.178571428571429
"WFH","campus",2,560,0.357142857142857
"WFH","canada",5,560,0.892857142857143
"WFH","canadian",2,560,0.357142857142857
"WFH","canceled",1,560,0.178571428571429
"WFH","cancelled",1,560,0.178571428571429
"WFH","candidates",3,560,0.535714285714286
"WFH","cap",2,560,0.357142857142857
"WFH","capabilities",1,560,0.178571428571429
"WFH","capable",4,560,0.714285714285714
"WFH","capital",3,560,0.535714285714286
"WFH","capitalizing",1,560,0.178571428571429
"WFH","capture",2,560,0.357142857142857
"WFH","car",3,560,0.535714285714286
"WFH","carbon",1,560,0.178571428571429
"WFH","care",3,560,0.535714285714286
"WFH","career",2,560,0.357142857142857
"WFH","careergrowth",1,560,0.178571428571429
"WFH","careeropportunity",2,560,0.357142857142857
"WFH","careers",5,560,0.892857142857143
"WFH","caregivers",1,560,0.178571428571429
"WFH","caretaker",1,560,0.178571428571429
"WFH","caring",1,560,0.178571428571429
"WFH","cars",1,560,0.178571428571429
"WFH","carterville",1,560,0.178571428571429
"WFH","cash",11,560,1.96428571428571
"WFH","casual",1,560,0.178571428571429
"WFH","catching",1,560,0.178571428571429
"WFH","category",7,560,1.25
"WFH","causing",1,560,0.178571428571429
"WFH","caveat",1,560,0.178571428571429
"WFH","cc",1,560,0.178571428571429
"WFH","cease",1,560,0.178571428571429
"WFH","celebrates",1,560,0.178571428571429
"WFH","celeron",1,560,0.178571428571429
"WFH","cell",1,560,0.178571428571429
"WFH","censorship",1,560,0.178571428571429
"WFH","center",5,560,0.892857142857143
"WFH","centered",2,560,0.357142857142857
"WFH","centers",3,560,0.535714285714286
"WFH","central",2,560,0.357142857142857
"WFH","century",2,560,0.357142857142857
"WFH","ceo",1,560,0.178571428571429
"WFH","certified",1,560,0.178571428571429
"WFH","challenge",1,560,0.178571428571429
"WFH","challenges",3,560,0.535714285714286
"WFH","challenging",2,560,0.357142857142857
"WFH","chance",2,560,0.357142857142857
"WFH","chances",1,560,0.178571428571429
"WFH","change",1,560,0.178571428571429
"WFH","changed",1,560,0.178571428571429
"WFH","changer",1,560,0.178571428571429
"WFH","changing",1,560,0.178571428571429
"WFH","channel",2,560,0.357142857142857
"WFH","charles",1,560,0.178571428571429
"WFH","charlotte",1,560,0.178571428571429
"WFH","chat",1,560,0.178571428571429
"WFH","chatgpt",2,560,0.357142857142857
"WFH","chats",1,560,0.178571428571429
"WFH","cheap",2,560,0.357142857142857
"WFH","cheaper",2,560,0.357142857142857
"WFH","cheapest",1,560,0.178571428571429
"WFH","check",14,560,2.5
"WFH","checked",2,560,0.357142857142857
"WFH","checking",1,560,0.178571428571429
"WFH","checks",1,560,0.178571428571429
"WFH","cheeseburger",1,560,0.178571428571429
"WFH","chemical",1,560,0.178571428571429
"WFH","chicago",2,560,0.357142857142857
"WFH","child",3,560,0.535714285714286
"WFH","children",1,560,0.178571428571429
"WFH","chip",1,560,0.178571428571429
"WFH","choice",1,560,0.178571428571429
"WFH","choices",1,560,0.178571428571429
"WFH","choked",1,560,0.178571428571429
"WFH","choose",2,560,0.357142857142857
"WFH","chose",1,560,0.178571428571429
"WFH","chosen",1,560,0.178571428571429
"WFH","christian",4,560,0.714285714285714
"WFH","chronically",16,560,2.85714285714286
"WFH","chuwi",1,560,0.178571428571429
"WFH","cigarettes",1,560,0.178571428571429
"WFH","cigars",1,560,0.178571428571429
"WFH","circles",2,560,0.357142857142857
"WFH","circumstances",2,560,0.357142857142857
"WFH","cisa",1,560,0.178571428571429
"WFH","cities",5,560,0.892857142857143
"WFH","citizens",1,560,0.178571428571429
"WFH","citrix",1,560,0.178571428571429
"WFH","city",8,560,1.42857142857143
"WFH","civil",1,560,0.178571428571429
"WFH","claim",1,560,0.178571428571429
"WFH","claims",1,560,0.178571428571429
"WFH","clandestinely",2,560,0.357142857142857
"WFH","clarke",1,560,0.178571428571429
"WFH","classes",2,560,0.357142857142857
"WFH","classification",2,560,0.357142857142857
"WFH","classified",1,560,0.178571428571429
"WFH","classify",1,560,0.178571428571429
"WFH","classifying",1,560,0.178571428571429
"WFH","classrooms",1,560,0.178571428571429
"WFH","classwork",1,560,0.178571428571429
"WFH","claude",1,560,0.178571428571429
"WFH","claw",1,560,0.178571428571429
"WFH","clean",3,560,0.535714285714286
"WFH","cleaner",1,560,0.178571428571429
"WFH","cleanly",1,560,0.178571428571429
"WFH","clever",1,560,0.178571428571429
"WFH","click",1,560,0.178571428571429
"WFH","client",5,560,0.892857142857143
"WFH","clients",2,560,0.357142857142857
"WFH","climate",1,560,0.178571428571429
"WFH","clinic",1,560,0.178571428571429
"WFH","clipart",1,560,0.178571428571429
"WFH","clock",1,560,0.178571428571429
"WFH","clope",1,560,0.178571428571429
"WFH","close",3,560,0.535714285714286
"WFH","closer",2,560,0.357142857142857
"WFH","closes",2,560,0.357142857142857
"WFH","closing",1,560,0.178571428571429
"WFH","closures",1,560,0.178571428571429
"WFH","clothes",1,560,0.178571428571429
"WFH","cloud",4,560,0.714285714285714
"WFH","cloudlinux",2,560,0.357142857142857
"WFH","cloudpeeps",1,560,0.178571428571429
"WFH","club",1,560,0.178571428571429
"WFH","cmon",1,560,0.178571428571429
"WFH","coach",1,560,0.178571428571429
"WFH","coast",1,560,0.178571428571429
"WFH","coastal",1,560,0.178571428571429
"WFH","coding",1,560,0.178571428571429
"WFH","coffee",6,560,1.07142857142857
"WFH","coherence",1,560,0.178571428571429
"WFH","cohesion",1,560,0.178571428571429
"WFH","coincided",1,560,0.178571428571429
"WFH","col",1,560,0.178571428571429
"WFH","cola",1,560,0.178571428571429
"WFH","collaborative",1,560,0.178571428571429
"WFH","colleague",1,560,0.178571428571429
"WFH","colleauges",1,560,0.178571428571429
"WFH","collective",4,560,0.714285714285714
"WFH","collectivepower",1,560,0.178571428571429
"WFH","college",4,560,0.714285714285714
"WFH","collegefootball",1,560,0.178571428571429
"WFH","colocation",1,560,0.178571428571429
"WFH","colon",1,560,0.178571428571429
"WFH","combination",1,560,0.178571428571429
"WFH","combo",1,560,0.178571428571429
"WFH","comeback",2,560,0.357142857142857
"WFH","comfort",1,560,0.178571428571429
"WFH","comfortable",1,560,0.178571428571429
"WFH","comforting",1,560,0.178571428571429
"WFH","comfy",1,560,0.178571428571429
"WFH","coming",3,560,0.535714285714286
"WFH","commentary",1,560,0.178571428571429
"WFH","comments",1,560,0.178571428571429
"WFH","commission",5,560,0.892857142857143
"WFH","commitments",2,560,0.357142857142857
"WFH","common",2,560,0.357142857142857
"WFH","communicate",1,560,0.178571428571429
"WFH","communication",4,560,0.714285714285714
"WFH","community",5,560,0.892857142857143
"WFH","commute",6,560,1.07142857142857
"WFH","commuter",2,560,0.357142857142857
"WFH","commutes",5,560,0.892857142857143
"WFH","commuting",4,560,0.714285714285714
"WFH","companies",9,560,1.60714285714286
"WFH","companion",1,560,0.178571428571429
"WFH","company",19,560,3.39285714285714
"WFH","compare",2,560,0.357142857142857
"WFH","compared",1,560,0.178571428571429
"WFH","compensation",3,560,0.535714285714286
"WFH","compete",1,560,0.178571428571429
"WFH","competitive",1,560,0.178571428571429
"WFH","complaints",1,560,0.178571428571429
"WFH","complementarity",1,560,0.178571428571429
"WFH","complete",4,560,0.714285714285714
"WFH","completely",2,560,0.357142857142857
"WFH","complex",2,560,0.357142857142857
"WFH","complexities",1,560,0.178571428571429
"WFH","compliance",2,560,0.357142857142857
"WFH","complicates",1,560,0.178571428571429
"WFH","computing",1,560,0.178571428571429
"WFH","concentrate",1,560,0.178571428571429
"WFH","concern",2,560,0.357142857142857
"WFH","concrete",1,560,0.178571428571429
"WFH","conditions",1,560,0.178571428571429
"WFH","confidential",1,560,0.178571428571429
"WFH","confidentiality",1,560,0.178571428571429
"WFH","confirm",2,560,0.357142857142857
"WFH","confused",1,560,0.178571428571429
"WFH","congested",1,560,0.178571428571429
"WFH","congestion",1,560,0.178571428571429
"WFH","congress",1,560,0.178571428571429
"WFH","connect",3,560,0.535714285714286
"WFH","connected",1,560,0.178571428571429
"WFH","connection",2,560,0.357142857142857
"WFH","connectivity",1,560,0.178571428571429
"WFH","connects",1,560,0.178571428571429
"WFH","conservation",2,560,0.357142857142857
"WFH","conservatives",1,560,0.178571428571429
"WFH","considerably",1,560,0.178571428571429
"WFH","considered",1,560,0.178571428571429
"WFH","consistency",2,560,0.357142857142857
"WFH","consistent",2,560,0.357142857142857
"WFH","conspiratorial",1,560,0.178571428571429
"WFH","constant",1,560,0.178571428571429
"WFH","constituents",1,560,0.178571428571429
"WFH","construction",1,560,0.178571428571429
"WFH","consult",1,560,0.178571428571429
"WFH","consumption",2,560,0.357142857142857
"WFH","contact",1,560,0.178571428571429
"WFH","contacts",1,560,0.178571428571429
"WFH","content",5,560,0.892857142857143
"WFH","contentmarketing",1,560,0.178571428571429
"WFH","context",1,560,0.178571428571429
"WFH","continued",2,560,0.357142857142857
"WFH","contract",5,560,0.892857142857143
"WFH","contractor",10,560,1.78571428571429
"WFH","contracts",4,560,0.714285714285714
"WFH","contributor",1,560,0.178571428571429
"WFH","control",1,560,0.178571428571429
"WFH","controlresonant",1,560,0.178571428571429
"WFH","conundrum",1,560,0.178571428571429
"WFH","convenience",1,560,0.178571428571429
"WFH","conversation",4,560,0.714285714285714
"WFH","conversations",1,560,0.178571428571429
"WFH","convo",1,560,0.178571428571429
"WFH","cook",1,560,0.178571428571429
"WFH","coordinator",1,560,0.178571428571429
"WFH","copy",1,560,0.178571428571429
"WFH","core",1,560,0.178571428571429
"WFH","corkboard",1,560,0.178571428571429
"WFH","corpor",2,560,0.357142857142857
"WFH","corporate",8,560,1.42857142857143
"WFH","corporations",1,560,0.178571428571429
"WFH","corps",1,560,0.178571428571429
"WFH","corpse",1,560,0.178571428571429
"WFH","correct",1,560,0.178571428571429
"WFH","cost",13,560,2.32142857142857
"WFH","costly",1,560,0.178571428571429
"WFH","costs",11,560,1.96428571428571
"WFH","couch",1,560,0.178571428571429
"WFH","cough",1,560,0.178571428571429
"WFH","council",1,560,0.178571428571429
"WFH","counseling",1,560,0.178571428571429
"WFH","count",1,560,0.178571428571429
"WFH","countries",1,560,0.178571428571429
"WFH","country",6,560,1.07142857142857
"WFH","county",2,560,0.357142857142857
"WFH","court",1,560,0.178571428571429
"WFH","coverage",1,560,0.178571428571429
"WFH","covered",1,560,0.178571428571429
"WFH","covering",2,560,0.357142857142857
"WFH","covers",3,560,0.535714285714286
"WFH","covid",13,560,2.32142857142857
"WFH","cowan",1,560,0.178571428571429
"WFH","coworker",1,560,0.178571428571429
"WFH","coworkers",1,560,0.178571428571429
"WFH","cozy",1,560,0.178571428571429
"WFH","cozychaos",1,560,0.178571428571429
"WFH","crack",1,560,0.178571428571429
"WFH","crammed",1,560,0.178571428571429
"WFH","crash",1,560,0.178571428571429
"WFH","crashed",1,560,0.178571428571429
"WFH","crazy",3,560,0.535714285714286
"WFH","crdt",1,560,0.178571428571429
"WFH","create",5,560,0.892857142857143
"WFH","created",1,560,0.178571428571429
"WFH","creates",10,560,1.78571428571429
"WFH","creating",1,560,0.178571428571429
"WFH","creative",3,560,0.535714285714286
"WFH","creativity",1,560,0.178571428571429
"WFH","creator",1,560,0.178571428571429
"WFH","credit",1,560,0.178571428571429
"WFH","credits",1,560,0.178571428571429
"WFH","creepier",1,560,0.178571428571429
"WFH","creeps",1,560,0.178571428571429
"WFH","criminal",1,560,0.178571428571429
"WFH","crisis",2,560,0.357142857142857
"WFH","critical",1,560,0.178571428571429
"WFH","cronyism",1,560,0.178571428571429
"WFH","crossed",1,560,0.178571428571429
"WFH","crossing",1,560,0.178571428571429
"WFH","crowded",1,560,0.178571428571429
"WFH","crucial",1,560,0.178571428571429
"WFH","cubicles",1,560,0.178571428571429
"WFH","cuck",1,560,0.178571428571429
"WFH","cults",1,560,0.178571428571429
"WFH","culture",7,560,1.25
"WFH","currency",2,560,0.357142857142857
"WFH","current",4,560,0.714285714285714
"WFH","currentware",1,560,0.178571428571429
"WFH","curse",1,560,0.178571428571429
"WFH","cursive",1,560,0.178571428571429
"WFH","customer",7,560,1.25
"WFH","customers",2,560,0.357142857142857
"WFH","customerservicerepresentative",4,560,0.714285714285714
"WFH","customize",1,560,0.178571428571429
"WFH","cut",4,560,0.714285714285714
"WFH","cuts",2,560,0.357142857142857
"WFH","cutter",1,560,0.178571428571429
"WFH","cuz",1,560,0.178571428571429
"WFH","cyber",1,560,0.178571428571429
"WFH","cybersecurit",1,560,0.178571428571429
"WFH","cybersecurity",5,560,0.892857142857143
"WFH","cycling",2,560,0.357142857142857
"WFH","cynicism",1,560,0.178571428571429
"WFH","daily",6,560,1.07142857142857
"WFH","dailyproverb",1,560,0.178571428571429
"WFH","damaged",1,560,0.178571428571429
"WFH","dame",1,560,0.178571428571429
"WFH","danger",2,560,0.357142857142857
"WFH","danube",1,560,0.178571428571429
"WFH","danubeliving",1,560,0.178571428571429
"WFH","dark",10,560,1.78571428571429
"WFH","das",1,560,0.178571428571429
"WFH","dashboard",1,560,0.178571428571429
"WFH","data",9,560,1.60714285714286
"WFH","dataengineer",1,560,0.178571428571429
"WFH","datascience",1,560,0.178571428571429
"WFH","datasecurity",1,560,0.178571428571429
"WFH","date",3,560,0.535714285714286
"WFH","dates",1,560,0.178571428571429
"WFH","dawn",1,560,0.178571428571429
"WFH","dawnwalker",1,560,0.178571428571429
"WFH","day",25,560,4.46428571428571
"WFH","days",10,560,1.78571428571429
"WFH","db",1,560,0.178571428571429
"WFH","deal",1,560,0.178571428571429
"WFH","dealt",1,560,0.178571428571429
"WFH","debate",1,560,0.178571428571429
"WFH","debating",1,560,0.178571428571429
"WFH","decade",2,560,0.357142857142857
"WFH","decades",5,560,0.892857142857143
"WFH","december",1,560,0.178571428571429
"WFH","decent",2,560,0.357142857142857
"WFH","decides",1,560,0.178571428571429
"WFH","deciphering",1,560,0.178571428571429
"WFH","decisions",2,560,0.357142857142857
"WFH","declines",1,560,0.178571428571429
"WFH","decoded",1,560,0.178571428571429
"WFH","dedicated",2,560,0.357142857142857
"WFH","deems",1,560,0.178571428571429
"WFH","deep",2,560,0.357142857142857
"WFH","deepen",1,560,0.178571428571429
"WFH","deepest",1,560,0.178571428571429
"WFH","default",1,560,0.178571428571429
"WFH","degrees",1,560,0.178571428571429
"WFH","dei",2,560,0.357142857142857
"WFH","delivers",1,560,0.178571428571429
"WFH","demand",6,560,1.07142857142857
"WFH","demands",2,560,0.357142857142857
"WFH","demise",1,560,0.178571428571429
"WFH","demo",1,560,0.178571428571429
"WFH","democrats",1,560,0.178571428571429
"WFH","demonstrates",1,560,0.178571428571429
"WFH","demonstration",1,560,0.178571428571429
"WFH","demystified",1,560,0.178571428571429
"WFH","density",1,560,0.178571428571429
"WFH","departments",1,560,0.178571428571429
"WFH","dependent",1,560,0.178571428571429
"WFH","depending",1,560,0.178571428571429
"WFH","depends",1,560,0.178571428571429
"WFH","deployment",3,560,0.535714285714286
"WFH","depressed",2,560,0.357142857142857
"WFH","depression",1,560,0.178571428571429
"WFH","der",2,560,0.357142857142857
"WFH","design",7,560,1.25
"WFH","designated",1,560,0.178571428571429
"WFH","designed",1,560,0.178571428571429
"WFH","desire",1,560,0.178571428571429
"WFH","desk",4,560,0.714285714285714
"WFH","desks",1,560,0.178571428571429
"WFH","desksetup",1,560,0.178571428571429
"WFH","desktop",1,560,0.178571428571429
"WFH","desperate",1,560,0.178571428571429
"WFH","desperately",2,560,0.357142857142857
"WFH","destination",1,560,0.178571428571429
"WFH","destinations",1,560,0.178571428571429
"WFH","destiny",1,560,0.178571428571429
"WFH","destroying",1,560,0.178571428571429
"WFH","detached",2,560,0.357142857142857
"WFH","detail",1,560,0.178571428571429
"WFH","detailed",2,560,0.357142857142857
"WFH","details",5,560,0.892857142857143
"WFH","detention",1,560,0.178571428571429
"WFH","determined",1,560,0.178571428571429
"WFH","detroit",1,560,0.178571428571429
"WFH","dev",1,560,0.178571428571429
"WFH","develop",1,560,0.178571428571429
"WFH","developer",3,560,0.535714285714286
"WFH","developerjobs",1,560,0.178571428571429
"WFH","developers",1,560,0.178571428571429
"WFH","development",8,560,1.42857142857143
"WFH","device",11,560,1.96428571428571
"WFH","devices",2,560,0.357142857142857
"WFH","devs",1,560,0.178571428571429
"WFH","die",2,560,0.357142857142857
"WFH","difference",2,560,0.357142857142857
"WFH","difficult",2,560,0.357142857142857
"WFH","difficulty",1,560,0.178571428571429
"WFH","digital",11,560,1.96428571428571
"WFH","digitalmarketing",2,560,0.357142857142857
"WFH","digitalnomad",4,560,0.714285714285714
"WFH","digitalproducts",1,560,0.178571428571429
"WFH","dinner",2,560,0.357142857142857
"WFH","directions",1,560,0.178571428571429
"WFH","directly",3,560,0.535714285714286
"WFH","director",3,560,0.535714285714286
"WFH","disability",3,560,0.535714285714286
"WFH","disabled",21,560,3.75
"WFH","disappear",1,560,0.178571428571429
"WFH","disappeared",1,560,0.178571428571429
"WFH","disappearing",1,560,0.178571428571429
"WFH","discarded",1,560,0.178571428571429
"WFH","disclosure",1,560,0.178571428571429
"WFH","discourse",1,560,0.178571428571429
"WFH","discover",4,560,0.714285714285714
"WFH","discovered",1,560,0.178571428571429
"WFH","discrimination",1,560,0.178571428571429
"WFH","discriminatory",1,560,0.178571428571429
"WFH","discuss",1,560,0.178571428571429
"WFH","discussed",1,560,0.178571428571429
"WFH","discussing",1,560,0.178571428571429
"WFH","disparity",1,560,0.178571428571429
"WFH","dispersed",1,560,0.178571428571429
"WFH","disqualifies",1,560,0.178571428571429
"WFH","distance",4,560,0.714285714285714
"WFH","distractions",1,560,0.178571428571429
"WFH","distributed",3,560,0.535714285714286
"WFH","dlp",1,560,0.178571428571429
"WFH","dm",2,560,0.357142857142857
"WFH","dms",2,560,0.357142857142857
"WFH","dmv",1,560,0.178571428571429
"WFH","doc",1,560,0.178571428571429
"WFH","doch",1,560,0.178571428571429
"WFH","docking",1,560,0.178571428571429
"WFH","docs",1,560,0.178571428571429
"WFH","doctor",2,560,0.357142857142857
"WFH","doctors",1,560,0.178571428571429
"WFH","doe",3,560,0.535714285714286
"WFH","dog",3,560,0.535714285714286
"WFH","dollars",1,560,0.178571428571429
"WFH","domestic",1,560,0.178571428571429
"WFH","domicile",2,560,0.357142857142857
"WFH","donations",1,560,0.178571428571429
"WFH","donau",2,560,0.357142857142857
"WFH","door",1,560,0.178571428571429
"WFH","double",1,560,0.178571428571429
"WFH","download",1,560,0.178571428571429
"WFH","downside",1,560,0.178571428571429
"WFH","downtowns",1,560,0.178571428571429
"WFH","dozens",2,560,0.357142857142857
"WFH","dr",1,560,0.178571428571429
"WFH","draft",1,560,0.178571428571429
"WFH","dragging",1,560,0.178571428571429
"WFH","drain",1,560,0.178571428571429
"WFH","drawings",1,560,0.178571428571429
"WFH","drawn",1,560,0.178571428571429
"WFH","dream",1,560,0.178571428571429
"WFH","dreaming",1,560,0.178571428571429
"WFH","dreams",1,560,0.178571428571429
"WFH","dressing",1,560,0.178571428571429
"WFH","drink",2,560,0.357142857142857
"WFH","drive",6,560,1.07142857142857
"WFH","driving",1,560,0.178571428571429
"WFH","drone",1,560,0.178571428571429
"WFH","drones",1,560,0.178571428571429
"WFH","drops",1,560,0.178571428571429
"WFH","drug",1,560,0.178571428571429
"WFH","dry",1,560,0.178571428571429
"WFH","dual",1,560,0.178571428571429
"WFH","dublin",1,560,0.178571428571429
"WFH","due",4,560,0.714285714285714
"WFH","dulles",1,560,0.178571428571429
"WFH","duplicate",2,560,0.357142857142857
"WFH","duration",3,560,0.535714285714286
"WFH","dust",1,560,0.178571428571429
"WFH","duties",2,560,0.357142857142857
"WFH","dwindling",1,560,0.178571428571429
"WFH","dwts",1,560,0.178571428571429
"WFH","ea",1,560,0.178571428571429
"WFH","earn",10,560,1.78571428571429
"WFH","earned",1,560,0.178571428571429
"WFH","earning",1,560,0.178571428571429
"WFH","earnings",1,560,0.178571428571429
"WFH","ease",2,560,0.357142857142857
"WFH","easier",8,560,1.42857142857143
"WFH","easiest",1,560,0.178571428571429
"WFH","easily",1,560,0.178571428571429
"WFH","east",2,560,0.357142857142857
"WFH","eastern",2,560,0.357142857142857
"WFH","easy",4,560,0.714285714285714
"WFH","ebikes",1,560,0.178571428571429
"WFH","eblackman",1,560,0.178571428571429
"WFH","economic",3,560,0.535714285714286
"WFH","economy",2,560,0.357142857142857
"WFH","ecp",1,560,0.178571428571429
"WFH","editor",2,560,0.357142857142857
"WFH","edjobs",1,560,0.178571428571429
"WFH","edr",1,560,0.178571428571429
"WFH","edt",1,560,0.178571428571429
"WFH","education",3,560,0.535714285714286
"WFH","educational",10,560,1.78571428571429
"WFH","effect",2,560,0.357142857142857
"WFH","effective",1,560,0.178571428571429
"WFH","effects",1,560,0.178571428571429
"WFH","efficiency",3,560,0.535714285714286
"WFH","efficient",1,560,0.178571428571429
"WFH","effort",1,560,0.178571428571429
"WFH","ei",1,560,0.178571428571429
"WFH","eighth",1,560,0.178571428571429
"WFH","election",1,560,0.178571428571429
"WFH","electricity",1,560,0.178571428571429
"WFH","electrification",1,560,0.178571428571429
"WFH","elevator",1,560,0.178571428571429
"WFH","eligibility",2,560,0.357142857142857
"WFH","eligible",1,560,0.178571428571429
"WFH","eliminated",1,560,0.178571428571429
"WFH","elon",1,560,0.178571428571429
"WFH","email",2,560,0.357142857142857
"WFH","emails",1,560,0.178571428571429
"WFH","embraced",1,560,0.178571428571429
"WFH","emergencyprep",1,560,0.178571428571429
"WFH","emissions",3,560,0.535714285714286
"WFH","emphasis",1,560,0.178571428571429
"WFH","empirical",1,560,0.178571428571429
"WFH","employed",1,560,0.178571428571429
"WFH","employee",4,560,0.714285714285714
"WFH","employees",17,560,3.03571428571429
"WFH","employer",6,560,1.07142857142857
"WFH","employers",9,560,1.60714285714286
"WFH","employment",14,560,2.5
"WFH","employmentlaw",1,560,0.178571428571429
"WFH","empty",1,560,0.178571428571429
"WFH","en",2,560,0.357142857142857
"WFH","encourage",2,560,0.357142857142857
"WFH","encouraging",3,560,0.535714285714286
"WFH","encrypted",11,560,1.96428571428571
"WFH","endorsing",1,560,0.178571428571429
"WFH","endpoint",1,560,0.178571428571429
"WFH","endpoints",1,560,0.178571428571429
"WFH","energy",15,560,2.67857142857143
"WFH","enforcement",1,560,0.178571428571429
"WFH","engagement",2,560,0.357142857142857
"WFH","engineer",5,560,0.892857142857143
"WFH","engineered",1,560,0.178571428571429
"WFH","engineering",2,560,0.357142857142857
"WFH","engineers",1,560,0.178571428571429
"WFH","english",2,560,0.357142857142857
"WFH","enjoy",3,560,0.535714285714286
"WFH","enrolled",1,560,0.178571428571429
"WFH","enrollment",1,560,0.178571428571429
"WFH","ensure",1,560,0.178571428571429
"WFH","entered",1,560,0.178571428571429
"WFH","enterprise",4,560,0.714285714285714
"WFH","entertainment",1,560,0.178571428571429
"WFH","entice",1,560,0.178571428571429
"WFH","entitled",1,560,0.178571428571429
"WFH","entrepreneurship",3,560,0.535714285714286
"WFH","entry",3,560,0.535714285714286
"WFH","environment",6,560,1.07142857142857
"WFH","envision",1,560,0.178571428571429
"WFH","envtubers",1,560,0.178571428571429
"WFH","epic",1,560,0.178571428571429
"WFH","epileptic",1,560,0.178571428571429
"WFH","epub",1,560,0.178571428571429
"WFH","equal",1,560,0.178571428571429
"WFH","equals",1,560,0.178571428571429
"WFH","equipment",2,560,0.357142857142857
"WFH","equitably",1,560,0.178571428571429
"WFH","equity",1,560,0.178571428571429
"WFH","equivalent",1,560,0.178571428571429
"WFH","era",7,560,1.25
"WFH","erbox",1,560,0.178571428571429
"WFH","erg",1,560,0.178571428571429
"WFH","ergopulse",1,560,0.178571428571429
"WFH","erotic",1,560,0.178571428571429
"WFH","error",2,560,0.357142857142857
"WFH","es",1,560,0.178571428571429
"WFH","escalation",1,560,0.178571428571429
"WFH","esp",1,560,0.178571428571429
"WFH","essence",1,560,0.178571428571429
"WFH","essential",1,560,0.178571428571429
"WFH","est",1,560,0.178571428571429
"WFH","established",1,560,0.178571428571429
"WFH","ethos",1,560,0.178571428571429
"WFH","etiquette",1,560,0.178571428571429
"WFH","eu",3,560,0.535714285714286
"WFH","eur",1,560,0.178571428571429
"WFH","ev",1,560,0.178571428571429
"WFH","evaluate",1,560,0.178571428571429
"WFH","eve",1,560,0.178571428571429
"WFH","evenings",1,560,0.178571428571429
"WFH","events",2,560,0.357142857142857
"WFH","eventually",1,560,0.178571428571429
"WFH","everytime",1,560,0.178571428571429
"WFH","eviction",1,560,0.178571428571429
"WFH","evidence",2,560,0.357142857142857
"WFH","evolved",1,560,0.178571428571429
"WFH","evs",3,560,0.535714285714286
"WFH","ewart",1,560,0.178571428571429
"WFH","excellent",6,560,1.07142857142857
"WFH","exchanged",1,560,0.178571428571429
"WFH","exchanges",1,560,0.178571428571429
"WFH","exciting",1,560,0.178571428571429
"WFH","excuse",1,560,0.178571428571429
"WFH","executive",1,560,0.178571428571429
"WFH","exempt",1,560,0.178571428571429
"WFH","exfiltration",1,560,0.178571428571429
"WFH","exhausted",1,560,0.178571428571429
"WFH","exhaustion",1,560,0.178571428571429
"WFH","existing",3,560,0.535714285714286
"WFH","exodus",1,560,0.178571428571429
"WFH","expand",1,560,0.178571428571429
"WFH","expands",1,560,0.178571428571429
"WFH","expansion",1,560,0.178571428571429
"WFH","expat",2,560,0.357142857142857
"WFH","expectations",1,560,0.178571428571429
"WFH","expected",3,560,0.535714285714286
"WFH","expense",2,560,0.357142857142857
"WFH","expenses",3,560,0.535714285714286
"WFH","expensive",2,560,0.357142857142857
"WFH","experience",13,560,2.32142857142857
"WFH","experienced",3,560,0.535714285714286
"WFH","experiences",1,560,0.178571428571429
"WFH","expert",3,560,0.535714285714286
"WFH","expertise",1,560,0.178571428571429
"WFH","experts",1,560,0.178571428571429
"WFH","explain",2,560,0.357142857142857
"WFH","explained",1,560,0.178571428571429
"WFH","explains",2,560,0.357142857142857
"WFH","exploits",1,560,0.178571428571429
"WFH","explore",2,560,0.357142857142857
"WFH","explored",1,560,0.178571428571429
"WFH","explores",1,560,0.178571428571429
"WFH","expose",1,560,0.178571428571429
"WFH","exposed",2,560,0.357142857142857
"WFH","exposure",5,560,0.892857142857143
"WFH","extent",1,560,0.178571428571429
"WFH","externship",1,560,0.178571428571429
"WFH","externships",1,560,0.178571428571429
"WFH","extra",12,560,2.14285714285714
"WFH","extreme",1,560,0.178571428571429
"WFH","eye",1,560,0.178571428571429
"WFH","fabric",1,560,0.178571428571429
"WFH","facing",1,560,0.178571428571429
"WFH","fades",2,560,0.357142857142857
"WFH","fail",1,560,0.178571428571429
"WFH","failed",2,560,0.357142857142857
"WFH","failing",1,560,0.178571428571429
"WFH","failure",2,560,0.357142857142857
"WFH","fake",8,560,1.42857142857143
"WFH","falling",1,560,0.178571428571429
"WFH","fame",2,560,0.357142857142857
"WFH","families",2,560,0.357142857142857
"WFH","family",1,560,0.178571428571429
"WFH","fanless",1,560,0.178571428571429
"WFH","fans",1,560,0.178571428571429
"WFH","fantasy",1,560,0.178571428571429
"WFH","fares",1,560,0.178571428571429
"WFH","farm",1,560,0.178571428571429
"WFH","farming",1,560,0.178571428571429
"WFH","faster",1,560,0.178571428571429
"WFH","fastest",1,560,0.178571428571429
"WFH","fatal",1,560,0.178571428571429
"WFH","father",1,560,0.178571428571429
"WFH","fatigue",2,560,0.357142857142857
"WFH","favor",1,560,0.178571428571429
"WFH","fear",1,560,0.178571428571429
"WFH","feasibility",1,560,0.178571428571429
"WFH","feasible",1,560,0.178571428571429
"WFH","feature",1,560,0.178571428571429
"WFH","featured",1,560,0.178571428571429
"WFH","february",1,560,0.178571428571429
"WFH","federal",2,560,0.357142857142857
"WFH","feedback",3,560,0.535714285714286
"WFH","feel",5,560,0.892857142857143
"WFH","feeling",2,560,0.357142857142857
"WFH","feels",3,560,0.535714285714286
"WFH","fees",1,560,0.178571428571429
"WFH","female",1,560,0.178571428571429
"WFH","fence",1,560,0.178571428571429
"WFH","festival",1,560,0.178571428571429
"WFH","fewer",2,560,0.357142857142857
"WFH","fi",2,560,0.357142857142857
"WFH","fiber",1,560,0.178571428571429
"WFH","fictional",2,560,0.357142857142857
"WFH","field",2,560,0.357142857142857
"WFH","fight",1,560,0.178571428571429
"WFH","fighting",1,560,0.178571428571429
"WFH","figure",1,560,0.178571428571429
"WFH","figured",1,560,0.178571428571429
"WFH","file",1,560,0.178571428571429
"WFH","filed",2,560,0.357142857142857
"WFH","files",1,560,0.178571428571429
"WFH","fill",1,560,0.178571428571429
"WFH","filled",1,560,0.178571428571429
"WFH","filters",1,560,0.178571428571429
"WFH","filthy",1,560,0.178571428571429
"WFH","filtration",1,560,0.178571428571429
"WFH","final",1,560,0.178571428571429
"WFH","finally",7,560,1.25
"WFH","finance",1,560,0.178571428571429
"WFH","financial",2,560,0.357142857142857
"WFH","finding",3,560,0.535714285714286
"WFH","findings",2,560,0.357142857142857
"WFH","fine",4,560,0.714285714285714
"WFH","fineartnude",1,560,0.178571428571429
"WFH","fineartphotography",1,560,0.178571428571429
"WFH","fines",1,560,0.178571428571429
"WFH","fingers",1,560,0.178571428571429
"WFH","finish",1,560,0.178571428571429
"WFH","finishing",1,560,0.178571428571429
"WFH","finland",2,560,0.357142857142857
"WFH","fire",2,560,0.357142857142857
"WFH","firm",1,560,0.178571428571429
"WFH","firms",1,560,0.178571428571429
"WFH","fits",2,560,0.357142857142857
"WFH","fix",3,560,0.535714285714286
"WFH","fixed",1,560,0.178571428571429
"WFH","fixing",2,560,0.357142857142857
"WFH","flank",1,560,0.178571428571429
"WFH","flashing",1,560,0.178571428571429
"WFH","flats",1,560,0.178571428571429
"WFH","flesh",1,560,0.178571428571429
"WFH","flexibility",6,560,1.07142857142857
"WFH","flexible",8,560,1.42857142857143
"WFH","floodgates",1,560,0.178571428571429
"WFH","flourished",1,560,0.178571428571429
"WFH","fluff",1,560,0.178571428571429
"WFH","fly",2,560,0.357142857142857
"WFH","fml",1,560,0.178571428571429
"WFH","focus",7,560,1.25
"WFH","focused",2,560,0.357142857142857
"WFH","focusing",1,560,0.178571428571429
"WFH","foe",1,560,0.178571428571429
"WFH","fog",1,560,0.178571428571429
"WFH","foldable",1,560,0.178571428571429
"WFH","folks",5,560,0.892857142857143
"WFH","follow",5,560,0.892857142857143
"WFH","food",16,560,2.85714285714286
"WFH","foot",1,560,0.178571428571429
"WFH","football",2,560,0.357142857142857
"WFH","forced",2,560,0.357142857142857
"WFH","forcing",3,560,0.535714285714286
"WFH","forecasts",1,560,0.178571428571429
"WFH","foreign",1,560,0.178571428571429
"WFH","foremost",3,560,0.535714285714286
"WFH","forget",2,560,0.357142857142857
"WFH","form",1,560,0.178571428571429
"WFH","format",1,560,0.178571428571429
"WFH","forms",2,560,0.357142857142857
"WFH","fortune",1,560,0.178571428571429
"WFH","forward",1,560,0.178571428571429
"WFH","fosters",1,560,0.178571428571429
"WFH","fought",1,560,0.178571428571429
"WFH","found",13,560,2.32142857142857
"WFH","foundation",1,560,0.178571428571429
"WFH","founder",1,560,0.178571428571429
"WFH","founders",1,560,0.178571428571429
"WFH","franchise",1,560,0.178571428571429
"WFH","francisco",1,560,0.178571428571429
"WFH","frat",1,560,0.178571428571429
"WFH","freak",1,560,0.178571428571429
"WFH","freaks",1,560,0.178571428571429
"WFH","free",12,560,2.14285714285714
"WFH","freelan",1,560,0.178571428571429
"WFH","freelance",1,560,0.178571428571429
"WFH","freelancejobs",1,560,0.178571428571429
"WFH","freelancer",2,560,0.357142857142857
"WFH","freelancers",2,560,0.357142857142857
"WFH","freelancing",2,560,0.357142857142857
"WFH","freezer",1,560,0.178571428571429
"WFH","frequent",1,560,0.178571428571429
"WFH","fresh",1,560,0.178571428571429
"WFH","freshers",1,560,0.178571428571429
"WFH","fresno",1,560,0.178571428571429
"WFH","friday",5,560,0.892857142857143
"WFH","fridays",1,560,0.178571428571429
"WFH","fridge",1,560,0.178571428571429
"WFH","friend",1,560,0.178571428571429
"WFH","friendly",3,560,0.535714285714286
"WFH","friends",2,560,0.357142857142857
"WFH","front",2,560,0.357142857142857
"WFH","frustrating",1,560,0.178571428571429
"WFH","ft",1,560,0.178571428571429
"WFH","ftb",1,560,0.178571428571429
"WFH","ftp",1,560,0.178571428571429
"WFH","fuck",3,560,0.535714285714286
"WFH","fuckin",1,560,0.178571428571429
"WFH","fucking",3,560,0.535714285714286
"WFH","fuel",6,560,1.07142857142857
"WFH","fuelled",1,560,0.178571428571429
"WFH","fuels",1,560,0.178571428571429
"WFH","fulltime",1,560,0.178571428571429
"WFH","fun",3,560,0.535714285714286
"WFH","fundamentally",2,560,0.357142857142857
"WFH","funding",3,560,0.535714285714286
"WFH","funniest",1,560,0.178571428571429
"WFH","funny",3,560,0.535714285714286
"WFH","furniture",1,560,0.178571428571429
"WFH","furries",1,560,0.178571428571429
"WFH","future",4,560,0.714285714285714
"WFH","futureofwork",1,560,0.178571428571429
"WFH","futuristic",1,560,0.178571428571429
"WFH","gaborone",1,560,0.178571428571429
"WFH","gadget",1,560,0.178571428571429
"WFH","gadgets",1,560,0.178571428571429
"WFH","gained",1,560,0.178571428571429
"WFH","game",5,560,0.892857142857143
"WFH","gamedev",1,560,0.178571428571429
"WFH","gap",1,560,0.178571428571429
"WFH","gaps",1,560,0.178571428571429
"WFH","garage",1,560,0.178571428571429
"WFH","garagesalemysteries",1,560,0.178571428571429
"WFH","garden",1,560,0.178571428571429
"WFH","gardendc",1,560,0.178571428571429
"WFH","gardener",1,560,0.178571428571429
"WFH","gardening",1,560,0.178571428571429
"WFH","gas",12,560,2.14285714285714
"WFH","gasoline",4,560,0.714285714285714
"WFH","gay",1,560,0.178571428571429
"WFH","gear",1,560,0.178571428571429
"WFH","geebo",4,560,0.714285714285714
"WFH","gem",1,560,0.178571428571429
"WFH","gemini",1,560,0.178571428571429
"WFH","gen",1,560,0.178571428571429
"WFH","genbs",1,560,0.178571428571429
"WFH","generation",1,560,0.178571428571429
"WFH","generations",1,560,0.178571428571429
"WFH","genres",1,560,0.178571428571429
"WFH","gens",1,560,0.178571428571429
"WFH","gentry",1,560,0.178571428571429
"WFH","genuinely",1,560,0.178571428571429
"WFH","geog",1,560,0.178571428571429
"WFH","geography",1,560,0.178571428571429
"WFH","georgouli",1,560,0.178571428571429
"WFH","germany",1,560,0.178571428571429
"WFH","gerrymander",1,560,0.178571428571429
"WFH","getfedihired",1,560,0.178571428571429
"WFH","ghost",1,560,0.178571428571429
"WFH","ghzli",1,560,0.178571428571429
"WFH","gift",2,560,0.357142857142857
"WFH","gignac",1,560,0.178571428571429
"WFH","gigs",1,560,0.178571428571429
"WFH","girls",1,560,0.178571428571429
"WFH","giving",1,560,0.178571428571429
"WFH","glasses",1,560,0.178571428571429
"WFH","global",6,560,1.07142857142857
"WFH","globetrotters",1,560,0.178571428571429
"WFH","glut",1,560,0.178571428571429
"WFH","gofasti",1,560,0.178571428571429
"WFH","gold",2,560,0.357142857142857
"WFH","gonna",4,560,0.714285714285714
"WFH","goodness",2,560,0.357142857142857
"WFH","google",4,560,0.714285714285714
"WFH","gotta",1,560,0.178571428571429
"WFH","gov",1,560,0.178571428571429
"WFH","govern",1,560,0.178571428571429
"WFH","government",8,560,1.42857142857143
"WFH","governments",1,560,0.178571428571429
"WFH","gozo",3,560,0.535714285714286
"WFH","gradually",1,560,0.178571428571429
"WFH","graduates",1,560,0.178571428571429
"WFH","grammar",1,560,0.178571428571429
"WFH","granblue",1,560,0.178571428571429
"WFH","grandmother",1,560,0.178571428571429
"WFH","granular",1,560,0.178571428571429
"WFH","graphic",1,560,0.178571428571429
"WFH","graphics",1,560,0.178571428571429
"WFH","grateful",1,560,0.178571428571429
"WFH","greedy",1,560,0.178571428571429
"WFH","green",1,560,0.178571428571429
"WFH","greenwood",1,560,0.178571428571429
"WFH","gregory",1,560,0.178571428571429
"WFH","grievance",1,560,0.178571428571429
"WFH","gross",1,560,0.178571428571429
"WFH","ground",3,560,0.535714285714286
"WFH","growing",1,560,0.178571428571429
"WFH","growth",4,560,0.714285714285714
"WFH","grumble",1,560,0.178571428571429
"WFH","gta",1,560,0.178571428571429
"WFH","guarantee",1,560,0.178571428571429
"WFH","guaranteed",1,560,0.178571428571429
"WFH","guard",1,560,0.178571428571429
"WFH","guards",1,560,0.178571428571429
"WFH","guess",7,560,1.25
"WFH","guessing",1,560,0.178571428571429
"WFH","guest",1,560,0.178571428571429
"WFH","guidance",2,560,0.357142857142857
"WFH","guide",7,560,1.25
"WFH","guidelines",1,560,0.178571428571429
"WFH","guides",2,560,0.357142857142857
"WFH","guilt",1,560,0.178571428571429
"WFH","gunsmithing",1,560,0.178571428571429
"WFH","guy",2,560,0.357142857142857
"WFH","guys",1,560,0.178571428571429
"WFH","gw",1,560,0.178571428571429
"WFH","ha",1,560,0.178571428571429
"WFH","haben",1,560,0.178571428571429
"WFH","habit",1,560,0.178571428571429
"WFH","habits",2,560,0.357142857142857
"WFH","hacking",1,560,0.178571428571429
"WFH","hafis",1,560,0.178571428571429
"WFH","hag",1,560,0.178571428571429
"WFH","haha",1,560,0.178571428571429
"WFH","hahaha",3,560,0.535714285714286
"WFH","hahahahaha",1,560,0.178571428571429
"WFH","hahahahahahaha",1,560,0.178571428571429
"WFH","hailed",1,560,0.178571428571429
"WFH","half",2,560,0.357142857142857
"WFH","hallmark",1,560,0.178571428571429
"WFH","hamburg",2,560,0.357142857142857
"WFH","hand",2,560,0.357142857142857
"WFH","handle",3,560,0.535714285714286
"WFH","handled",2,560,0.357142857142857
"WFH","handoffs",3,560,0.535714285714286
"WFH","handwringing",1,560,0.178571428571429
"WFH","hanging",1,560,0.178571428571429
"WFH","happen",6,560,1.07142857142857
"WFH","happened",4,560,0.714285714285714
"WFH","happening",2,560,0.357142857142857
"WFH","happier",1,560,0.178571428571429
"WFH","happily",1,560,0.178571428571429
"WFH","happy",1,560,0.178571428571429
"WFH","hard",2,560,0.357142857142857
"WFH","harder",3,560,0.535714285714286
"WFH","harm",1,560,0.178571428571429
"WFH","hate",3,560,0.535714285714286
"WFH","hats",1,560,0.178571428571429
"WFH","hatte",1,560,0.178571428571429
"WFH","havers",1,560,0.178571428571429
"WFH","head",1,560,0.178571428571429
"WFH","headline",2,560,0.357142857142857
"WFH","heads",1,560,0.178571428571429
"WFH","health",11,560,1.96428571428571
"WFH","healthcare",2,560,0.357142857142857
"WFH","healthesystems",1,560,0.178571428571429
"WFH","heart",2,560,0.357142857142857
"WFH","heavily",1,560,0.178571428571429
"WFH","heavy",2,560,0.357142857142857
"WFH","heel",1,560,0.178571428571429
"WFH","hell",1,560,0.178571428571429
"WFH","helped",3,560,0.535714285714286
"WFH","helping",1,560,0.178571428571429
"WFH","helps",7,560,1.25
"WFH","hero",1,560,0.178571428571429
"WFH","hey",1,560,0.178571428571429
"WFH","heyid",3,560,0.535714285714286
"WFH","hides",1,560,0.178571428571429
"WFH","highways",1,560,0.178571428571429
"WFH","hilarious",1,560,0.178571428571429
"WFH","hire",1,560,0.178571428571429
"WFH","hired",2,560,0.357142857142857
"WFH","hirefreelancers",1,560,0.178571428571429
"WFH","hiring",24,560,4.28571428571429
"WFH","hispanic",1,560,0.178571428571429
"WFH","historically",1,560,0.178571428571429
"WFH","hit",2,560,0.357142857142857
"WFH","hits",1,560,0.178571428571429
"WFH","hold",4,560,0.714285714285714
"WFH","holds",1,560,0.178571428571429
"WFH","hollow",1,560,0.178571428571429
"WFH","hologram",1,560,0.178571428571429
"WFH","homecybersecurity",1,560,0.178571428571429
"WFH","homeless",16,560,2.85714285714286
"WFH","homelessness",1,560,0.178571428571429
"WFH","homeowners",1,560,0.178571428571429
"WFH","homes",2,560,0.357142857142857
"WFH","homework",1,560,0.178571428571429
"WFH","honest",2,560,0.357142857142857
"WFH","honestly",3,560,0.535714285714286
"WFH","honored",1,560,0.178571428571429
"WFH","hoodie",1,560,0.178571428571429
"WFH","hook",1,560,0.178571428571429
"WFH","hope",4,560,0.714285714285714
"WFH","hopeless",1,560,0.178571428571429
"WFH","hopes",1,560,0.178571428571429
"WFH","hoping",1,560,0.178571428571429
"WFH","horse",1,560,0.178571428571429
"WFH","hospital",2,560,0.357142857142857
"WFH","host",1,560,0.178571428571429
"WFH","hosting",1,560,0.178571428571429
"WFH","hot",3,560,0.535714285714286
"WFH","hour",11,560,1.96428571428571
"WFH","hourly",1,560,0.178571428571429
"WFH","hours",14,560,2.5
"WFH","house",7,560,1.25
"WFH","housebound",1,560,0.178571428571429
"WFH","housed",1,560,0.178571428571429
"WFH","houses",1,560,0.178571428571429
"WFH","housing",4,560,0.714285714285714
"WFH","hr",4,560,0.714285714285714
"WFH","hrs",3,560,0.535714285714286
"WFH","https",1,560,0.178571428571429
"WFH","hub",2,560,0.357142857142857
"WFH","huge",2,560,0.357142857142857
"WFH","human",1,560,0.178571428571429
"WFH","humanity",1,560,0.178571428571429
"WFH","humanoid",1,560,0.178571428571429
"WFH","humans",1,560,0.178571428571429
"WFH","hunger",1,560,0.178571428571429
"WFH","hunting",4,560,0.714285714285714
"WFH","hurt",1,560,0.178571428571429
"WFH","hustle",1,560,0.178571428571429
"WFH","hustles",2,560,0.357142857142857
"WFH","hybrid",17,560,3.03571428571429
"WFH","hybridwork",1,560,0.178571428571429
"WFH","hype",1,560,0.178571428571429
"WFH","hyper",1,560,0.178571428571429
"WFH","hyperscalers",1,560,0.178571428571429
"WFH","hypocrisy",1,560,0.178571428571429
"WFH","hypothetically",1,560,0.178571428571429
"WFH","ian",1,560,0.178571428571429
"WFH","ice",2,560,0.357142857142857
"WFH","iced",1,560,0.178571428571429
"WFH","idea",3,560,0.535714285714286
"WFH","ideal",1,560,0.178571428571429
"WFH","ideas",1,560,0.178571428571429
"WFH","identity",7,560,1.25
"WFH","idk",2,560,0.357142857142857
"WFH","ignore",3,560,0.535714285714286
"WFH","iheartfestival",1,560,0.178571428571429
"WFH","iheartradio",1,560,0.178571428571429
"WFH","ikea",1,560,0.178571428571429
"WFH","ill",17,560,3.03571428571429
"WFH","illinois",1,560,0.178571428571429
"WFH","illness",1,560,0.178571428571429
"WFH","im",3,560,0.535714285714286
"WFH","image",4,560,0.714285714285714
"WFH","imagery",1,560,0.178571428571429
"WFH","immediately",1,560,0.178571428571429
"WFH","immensely",1,560,0.178571428571429
"WFH","imo",2,560,0.357142857142857
"WFH","impact",1,560,0.178571428571429
"WFH","implementing",2,560,0.357142857142857
"WFH","imported",1,560,0.178571428571429
"WFH","impossible",1,560,0.178571428571429
"WFH","improve",4,560,0.714285714285714
"WFH","improvements",1,560,0.178571428571429
"WFH","improving",1,560,0.178571428571429
"WFH","imunify",1,560,0.178571428571429
"WFH","inadequate",1,560,0.178571428571429
"WFH","incarcerated",4,560,0.714285714285714
"WFH","incentives",1,560,0.178571428571429
"WFH","incentivize",1,560,0.178571428571429
"WFH","inch",1,560,0.178571428571429
"WFH","include",4,560,0.714285714285714
"WFH","included",1,560,0.178571428571429
"WFH","includes",1,560,0.178571428571429
"WFH","including",3,560,0.535714285714286
"WFH","inclusion",1,560,0.178571428571429
"WFH","income",7,560,1.25
"WFH","incomplete",1,560,0.178571428571429
"WFH","increase",2,560,0.357142857142857
"WFH","increases",3,560,0.535714285714286
"WFH","increasing",10,560,1.78571428571429
"WFH","incredible",1,560,0.178571428571429
"WFH","index",2,560,0.357142857142857
"WFH","indie",1,560,0.178571428571429
"WFH","indignant",1,560,0.178571428571429
"WFH","individuals",3,560,0.535714285714286
"WFH","indoors",2,560,0.357142857142857
"WFH","industries",1,560,0.178571428571429
"WFH","industry",4,560,0.714285714285714
"WFH","inefficient",1,560,0.178571428571429
"WFH","inequality",1,560,0.178571428571429
"WFH","inertia",1,560,0.178571428571429
"WFH","influenced",1,560,0.178571428571429
"WFH","influencer",1,560,0.178571428571429
"WFH","influencing",1,560,0.178571428571429
"WFH","info",1,560,0.178571428571429
"WFH","information",4,560,0.714285714285714
"WFH","informed",1,560,0.178571428571429
"WFH","infrastructure",6,560,1.07142857142857
"WFH","infuriating",1,560,0.178571428571429
"WFH","ingalls",1,560,0.178571428571429
"WFH","inhabit",1,560,0.178571428571429
"WFH","inkstone",1,560,0.178571428571429
"WFH","inland",1,560,0.178571428571429
"WFH","innovation",3,560,0.535714285714286
"WFH","inquiries",1,560,0.178571428571429
"WFH","inside",1,560,0.178571428571429
"WFH","insider",1,560,0.178571428571429
"WFH","insiderthreat",1,560,0.178571428571429
"WFH","insist",1,560,0.178571428571429
"WFH","inspiration",1,560,0.178571428571429
"WFH","inspiring",1,560,0.178571428571429
"WFH","instant",1,560,0.178571428571429
"WFH","institution",1,560,0.178571428571429
"WFH","insulting",1,560,0.178571428571429
"WFH","insurance",2,560,0.357142857142857
"WFH","integral",1,560,0.178571428571429
"WFH","intelligence",1,560,0.178571428571429
"WFH","intelligent",1,560,0.178571428571429
"WFH","intensive",1,560,0.178571428571429
"WFH","intention",1,560,0.178571428571429
"WFH","interacting",1,560,0.178571428571429
"WFH","interaction",2,560,0.357142857142857
"WFH","interactions",1,560,0.178571428571429
"WFH","interface",1,560,0.178571428571429
"WFH","intern",2,560,0.357142857142857
"WFH","international",2,560,0.357142857142857
"WFH","internationally",1,560,0.178571428571429
"WFH","interned",1,560,0.178571428571429
"WFH","internet",9,560,1.60714285714286
"WFH","internship",2,560,0.357142857142857
"WFH","internships",1,560,0.178571428571429
"WFH","interview",1,560,0.178571428571429
"WFH","interviewed",1,560,0.178571428571429
"WFH","interviews",3,560,0.535714285714286
"WFH","introvert",1,560,0.178571428571429
"WFH","invented",1,560,0.178571428571429
"WFH","investment",1,560,0.178571428571429
"WFH","investors",1,560,0.178571428571429
"WFH","invisible",1,560,0.178571428571429
"WFH","invite",1,560,0.178571428571429
"WFH","invoicing",1,560,0.178571428571429
"WFH","iotsecurity",1,560,0.178571428571429
"WFH","ip",2,560,0.357142857142857
"WFH","iran",1,560,0.178571428571429
"WFH","iranian",2,560,0.357142857142857
"WFH","irl",1,560,0.178571428571429
"WFH","isekai",1,560,0.178571428571429
"WFH","isnt",1,560,0.178571428571429
"WFH","isolation",3,560,0.535714285714286
"WFH","iss",1,560,0.178571428571429
"WFH","issue",2,560,0.357142857142857
"WFH","issued",1,560,0.178571428571429
"WFH","ist",2,560,0.357142857142857
"WFH","istanbul",1,560,0.178571428571429
"WFH","italytravel",1,560,0.178571428571429
"WFH","itam",1,560,0.178571428571429
"WFH","itassetmanagement",1,560,0.178571428571429
"WFH","itsm",1,560,0.178571428571429
"WFH","ituzaingó",1,560,0.178571428571429
"WFH","ixl",1,560,0.178571428571429
"WFH","january",2,560,0.357142857142857
"WFH","japan",2,560,0.357142857142857
"WFH","jazeera",1,560,0.178571428571429
"WFH","jedi",1,560,0.178571428571429
"WFH","jenn",1,560,0.178571428571429
"WFH","jesus",1,560,0.178571428571429
"WFH","jetzt",1,560,0.178571428571429
"WFH","joanna",1,560,0.178571428571429
"WFH","job",46,560,8.21428571428571
"WFH","jobhunting",1,560,0.178571428571429
"WFH","jobopportunity",8,560,1.42857142857143
"WFH","jobs",38,560,6.78571428571429
"WFH","john",2,560,0.357142857142857
"WFH","johnson",1,560,0.178571428571429
"WFH","join",6,560,1.07142857142857
"WFH","jong",1,560,0.178571428571429
"WFH","judging",1,560,0.178571428571429
"WFH","judgment",1,560,0.178571428571429
"WFH","jump",1,560,0.178571428571429
"WFH","jungle",1,560,0.178571428571429
"WFH","jyväskylä",1,560,0.178571428571429
"WFH","kamrui",1,560,0.178571428571429
"WFH","keen",1,560,0.178571428571429
"WFH","kenya",1,560,0.178571428571429
"WFH","kicking",2,560,0.357142857142857
"WFH","kicks",1,560,0.178571428571429
"WFH","kid",1,560,0.178571428571429
"WFH","kids",3,560,0.535714285714286
"WFH","killed",1,560,0.178571428571429
"WFH","killing",1,560,0.178571428571429
"WFH","kim",1,560,0.178571428571429
"WFH","kinda",1,560,0.178571428571429
"WFH","kitchen",2,560,0.357142857142857
"WFH","kleine",1,560,0.178571428571429
"WFH","kn",1,560,0.178571428571429
"WFH","knocked",1,560,0.178571428571429
"WFH","knowing",4,560,0.714285714285714
"WFH","knowledge",1,560,0.178571428571429
"WFH","korea",4,560,0.714285714285714
"WFH","korean",9,560,1.60714285714286
"WFH","kpi",1,560,0.178571428571429
"WFH","krems",2,560,0.357142857142857
"WFH","kruase",1,560,0.178571428571429
"WFH","kryptonite",1,560,0.178571428571429
"WFH","kun",1,560,0.178571428571429
"WFH","kyriakos",1,560,0.178571428571429
"WFH","la",3,560,0.535714285714286
"WFH","label",3,560,0.535714285714286
"WFH","labor",1,560,0.178571428571429
"WFH","lacking",1,560,0.178571428571429
"WFH","lacks",2,560,0.357142857142857
"WFH","lady",1,560,0.178571428571429
"WFH","lahey",1,560,0.178571428571429
"WFH","laid",1,560,0.178571428571429
"WFH","lan",1,560,0.178571428571429
"WFH","land",1,560,0.178571428571429
"WFH","landlords",1,560,0.178571428571429
"WFH","landscape",4,560,0.714285714285714
"WFH","lanes",3,560,0.535714285714286
"WFH","language",3,560,0.535714285714286
"WFH","lansing",2,560,0.357142857142857
"WFH","laptop",2,560,0.357142857142857
"WFH","laptops",1,560,0.178571428571429
"WFH","laravel",1,560,0.178571428571429
"WFH","larger",3,560,0.535714285714286
"WFH","larping",1,560,0.178571428571429
"WFH","late",4,560,0.714285714285714
"WFH","latin",1,560,0.178571428571429
"WFH","launch",1,560,0.178571428571429
"WFH","launching",1,560,0.178571428571429
"WFH","law",3,560,0.535714285714286
"WFH","lay",2,560,0.357142857142857
"WFH","layoffs",2,560,0.357142857142857
"WFH","lazarus",1,560,0.178571428571429
"WFH","laze",1,560,0.178571428571429
"WFH","lazy",1,560,0.178571428571429
"WFH","ldap",1,560,0.178571428571429
"WFH","lead",7,560,1.25
"WFH","leader",3,560,0.535714285714286
"WFH","leaders",2,560,0.357142857142857
"WFH","leadership",2,560,0.357142857142857
"WFH","leads",4,560,0.714285714285714
"WFH","leaking",1,560,0.178571428571429
"WFH","learn",8,560,1.42857142857143
"WFH","learning",4,560,0.714285714285714
"WFH","leavd",1,560,0.178571428571429
"WFH","leave",7,560,1.25
"WFH","leaves",1,560,0.178571428571429
"WFH","leaving",2,560,0.357142857142857
"WFH","left",4,560,0.714285714285714
"WFH","leg",1,560,0.178571428571429
"WFH","legacy",1,560,0.178571428571429
"WFH","legal",5,560,0.892857142857143
"WFH","legally",1,560,0.178571428571429
"WFH","legit",1,560,0.178571428571429
"WFH","legitimate",2,560,0.357142857142857
"WFH","legitimately",2,560,0.357142857142857
"WFH","lesser",1,560,0.178571428571429
"WFH","lessons",1,560,0.178571428571429
"WFH","letting",1,560,0.178571428571429
"WFH","level",6,560,1.07142857142857
"WFH","levels",1,560,0.178571428571429
"WFH","leverage",2,560,0.357142857142857
"WFH","liam",1,560,0.178571428571429
"WFH","lied",1,560,0.178571428571429
"WFH","life",6,560,1.07142857142857
"WFH","lifeatmediaocean",1,560,0.178571428571429
"WFH","lifecycle",1,560,0.178571428571429
"WFH","lifestyle",1,560,0.178571428571429
"WFH","lifetimes",1,560,0.178571428571429
"WFH","lift",1,560,0.178571428571429
"WFH","lifting",1,560,0.178571428571429
"WFH","light",1,560,0.178571428571429
"WFH","lighting",1,560,0.178571428571429
"WFH","liking",1,560,0.178571428571429
"WFH","limit",1,560,0.178571428571429
"WFH","limited",2,560,0.357142857142857
"WFH","limiting",1,560,0.178571428571429
"WFH","limits",1,560,0.178571428571429
"WFH","line",2,560,0.357142857142857
"WFH","link",4,560,0.714285714285714
"WFH","linked",2,560,0.357142857142857
"WFH","links",2,560,0.357142857142857
"WFH","listed",1,560,0.178571428571429
"WFH","listen",1,560,0.178571428571429
"WFH","listening",1,560,0.178571428571429
"WFH","listing",1,560,0.178571428571429
"WFH","listings",1,560,0.178571428571429
"WFH","lists",1,560,0.178571428571429
"WFH","litany",1,560,0.178571428571429
"WFH","literal",1,560,0.178571428571429
"WFH","literally",2,560,0.357142857142857
"WFH","literature",1,560,0.178571428571429
"WFH","livable",1,560,0.178571428571429
"WFH","live",11,560,1.96428571428571
"WFH","lived",1,560,0.178571428571429
"WFH","lives",1,560,0.178571428571429
"WFH","living",15,560,2.67857142857143
"WFH","llc",1,560,0.178571428571429
"WFH","lmk",1,560,0.178571428571429
"WFH","local",7,560,1.25
"WFH","location",15,560,2.67857142857143
"WFH","lockdown",1,560,0.178571428571429
"WFH","locked",1,560,0.178571428571429
"WFH","locktober",1,560,0.178571428571429
"WFH","log",1,560,0.178571428571429
"WFH","logged",2,560,0.357142857142857
"WFH","logistical",1,560,0.178571428571429
"WFH","logistics",1,560,0.178571428571429
"WFH","logitech",1,560,0.178571428571429
"WFH","logo",1,560,0.178571428571429
"WFH","lol",4,560,0.714285714285714
"WFH","london",3,560,0.535714285714286
"WFH","loneliness",1,560,0.178571428571429
"WFH","lonely",2,560,0.357142857142857
"WFH","longtime",1,560,0.178571428571429
"WFH","looked",1,560,0.178571428571429
"WFH","lookin",1,560,0.178571428571429
"WFH","loom",1,560,0.178571428571429
"WFH","loophole",1,560,0.178571428571429
"WFH","loops",1,560,0.178571428571429
"WFH","loosened",1,560,0.178571428571429
"WFH","loosing",1,560,0.178571428571429
"WFH","los",2,560,0.357142857142857
"WFH","lose",1,560,0.178571428571429
"WFH","losers",1,560,0.178571428571429
"WFH","losing",1,560,0.178571428571429
"WFH","loss",2,560,0.357142857142857
"WFH","lost",4,560,0.714285714285714
"WFH","lot",9,560,1.60714285714286
"WFH","lots",13,560,2.32142857142857
"WFH","louisville",1,560,0.178571428571429
"WFH","love",5,560,0.892857142857143
"WFH","loving",1,560,0.178571428571429
"WFH","low",6,560,1.07142857142857
"WFH","lower",10,560,1.78571428571429
"WFH","loweraustria",1,560,0.178571428571429
"WFH","lowered",1,560,0.178571428571429
"WFH","lowers",1,560,0.178571428571429
"WFH","lsu",1,560,0.178571428571429
"WFH","lucas",1,560,0.178571428571429
"WFH","luck",11,560,1.96428571428571
"WFH","lucky",2,560,0.357142857142857
"WFH","luján",1,560,0.178571428571429
"WFH","lunch",1,560,0.178571428571429
"WFH","lung",1,560,0.178571428571429
"WFH","machine",1,560,0.178571428571429
"WFH","machinelearning",1,560,0.178571428571429
"WFH","macos",1,560,0.178571428571429
"WFH","maga",1,560,0.178571428571429
"WFH","magazine",1,560,0.178571428571429
"WFH","magic",1,560,0.178571428571429
"WFH","maintaining",1,560,0.178571428571429
"WFH","maintains",1,560,0.178571428571429
"WFH","major",2,560,0.357142857142857
"WFH","makes",9,560,1.60714285714286
"WFH","mal",1,560,0.178571428571429
"WFH","malta",3,560,0.535714285714286
"WFH","manage",6,560,1.07142857142857
"WFH","managed",2,560,0.357142857142857
"WFH","management",4,560,0.714285714285714
"WFH","manager",7,560,1.25
"WFH","managers",1,560,0.178571428571429
"WFH","managing",2,560,0.357142857142857
"WFH","mandate",3,560,0.535714285714286
"WFH","mandates",1,560,0.178571428571429
"WFH","mandatory",3,560,0.535714285714286
"WFH","manifest",1,560,0.178571428571429
"WFH","manila",1,560,0.178571428571429
"WFH","mantech",1,560,0.178571428571429
"WFH","manufacture",1,560,0.178571428571429
"WFH","maps",1,560,0.178571428571429
"WFH","march",1,560,0.178571428571429
"WFH","marin",1,560,0.178571428571429
"WFH","market",3,560,0.535714285714286
"WFH","marketing",3,560,0.535714285714286
"WFH","marketingcareers",1,560,0.178571428571429
"WFH","markets",1,560,0.178571428571429
"WFH","markham",1,560,0.178571428571429
"WFH","markjcarney",1,560,0.178571428571429
"WFH","mask",2,560,0.357142857142857
"WFH","masking",1,560,0.178571428571429
"WFH","mass",2,560,0.357142857142857
"WFH","massachusetts",1,560,0.178571428571429
"WFH","massive",2,560,0.357142857142857
"WFH","massively",1,560,0.178571428571429
"WFH","master",2,560,0.357142857142857
"WFH","matcha",1,560,0.178571428571429
"WFH","matched",1,560,0.178571428571429
"WFH","matches",1,560,0.178571428571429
"WFH","matching",1,560,0.178571428571429
"WFH","materials",3,560,0.535714285714286
"WFH","math",1,560,0.178571428571429
"WFH","matter",1,560,0.178571428571429
"WFH","matthew",1,560,0.178571428571429
"WFH","maturity",1,560,0.178571428571429
"WFH","maximizes",1,560,0.178571428571429
"WFH","maximum",1,560,0.178571428571429
"WFH","maya",1,560,0.178571428571429
"WFH","mayor",1,560,0.178571428571429
"WFH","mbps",4,560,0.714285714285714
"WFH","mci",3,560,0.535714285714286
"WFH","meadow",1,560,0.178571428571429
"WFH","meaningfully",1,560,0.178571428571429
"WFH","means",6,560,1.07142857142857
"WFH","measurement",1,560,0.178571428571429
"WFH","measures",4,560,0.714285714285714
"WFH","mechanics",1,560,0.178571428571429
"WFH","mechanism",1,560,0.178571428571429
"WFH","media",4,560,0.714285714285714
"WFH","median",1,560,0.178571428571429
"WFH","medications",1,560,0.178571428571429
"WFH","medicine",1,560,0.178571428571429
"WFH","meds",16,560,2.85714285714286
"WFH","meet",1,560,0.178571428571429
"WFH","meetin",2,560,0.357142857142857
"WFH","meeting",9,560,1.60714285714286
"WFH","meetings",5,560,0.892857142857143
"WFH","meets",1,560,0.178571428571429
"WFH","mega",1,560,0.178571428571429
"WFH","melbourne",2,560,0.357142857142857
"WFH","melissa",1,560,0.178571428571429
"WFH","memo",1,560,0.178571428571429
"WFH","mental",9,560,1.60714285714286
"WFH","mentally",1,560,0.178571428571429
"WFH","mentors",2,560,0.357142857142857
"WFH","mentorship",1,560,0.178571428571429
"WFH","menu",1,560,0.178571428571429
"WFH","mercor",12,560,2.14285714285714
"WFH","mercy",1,560,0.178571428571429
"WFH","merrillmade",1,560,0.178571428571429
"WFH","message",1,560,0.178571428571429
"WFH","metadata",1,560,0.178571428571429
"WFH","metart",1,560,0.178571428571429
"WFH","method",1,560,0.178571428571429
"WFH","metoo",1,560,0.178571428571429
"WFH","metric",1,560,0.178571428571429
"WFH","metros",1,560,0.178571428571429
"WFH","mexico",1,560,0.178571428571429
"WFH","michigan",2,560,0.357142857142857
"WFH","micro",1,560,0.178571428571429
"WFH","microphone",1,560,0.178571428571429
"WFH","microwave",1,560,0.178571428571429
"WFH","mid",2,560,0.357142857142857
"WFH","middle",1,560,0.178571428571429
"WFH","midsize",1,560,0.178571428571429
"WFH","midst",1,560,0.178571428571429
"WFH","midwest",1,560,0.178571428571429
"WFH","migrating",1,560,0.178571428571429
"WFH","migration",1,560,0.178571428571429
"WFH","migrationjobs",1,560,0.178571428571429
"WFH","mild",1,560,0.178571428571429
"WFH","mildly",1,560,0.178571428571429
"WFH","mile",1,560,0.178571428571429
"WFH","miles",1,560,0.178571428571429
"WFH","millennial",1,560,0.178571428571429
"WFH","million",2,560,0.357142857142857
"WFH","minds",1,560,0.178571428571429
"WFH","mine",1,560,0.178571428571429
"WFH","mini",4,560,0.714285714285714
"WFH","minimal",1,560,0.178571428571429
"WFH","minipc",1,560,0.178571428571429
"WFH","minister",1,560,0.178571428571429
"WFH","ministers",1,560,0.178571428571429
"WFH","minor",1,560,0.178571428571429
"WFH","minute",3,560,0.535714285714286
"WFH","minutes",4,560,0.714285714285714
"WFH","misclassification",2,560,0.357142857142857
"WFH","misery",1,560,0.178571428571429
"WFH","miss",3,560,0.535714285714286
"WFH","missing",4,560,0.714285714285714
"WFH","missouri",1,560,0.178571428571429
"WFH","mistake",1,560,0.178571428571429
"WFH","mistakes",1,560,0.178571428571429
"WFH","mitigate",1,560,0.178571428571429
"WFH","mitsotakis",1,560,0.178571428571429
"WFH","mix",1,560,0.178571428571429
"WFH","mllse",1,560,0.178571428571429
"WFH","mlms",1,560,0.178571428571429
"WFH","mnay",1,560,0.178571428571429
"WFH","moana",1,560,0.178571428571429
"WFH","mobile",2,560,0.357142857142857
"WFH","mobility",1,560,0.178571428571429
"WFH","mode",1,560,0.178571428571429
"WFH","modeling",1,560,0.178571428571429
"WFH","models",1,560,0.178571428571429
"WFH","moderately",1,560,0.178571428571429
"WFH","modern",2,560,0.357142857142857
"WFH","modest",1,560,0.178571428571429
"WFH","modifications",1,560,0.178571428571429
"WFH","modified",1,560,0.178571428571429
"WFH","mohamed",1,560,0.178571428571429
"WFH","moment",1,560,0.178571428571429
"WFH","moments",1,560,0.178571428571429
"WFH","monday",4,560,0.714285714285714
"WFH","money",7,560,1.25
"WFH","monique",1,560,0.178571428571429
"WFH","monitor",1,560,0.178571428571429
"WFH","month",11,560,1.96428571428571
"WFH","monthly",1,560,0.178571428571429
"WFH","months",7,560,1.25
"WFH","montreal",1,560,0.178571428571429
"WFH","mood",1,560,0.178571428571429
"WFH","moody",9,560,1.60714285714286
"WFH","morgan",1,560,0.178571428571429
"WFH","morning",7,560,1.25
"WFH","moses",1,560,0.178571428571429
"WFH","mothers",1,560,0.178571428571429
"WFH","mountain",2,560,0.357142857142857
"WFH","mountainous",1,560,0.178571428571429
"WFH","mounting",1,560,0.178571428571429
"WFH","move",8,560,1.42857142857143
"WFH","moved",4,560,0.714285714285714
"WFH","movement",1,560,0.178571428571429
"WFH","moving",4,560,0.714285714285714
"WFH","mpi",1,560,0.178571428571429
"WFH","multifaceted",1,560,0.178571428571429
"WFH","multilingual",1,560,0.178571428571429
"WFH","multimodal",1,560,0.178571428571429
"WFH","multiple",4,560,0.714285714285714
"WFH","municipal",1,560,0.178571428571429
"WFH","municipalities",1,560,0.178571428571429
"WFH","municipality",1,560,0.178571428571429
"WFH","munst",1,560,0.178571428571429
"WFH","museum",1,560,0.178571428571429
"WFH","music",1,560,0.178571428571429
"WFH","musk",1,560,0.178571428571429
"WFH","mutualaid",1,560,0.178571428571429
"WFH","mysteries",1,560,0.178571428571429
"WFH","mystery",1,560,0.178571428571429
"WFH","münsterland",1,560,0.178571428571429
"WFH","nachgedacht",1,560,0.178571428571429
"WFH","nail",2,560,0.357142857142857
"WFH","naked",1,560,0.178571428571429
"WFH","named",1,560,0.178571428571429
"WFH","nap",1,560,0.178571428571429
"WFH","napster",1,560,0.178571428571429
"WFH","narf",1,560,0.178571428571429
"WFH","nas",2,560,0.357142857142857
"WFH","nasty",1,560,0.178571428571429
"WFH","nations",1,560,0.178571428571429
"WFH","nationwide",1,560,0.178571428571429
"WFH","nato",1,560,0.178571428571429
"WFH","natürlich",1,560,0.178571428571429
"WFH","navigating",3,560,0.535714285714286
"WFH","ne",1,560,0.178571428571429
"WFH","nearby",1,560,0.178571428571429
"WFH","neck",1,560,0.178571428571429
"WFH","needle",5,560,0.892857142857143
"WFH","negative",1,560,0.178571428571429
"WFH","negotiate",1,560,0.178571428571429
"WFH","neighbor",1,560,0.178571428571429
"WFH","neighborhood",1,560,0.178571428571429
"WFH","neighborhoods",1,560,0.178571428571429
"WFH","neighbors",1,560,0.178571428571429
"WFH","nennen",1,560,0.178571428571429
"WFH","nerd",1,560,0.178571428571429
"WFH","netherlands",2,560,0.357142857142857
"WFH","network",4,560,0.714285714285714
"WFH","networked",1,560,0.178571428571429
"WFH","networking",2,560,0.357142857142857
"WFH","networks",1,560,0.178571428571429
"WFH","neurodivergence",1,560,0.178571428571429
"WFH","neurodivergent",1,560,0.178571428571429
"WFH","neuroinclusivity",1,560,0.178571428571429
"WFH","neutral",1,560,0.178571428571429
"WFH","news",2,560,0.357142857142857
"WFH","nexus",2,560,0.357142857142857
"WFH","nice",3,560,0.535714285714286
"WFH","night",6,560,1.07142857142857
"WFH","nighter",1,560,0.178571428571429
"WFH","nightmare",1,560,0.178571428571429
"WFH","nih",1,560,0.178571428571429
"WFH","nnyekqp",1,560,0.178571428571429
"WFH","noise",2,560,0.357142857142857
"WFH","nomad",1,560,0.178571428571429
"WFH","nomads",2,560,0.357142857142857
"WFH","noncompliant",1,560,0.178571428571429
"WFH","nonprofitjobs",1,560,0.178571428571429
"WFH","nonprofits",1,560,0.178571428571429
"WFH","nonsense",1,560,0.178571428571429
"WFH","norm",1,560,0.178571428571429
"WFH","normal",3,560,0.535714285714286
"WFH","normalized",1,560,0.178571428571429
"WFH","normie",1,560,0.178571428571429
"WFH","norms",2,560,0.357142857142857
"WFH","north",12,560,2.14285714285714
"WFH","nose",1,560,0.178571428571429
"WFH","note",1,560,0.178571428571429
"WFH","notes",3,560,0.535714285714286
"WFH","noticed",1,560,0.178571428571429
"WFH","noting",1,560,0.178571428571429
"WFH","notion",4,560,0.714285714285714
"WFH","notre",1,560,0.178571428571429
"WFH","novoit",1,560,0.178571428571429
"WFH","nowhiring",5,560,0.892857142857143
"WFH","nuclear",1,560,0.178571428571429
"WFH","nude",1,560,0.178571428571429
"WFH","nudeart",1,560,0.178571428571429
"WFH","nurse",1,560,0.178571428571429
"WFH","nyc",1,560,0.178571428571429
"WFH","nz",1,560,0.178571428571429
"WFH","objective",1,560,0.178571428571429
"WFH","obsessed",1,560,0.178571428571429
"WFH","obsessive",1,560,0.178571428571429
"WFH","obsolete",1,560,0.178571428571429
"WFH","obtain",5,560,0.892857142857143
"WFH","occaisionally",1,560,0.178571428571429
"WFH","occasion",1,560,0.178571428571429
"WFH","oct",3,560,0.535714285714286
"WFH","october",1,560,0.178571428571429
"WFH","odd",2,560,0.357142857142857
"WFH","offer",3,560,0.535714285714286
"WFH","offering",3,560,0.535714285714286
"WFH","offers",5,560,0.892857142857143
"WFH","offgrid",1,560,0.178571428571429
"WFH","officers",1,560,0.178571428571429
"WFH","offices",5,560,0.892857142857143
"WFH","officially",2,560,0.357142857142857
"WFH","offline",1,560,0.178571428571429
"WFH","ohh",1,560,0.178571428571429
"WFH","oil",1,560,0.178571428571429
"WFH","ointment",1,560,0.178571428571429
"WFH","oklahoma",1,560,0.178571428571429
"WFH","ole",1,560,0.178571428571429
"WFH","oman",1,560,0.178571428571429
"WFH","onboarding",2,560,0.357142857142857
"WFH","online",11,560,1.96428571428571
"WFH","openai",1,560,0.178571428571429
"WFH","operates",1,560,0.178571428571429
"WFH","operations",1,560,0.178571428571429
"WFH","operators",1,560,0.178571428571429
"WFH","opinion",2,560,0.357142857142857
"WFH","opportunities",19,560,3.39285714285714
"WFH","opportunity",5,560,0.892857142857143
"WFH","optimize",1,560,0.178571428571429
"WFH","optimum",1,560,0.178571428571429
"WFH","option",6,560,1.07142857142857
"WFH","optional",1,560,0.178571428571429
"WFH","options",5,560,0.892857142857143
"WFH","optu",1,560,0.178571428571429
"WFH","orange",1,560,0.178571428571429
"WFH","ordinance",1,560,0.178571428571429
"WFH","oregon",1,560,0.178571428571429
"WFH","org",2,560,0.357142857142857
"WFH","organic",2,560,0.357142857142857
"WFH","organised",1,560,0.178571428571429
"WFH","organization",1,560,0.178571428571429
"WFH","organizational",2,560,0.357142857142857
"WFH","organizations",4,560,0.714285714285714
"WFH","organize",1,560,0.178571428571429
"WFH","organized",1,560,0.178571428571429
"WFH","original",1,560,0.178571428571429
"WFH","originally",1,560,0.178571428571429
"WFH","orleans",1,560,0.178571428571429
"WFH","orrrr",1,560,0.178571428571429
"WFH","os",5,560,0.892857142857143
"WFH","ouagadougou",1,560,0.178571428571429
"WFH","outage",1,560,0.178571428571429
"WFH","outages",1,560,0.178571428571429
"WFH","outcomes",2,560,0.357142857142857
"WFH","outdated",1,560,0.178571428571429
"WFH","outdoor",1,560,0.178571428571429
"WFH","outdoors",1,560,0.178571428571429
"WFH","outnumbered",1,560,0.178571428571429
"WFH","output",1,560,0.178571428571429
"WFH","outsourced",1,560,0.178571428571429
"WFH","outsourcing",2,560,0.357142857142857
"WFH","oven",1,560,0.178571428571429
"WFH","overcrowding",1,560,0.178571428571429
"WFH","overheating",1,560,0.178571428571429
"WFH","overlap",1,560,0.178571428571429
"WFH","oversight",1,560,0.178571428571429
"WFH","overtime",1,560,0.178571428571429
"WFH","overwork",1,560,0.178571428571429
"WFH","owl",1,560,0.178571428571429
"WFH","owned",1,560,0.178571428571429
"WFH","owner",1,560,0.178571428571429
"WFH","owns",1,560,0.178571428571429
"WFH","oz",1,560,0.178571428571429
"WFH","pacific",1,560,0.178571428571429
"WFH","pack",1,560,0.178571428571429
"WFH","package",1,560,0.178571428571429
"WFH","packages",1,560,0.178571428571429
"WFH","packed",2,560,0.357142857142857
"WFH","padres",1,560,0.178571428571429
"WFH","paga",1,560,0.178571428571429
"WFH","paid",12,560,2.14285714285714
"WFH","pain",1,560,0.178571428571429
"WFH","paints",1,560,0.178571428571429
"WFH","pale",1,560,0.178571428571429
"WFH","pandemic",7,560,1.25
"WFH","panels",1,560,0.178571428571429
"WFH","paradigm",1,560,0.178571428571429
"WFH","parenting",3,560,0.535714285714286
"WFH","parents",3,560,0.535714285714286
"WFH","parking",2,560,0.357142857142857
"WFH","participants",1,560,0.178571428571429
"WFH","participate",2,560,0.357142857142857
"WFH","participation",2,560,0.357142857142857
"WFH","parties",1,560,0.178571428571429
"WFH","partly",1,560,0.178571428571429
"WFH","partner",2,560,0.357142857142857
"WFH","partners",7,560,1.25
"WFH","partnerships",1,560,0.178571428571429
"WFH","party",1,560,0.178571428571429
"WFH","past",1,560,0.178571428571429
"WFH","pasting",1,560,0.178571428571429
"WFH","path",1,560,0.178571428571429
"WFH","patterns",5,560,0.892857142857143
"WFH","pay",14,560,2.5
"WFH","paycom",1,560,0.178571428571429
"WFH","paying",12,560,2.14285714285714
"WFH","payment",1,560,0.178571428571429
"WFH","payouts",1,560,0.178571428571429
"WFH","pays",2,560,0.357142857142857
"WFH","pc",1,560,0.178571428571429
"WFH","pcs",2,560,0.357142857142857
"WFH","pdf",1,560,0.178571428571429
"WFH","peak",1,560,0.178571428571429
"WFH","peer",1,560,0.178571428571429
"WFH","pena",1,560,0.178571428571429
"WFH","penalties",1,560,0.178571428571429
"WFH","pennsylvania",1,560,0.178571428571429
"WFH","penryn",1,560,0.178571428571429
"WFH","pensions",1,560,0.178571428571429
"WFH","pentium",1,560,0.178571428571429
"WFH","people",27,560,4.82142857142857
"WFH","perceive",1,560,0.178571428571429
"WFH","perfect",1,560,0.178571428571429
"WFH","perfectly",1,560,0.178571428571429
"WFH","peripherals",1,560,0.178571428571429
"WFH","perk",1,560,0.178571428571429
"WFH","permanent",2,560,0.357142857142857
"WFH","permission",1,560,0.178571428571429
"WFH","persists",1,560,0.178571428571429
"WFH","person",7,560,1.25
"WFH","perspective",1,560,0.178571428571429
"WFH","perspectives",1,560,0.178571428571429
"WFH","petition",1,560,0.178571428571429
"WFH","petroleum",1,560,0.178571428571429
"WFH","pfsense",1,560,0.178571428571429
"WFH","phew",1,560,0.178571428571429
"WFH","philippines",1,560,0.178571428571429
"WFH","phones",1,560,0.178571428571429
"WFH","photo",2,560,0.357142857142857
"WFH","photoart",1,560,0.178571428571429
"WFH","photography",2,560,0.357142857142857
"WFH","pht",1,560,0.178571428571429
"WFH","physical",4,560,0.714285714285714
"WFH","physically",1,560,0.178571428571429
"WFH","pickle",1,560,0.178571428571429
"WFH","piece",1,560,0.178571428571429
"WFH","pig",2,560,0.357142857142857
"WFH","pillar",1,560,0.178571428571429
"WFH","pilled",1,560,0.178571428571429
"WFH","pilot",3,560,0.535714285714286
"WFH","ping",1,560,0.178571428571429
"WFH","pings",1,560,0.178571428571429
"WFH","pinterest",2,560,0.357142857142857
"WFH","pipe",1,560,0.178571428571429
"WFH","pivot",1,560,0.178571428571429
"WFH","plan",5,560,0.892857142857143
"WFH","planet",2,560,0.357142857142857
"WFH","planning",2,560,0.357142857142857
"WFH","plant",1,560,0.178571428571429
"WFH","plastic",1,560,0.178571428571429
"WFH","plate",1,560,0.178571428571429
"WFH","platform",1,560,0.178571428571429
"WFH","platforms",1,560,0.178571428571429
"WFH","play",2,560,0.357142857142857
"WFH","playbook",1,560,0.178571428571429
"WFH","played",1,560,0.178571428571429
"WFH","playing",2,560,0.357142857142857
"WFH","pleasantly",1,560,0.178571428571429
"WFH","pls",16,560,2.85714285714286
"WFH","pluma",1,560,0.178571428571429
"WFH","plz",1,560,0.178571428571429
"WFH","podcast",1,560,0.178571428571429
"WFH","police",1,560,0.178571428571429
"WFH","policies",6,560,1.07142857142857
"WFH","policy",5,560,0.892857142857143
"WFH","policyjobs",1,560,0.178571428571429
"WFH","polish",1,560,0.178571428571429
"WFH","political",1,560,0.178571428571429
"WFH","politisch",1,560,0.178571428571429
"WFH","pollution",1,560,0.178571428571429
"WFH","polvorines",1,560,0.178571428571429
"WFH","pooling",1,560,0.178571428571429
"WFH","poor",1,560,0.178571428571429
"WFH","popular",1,560,0.178571428571429
"WFH","populari",1,560,0.178571428571429
"WFH","popularized",1,560,0.178571428571429
"WFH","population",2,560,0.357142857142857
"WFH","portable",1,560,0.178571428571429
"WFH","portablepower",1,560,0.178571428571429
"WFH","portfolio",2,560,0.357142857142857
"WFH","portland",2,560,0.357142857142857
"WFH","portrait",1,560,0.178571428571429
"WFH","portraitphotography",1,560,0.178571428571429
"WFH","portugal",1,560,0.178571428571429
"WFH","posh",1,560,0.178571428571429
"WFH","position",13,560,2.32142857142857
"WFH","positions",5,560,0.892857142857143
"WFH","positive",2,560,0.357142857142857
"WFH","possibly",2,560,0.357142857142857
"WFH","post",12,560,2.14285714285714
"WFH","posted",2,560,0.357142857142857
"WFH","posting",3,560,0.535714285714286
"WFH","postings",2,560,0.357142857142857
"WFH","posts",1,560,0.178571428571429
"WFH","posture",1,560,0.178571428571429
"WFH","postwar",2,560,0.357142857142857
"WFH","potential",2,560,0.357142857142857
"WFH","potentially",1,560,0.178571428571429
"WFH","pounds",1,560,0.178571428571429
"WFH","power",5,560,0.892857142857143
"WFH","powermanagement",1,560,0.178571428571429
"WFH","powertofly",1,560,0.178571428571429
"WFH","ppl",16,560,2.85714285714286
"WFH","practical",1,560,0.178571428571429
"WFH","practice",3,560,0.535714285714286
"WFH","pre",2,560,0.357142857142857
"WFH","predicts",1,560,0.178571428571429
"WFH","prefer",3,560,0.535714285714286
"WFH","preferred",1,560,0.178571428571429
"WFH","premier",1,560,0.178571428571429
"WFH","prep",1,560,0.178571428571429
"WFH","prepared",2,560,0.357142857142857
"WFH","preparedness",1,560,0.178571428571429
"WFH","prepares",1,560,0.178571428571429
"WFH","preparing",1,560,0.178571428571429
"WFH","presence",4,560,0.714285714285714
"WFH","president",1,560,0.178571428571429
"WFH","pressing",1,560,0.178571428571429
"WFH","pressure",1,560,0.178571428571429
"WFH","pretend",2,560,0.357142857142857
"WFH","pretty",2,560,0.357142857142857
"WFH","prevent",3,560,0.535714285714286
"WFH","previous",2,560,0.357142857142857
"WFH","price",2,560,0.357142857142857
"WFH","priced",1,560,0.178571428571429
"WFH","prices",10,560,1.78571428571429
"WFH","primary",2,560,0.357142857142857
"WFH","prime",1,560,0.178571428571429
"WFH","prior",1,560,0.178571428571429
"WFH","priorities",5,560,0.892857142857143
"WFH","priority",1,560,0.178571428571429
"WFH","prism",1,560,0.178571428571429
"WFH","prison",3,560,0.535714285714286
"WFH","private",3,560,0.535714285714286
"WFH","process",4,560,0.714285714285714
"WFH","processing",1,560,0.178571428571429
"WFH","product",1,560,0.178571428571429
"WFH","productive",4,560,0.714285714285714
"WFH","productivity",15,560,2.67857142857143
"WFH","products",2,560,0.357142857142857
"WFH","professional",4,560,0.714285714285714
"WFH","professionals",2,560,0.357142857142857
"WFH","professor",1,560,0.178571428571429
"WFH","proficiency",1,560,0.178571428571429
"WFH","profile",1,560,0.178571428571429
"WFH","profiles",1,560,0.178571428571429
"WFH","profound",1,560,0.178571428571429
"WFH","progenitors",1,560,0.178571428571429
"WFH","program",8,560,1.42857142857143
"WFH","programming",1,560,0.178571428571429
"WFH","programs",1,560,0.178571428571429
"WFH","progressive",1,560,0.178571428571429
"WFH","project",10,560,1.78571428571429
"WFH","projections",1,560,0.178571428571429
"WFH","projectmanagement",1,560,0.178571428571429
"WFH","projects",2,560,0.357142857142857
"WFH","promote",2,560,0.357142857142857
"WFH","promoted",3,560,0.535714285714286
"WFH","promoting",1,560,0.178571428571429
"WFH","promptedwisdom",1,560,0.178571428571429
"WFH","prompts",1,560,0.178571428571429
"WFH","prong",1,560,0.178571428571429
"WFH","proof",2,560,0.357142857142857
"WFH","proofreaders",1,560,0.178571428571429
"WFH","propaganda",2,560,0.357142857142857
"WFH","proper",1,560,0.178571428571429
"WFH","properly",1,560,0.178571428571429
"WFH","property",1,560,0.178571428571429
"WFH","proposal",1,560,0.178571428571429
"WFH","protect",4,560,0.714285714285714
"WFH","protected",2,560,0.357142857142857
"WFH","protections",3,560,0.535714285714286
"WFH","protests",1,560,0.178571428571429
"WFH","protocols",1,560,0.178571428571429
"WFH","proud",1,560,0.178571428571429
"WFH","prove",2,560,0.357142857142857
"WFH","proved",1,560,0.178571428571429
"WFH","proverb",1,560,0.178571428571429
"WFH","proves",1,560,0.178571428571429
"WFH","provide",3,560,0.535714285714286
"WFH","provided",1,560,0.178571428571429
"WFH","provisions",3,560,0.535714285714286
"WFH","pst",1,560,0.178571428571429
"WFH","psychogeography",1,560,0.178571428571429
"WFH","psychological",1,560,0.178571428571429
"WFH","pt",1,560,0.178571428571429
"WFH","pub",1,560,0.178571428571429
"WFH","public",5,560,0.892857142857143
"WFH","publiclands",1,560,0.178571428571429
"WFH","published",2,560,0.357142857142857
"WFH","pull",2,560,0.357142857142857
"WFH","pulling",1,560,0.178571428571429
"WFH","punctuality",1,560,0.178571428571429
"WFH","punctuation",1,560,0.178571428571429
"WFH","punishing",1,560,0.178571428571429
"WFH","pure",1,560,0.178571428571429
"WFH","push",3,560,0.535714285714286
"WFH","pushing",5,560,0.892857142857143
"WFH","putting",1,560,0.178571428571429
"WFH","pyrenees",1,560,0.178571428571429
"WFH","python",1,560,0.178571428571429
"WFH","qa",2,560,0.357142857142857
"WFH","qc",1,560,0.178571428571429
"WFH","qs",16,560,2.85714285714286
"WFH","qualifications",1,560,0.178571428571429
"WFH","qualified",5,560,0.892857142857143
"WFH","qualifying",4,560,0.714285714285714
"WFH","quality",2,560,0.357142857142857
"WFH","quantum",1,560,0.178571428571429
"WFH","queer",1,560,0.178571428571429
"WFH","question",3,560,0.535714285714286
"WFH","questions",1,560,0.178571428571429
"WFH","quick",2,560,0.357142857142857
"WFH","quickly",1,560,0.178571428571429
"WFH","quiet",2,560,0.357142857142857
"WFH","quit",1,560,0.178571428571429
"WFH","race",1,560,0.178571428571429
"WFH","rail",1,560,0.178571428571429
"WFH","random",1,560,0.178571428571429
"WFH","randstad",1,560,0.178571428571429
"WFH","ranging",1,560,0.178571428571429
"WFH","ranks",1,560,0.178571428571429
"WFH","rare",1,560,0.178571428571429
"WFH","rate",3,560,0.535714285714286
"WFH","rates",2,560,0.357142857142857
"WFH","reach",5,560,0.892857142857143
"WFH","read",13,560,2.32142857142857
"WFH","readiness",2,560,0.357142857142857
"WFH","reading",1,560,0.178571428571429
"WFH","ready",8,560,1.42857142857143
"WFH","real",16,560,2.85714285714286
"WFH","realistic",1,560,0.178571428571429
"WFH","reality",1,560,0.178571428571429
"WFH","realize",1,560,0.178571428571429
"WFH","realized",2,560,0.357142857142857
"WFH","reason",6,560,1.07142857142857
"WFH","reasonable",1,560,0.178571428571429
"WFH","reasons",2,560,0.357142857142857
"WFH","rebuild",1,560,0.178571428571429
"WFH","rebuilding",2,560,0.357142857142857
"WFH","recalled",1,560,0.178571428571429
"WFH","recap",1,560,0.178571428571429
"WFH","recapturing",1,560,0.178571428571429
"WFH","receipt",1,560,0.178571428571429
"WFH","recent",1,560,0.178571428571429
"WFH","recently",2,560,0.357142857142857
"WFH","recognition",1,560,0.178571428571429
"WFH","recognized",4,560,0.714285714285714
"WFH","record",1,560,0.178571428571429
"WFH","records",2,560,0.357142857142857
"WFH","recover",13,560,2.32142857142857
"WFH","recovering",1,560,0.178571428571429
"WFH","recovery",1,560,0.178571428571429
"WFH","recreational",1,560,0.178571428571429
"WFH","recruiters",1,560,0.178571428571429
"WFH","recruiting",3,560,0.535714285714286
"WFH","recruitment",1,560,0.178571428571429
"WFH","recycles",1,560,0.178571428571429
"WFH","red",2,560,0.357142857142857
"WFH","reddit",1,560,0.178571428571429
"WFH","redefining",1,560,0.178571428571429
"WFH","reduce",5,560,0.892857142857143
"WFH","reduced",1,560,0.178571428571429
"WFH","reduces",1,560,0.178571428571429
"WFH","reduction",1,560,0.178571428571429
"WFH","reductive",1,560,0.178571428571429
"WFH","refer",1,560,0.178571428571429
"WFH","referral",1,560,0.178571428571429
"WFH","referralcode",11,560,1.96428571428571
"WFH","reflects",1,560,0.178571428571429
"WFH","refrain",1,560,0.178571428571429
"WFH","refresh",1,560,0.178571428571429
"WFH","regions",1,560,0.178571428571429
"WFH","regressive",3,560,0.535714285714286
"WFH","regulation",1,560,0.178571428571429
"WFH","reimbursement",2,560,0.357142857142857
"WFH","reimbursements",1,560,0.178571428571429
"WFH","reject",4,560,0.714285714285714
"WFH","rejecting",2,560,0.357142857142857
"WFH","related",2,560,0.357142857142857
"WFH","relationship",1,560,0.178571428571429
"WFH","relationships",1,560,0.178571428571429
"WFH","relearning",1,560,0.178571428571429
"WFH","release",5,560,0.892857142857143
"WFH","relevant",2,560,0.357142857142857
"WFH","reliability",2,560,0.357142857142857
"WFH","reliable",2,560,0.357142857142857
"WFH","relief",1,560,0.178571428571429
"WFH","relocate",1,560,0.178571428571429
"WFH","relocating",1,560,0.178571428571429
"WFH","relocation",2,560,0.357142857142857
"WFH","relocationguide",1,560,0.178571428571429
"WFH","remain",1,560,0.178571428571429
"WFH","remains",3,560,0.535714285714286
"WFH","remedy",1,560,0.178571428571429
"WFH","remember",2,560,0.357142857142857
"WFH","remind",1,560,0.178571428571429
"WFH","reminding",1,560,0.178571428571429
"WFH","reminds",1,560,0.178571428571429
"WFH","remo",3,560,0.535714285714286
"WFH","remotedeveloper",1,560,0.178571428571429
"WFH","remotehiring",1,560,0.178571428571429
"WFH","remotehub",1,560,0.178571428571429
"WFH","remotejobs",19,560,3.39285714285714
"WFH","remotely",5,560,0.892857142857143
"WFH","remotesales",2,560,0.357142857142857
"WFH","remoteworking",1,560,0.178571428571429
"WFH","remoteworksa",1,560,0.178571428571429
"WFH","renewed",1,560,0.178571428571429
"WFH","renovated",2,560,0.357142857142857
"WFH","rent",16,560,2.85714285714286
"WFH","renters",1,560,0.178571428571429
"WFH","repairs",1,560,0.178571428571429
"WFH","repeated",1,560,0.178571428571429
"WFH","replace",1,560,0.178571428571429
"WFH","reply",2,560,0.357142857142857
"WFH","repopulate",1,560,0.178571428571429
"WFH","report",2,560,0.357142857142857
"WFH","reportedly",1,560,0.178571428571429
"WFH","reporting",2,560,0.357142857142857
"WFH","reports",1,560,0.178571428571429
"WFH","repost",1,560,0.178571428571429
"WFH","reposted",1,560,0.178571428571429
"WFH","representative",6,560,1.07142857142857
"WFH","representing",1,560,0.178571428571429
"WFH","republic",1,560,0.178571428571429
"WFH","republicans",1,560,0.178571428571429
"WFH","reqlly",1,560,0.178571428571429
"WFH","require",1,560,0.178571428571429
"WFH","required",4,560,0.714285714285714
"WFH","requirements",2,560,0.357142857142857
"WFH","requires",7,560,1.25
"WFH","rescind",1,560,0.178571428571429
"WFH","research",4,560,0.714285714285714
"WFH","researching",1,560,0.178571428571429
"WFH","resent",1,560,0.178571428571429
"WFH","reshape",1,560,0.178571428571429
"WFH","reshaping",4,560,0.714285714285714
"WFH","reshares",1,560,0.178571428571429
"WFH","residency",1,560,0.178571428571429
"WFH","residential",1,560,0.178571428571429
"WFH","residents",1,560,0.178571428571429
"WFH","resources",4,560,0.714285714285714
"WFH","response",1,560,0.178571428571429
"WFH","restore",1,560,0.178571428571429
"WFH","restrictions",1,560,0.178571428571429
"WFH","resulted",1,560,0.178571428571429
"WFH","resume",2,560,0.357142857142857
"WFH","retain",1,560,0.178571428571429
"WFH","retaliation",1,560,0.178571428571429
"WFH","retention",1,560,0.178571428571429
"WFH","retire",1,560,0.178571428571429
"WFH","retirement",1,560,0.178571428571429
"WFH","returning",2,560,0.357142857142857
"WFH","returntowork",1,560,0.178571428571429
"WFH","revenuegrowth",1,560,0.178571428571429
"WFH","reverse",1,560,0.178571428571429
"WFH","review",6,560,1.07142857142857
"WFH","reviewed",2,560,0.357142857142857
"WFH","reviewing",1,560,0.178571428571429
"WFH","reviews",1,560,0.178571428571429
"WFH","revisions",1,560,0.178571428571429
"WFH","revolutionary",1,560,0.178571428571429
"WFH","revues",1,560,0.178571428571429
"WFH","rich",3,560,0.535714285714286
"WFH","ride",1,560,0.178571428571429
"WFH","ridership",1,560,0.178571428571429
"WFH","rights",2,560,0.357142857142857
"WFH","ripple",1,560,0.178571428571429
"WFH","rise",4,560,0.714285714285714
"WFH","rising",3,560,0.535714285714286
"WFH","risks",4,560,0.714285714285714
"WFH","rmap",2,560,0.357142857142857
"WFH","rn",4,560,0.714285714285714
"WFH","road",2,560,0.357142857142857
"WFH","roads",3,560,0.535714285714286
"WFH","robot",2,560,0.357142857142857
"WFH","robots",3,560,0.535714285714286
"WFH","robust",2,560,0.357142857142857
"WFH","rogue",1,560,0.178571428571429
"WFH","role",6,560,1.07142857142857
"WFH","roles",7,560,1.25
"WFH","roof",1,560,0.178571428571429
"WFH","rosco",1,560,0.178571428571429
"WFH","roses",1,560,0.178571428571429
"WFH","rot",1,560,0.178571428571429
"WFH","rotation",1,560,0.178571428571429
"WFH","roth",1,560,0.178571428571429
"WFH","rotting",1,560,0.178571428571429
"WFH","roundup",1,560,0.178571428571429
"WFH","router",1,560,0.178571428571429
"WFH","routine",1,560,0.178571428571429
"WFH","rpg",1,560,0.178571428571429
"WFH","rr",1,560,0.178571428571429
"WFH","rs",16,560,2.85714285714286
"WFH","rt",1,560,0.178571428571429
"WFH","rubbing",1,560,0.178571428571429
"WFH","ruled",1,560,0.178571428571429
"WFH","rules",1,560,0.178571428571429
"WFH","run",2,560,0.357142857142857
"WFH","running",1,560,0.178571428571429
"WFH","runs",2,560,0.357142857142857
"WFH","rural",4,560,0.714285714285714
"WFH","rusul",1,560,0.178571428571429
"WFH","rwas",1,560,0.178571428571429
"WFH","ryzen",1,560,0.178571428571429
"WFH","sa",2,560,0.357142857142857
"WFH","saas",3,560,0.535714285714286
"WFH","saassales",2,560,0.357142857142857
"WFH","sabbatical",1,560,0.178571428571429
"WFH","saberin",1,560,0.178571428571429
"WFH","sadly",2,560,0.357142857142857
"WFH","safe",12,560,2.14285714285714
"WFH","safely",2,560,0.357142857142857
"WFH","safer",2,560,0.357142857142857
"WFH","safety",6,560,1.07142857142857
"WFH","sai",1,560,0.178571428571429
"WFH","saic",1,560,0.178571428571429
"WFH","salaried",1,560,0.178571428571429
"WFH","salaries",3,560,0.535714285714286
"WFH","salary",5,560,0.892857142857143
"WFH","sale",2,560,0.357142857142857
"WFH","sales",7,560,1.25
"WFH","salescareers",1,560,0.178571428571429
"WFH","salesforce",1,560,0.178571428571429
"WFH","salesjobs",1,560,0.178571428571429
"WFH","sample",3,560,0.535714285714286
"WFH","samples",1,560,0.178571428571429
"WFH","san",1,560,0.178571428571429
"WFH","sanctions",2,560,0.357142857142857
"WFH","sandy",1,560,0.178571428571429
"WFH","sangamon",1,560,0.178571428571429
"WFH","sanity",2,560,0.357142857142857
"WFH","sardinia",3,560,0.535714285714286
"WFH","sardinien",1,560,0.178571428571429
"WFH","sat",2,560,0.357142857142857
"WFH","saturday",1,560,0.178571428571429
"WFH","save",9,560,1.60714285714286
"WFH","saved",1,560,0.178571428571429
"WFH","saves",1,560,0.178571428571429
"WFH","saving",1,560,0.178571428571429
"WFH","scales",1,560,0.178571428571429
"WFH","scam",2,560,0.357142857142857
"WFH","scams",1,560,0.178571428571429
"WFH","scared",1,560,0.178571428571429
"WFH","scary",1,560,0.178571428571429
"WFH","scattered",2,560,0.357142857142857
"WFH","schedule",4,560,0.714285714285714
"WFH","schedules",2,560,0.357142857142857
"WFH","scheduling",2,560,0.357142857142857
"WFH","schmoozing",1,560,0.178571428571429
"WFH","school",4,560,0.714285714285714
"WFH","schools",1,560,0.178571428571429
"WFH","science",2,560,0.357142857142857
"WFH","scientific",1,560,0.178571428571429
"WFH","score",2,560,0.357142857142857
"WFH","scratch",1,560,0.178571428571429
"WFH","screen",2,560,0.357142857142857
"WFH","screens",2,560,0.357142857142857
"WFH","searched",1,560,0.178571428571429
"WFH","searches",2,560,0.357142857142857
"WFH","searching",2,560,0.357142857142857
"WFH","seasonal",1,560,0.178571428571429
"WFH","seasons",1,560,0.178571428571429
"WFH","seattle",2,560,0.357142857142857
"WFH","secret",2,560,0.357142857142857
"WFH","sectors",1,560,0.178571428571429
"WFH","secure",11,560,1.96428571428571
"WFH","security",14,560,2.5
"WFH","securityguards",1,560,0.178571428571429
"WFH","sedentary",1,560,0.178571428571429
"WFH","seek",3,560,0.535714285714286
"WFH","seeking",6,560,1.07142857142857
"WFH","seeks",2,560,0.357142857142857
"WFH","seing",1,560,0.178571428571429
"WFH","selected",1,560,0.178571428571429
"WFH","senior",6,560,1.07142857142857
"WFH","sense",2,560,0.357142857142857
"WFH","sensitive",4,560,0.714285714285714
"WFH","sensuel",1,560,0.178571428571429
"WFH","seo",1,560,0.178571428571429
"WFH","sep",2,560,0.357142857142857
"WFH","sept",4,560,0.714285714285714
"WFH","september",3,560,0.535714285714286
"WFH","server",1,560,0.178571428571429
"WFH","servers",1,560,0.178571428571429
"WFH","service",10,560,1.78571428571429
"WFH","services",1,560,0.178571428571429
"WFH","session",3,560,0.535714285714286
"WFH","sessions",2,560,0.357142857142857
"WFH","set",4,560,0.714285714285714
"WFH","sets",1,560,0.178571428571429
"WFH","setting",2,560,0.357142857142857
"WFH","settled",1,560,0.178571428571429
"WFH","setup",4,560,0.714285714285714
"WFH","setups",2,560,0.357142857142857
"WFH","severe",1,560,0.178571428571429
"WFH","severely",2,560,0.357142857142857
"WFH","sex",1,560,0.178571428571429
"WFH","sexpositivefeminism",1,560,0.178571428571429
"WFH","sf",2,560,0.357142857142857
"WFH","shafqatalimp",1,560,0.178571428571429
"WFH","shaped",2,560,0.357142857142857
"WFH","shapes",1,560,0.178571428571429
"WFH","shaping",1,560,0.178571428571429
"WFH","share",3,560,0.535714285714286
"WFH","shared",1,560,0.178571428571429
"WFH","sharing",1,560,0.178571428571429
"WFH","sheets",1,560,0.178571428571429
"WFH","shelf",1,560,0.178571428571429
"WFH","shelter",2,560,0.357142857142857
"WFH","shield",1,560,0.178571428571429
"WFH","shift",9,560,1.60714285714286
"WFH","shifted",4,560,0.714285714285714
"WFH","shipped",1,560,0.178571428571429
"WFH","shirley",3,560,0.535714285714286
"WFH","shit",5,560,0.892857142857143
"WFH","shitrix",1,560,0.178571428571429
"WFH","shitty",1,560,0.178571428571429
"WFH","shocked",1,560,0.178571428571429
"WFH","shooting",1,560,0.178571428571429
"WFH","shopping",1,560,0.178571428571429
"WFH","short",4,560,0.714285714285714
"WFH","shortages",3,560,0.535714285714286
"WFH","shortened",1,560,0.178571428571429
"WFH","shorter",2,560,0.357142857142857
"WFH","shorthand",1,560,0.178571428571429
"WFH","shorts",1,560,0.178571428571429
"WFH","shutdown",1,560,0.178571428571429
"WFH","si",1,560,0.178571428571429
"WFH","sic",1,560,0.178571428571429
"WFH","sicher",1,560,0.178571428571429
"WFH","sick",3,560,0.535714285714286
"WFH","signal",1,560,0.178571428571429
"WFH","signature",1,560,0.178571428571429
"WFH","signed",1,560,0.178571428571429
"WFH","significant",3,560,0.535714285714286
"WFH","significantly",2,560,0.357142857142857
"WFH","silence",1,560,0.178571428571429
"WFH","silent",1,560,0.178571428571429
"WFH","silicon",1,560,0.178571428571429
"WFH","sim",1,560,0.178571428571429
"WFH","similar",4,560,0.714285714285714
"WFH","simon",1,560,0.178571428571429
"WFH","simple",1,560,0.178571428571429
"WFH","simply",3,560,0.535714285714286
"WFH","simulated",1,560,0.178571428571429
"WFH","sincere",1,560,0.178571428571429
"WFH","sincerity",1,560,0.178571428571429
"WFH","single",3,560,0.535714285714286
"WFH","sins",1,560,0.178571428571429
"WFH","site",3,560,0.535714285714286
"WFH","sits",1,560,0.178571428571429
"WFH","sitting",1,560,0.178571428571429
"WFH","situation",3,560,0.535714285714286
"WFH","size",2,560,0.357142857142857
"WFH","sketch",1,560,0.178571428571429
"WFH","skewed",1,560,0.178571428571429
"WFH","skill",2,560,0.357142857142857
"WFH","skilled",1,560,0.178571428571429
"WFH","skills",3,560,0.535714285714286
"WFH","sky",1,560,0.178571428571429
"WFH","slack",2,560,0.357142857142857
"WFH","slacketiquette",1,560,0.178571428571429
"WFH","sleep",3,560,0.535714285714286
"WFH","slew",1,560,0.178571428571429
"WFH","sliema",3,560,0.535714285714286
"WFH","slight",1,560,0.178571428571429
"WFH","slow",1,560,0.178571428571429
"WFH","slowed",1,560,0.178571428571429
"WFH","sm",1,560,0.178571428571429
"WFH","smart",7,560,1.25
"WFH","smartling",1,560,0.178571428571429
"WFH","smartphones",1,560,0.178571428571429
"WFH","smarttech",1,560,0.178571428571429
"WFH","smile",1,560,0.178571428571429
"WFH","smoke",4,560,0.714285714285714
"WFH","soc",1,560,0.178571428571429
"WFH","social",6,560,1.07142857142857
"WFH","socialmediamarketing",1,560,0.178571428571429
"WFH","software",9,560,1.60714285714286
"WFH","softwareengineering",1,560,0.178571428571429
"WFH","softwearsayings",3,560,0.535714285714286
"WFH","sol",1,560,0.178571428571429
"WFH","solar",3,560,0.535714285714286
"WFH","sold",2,560,0.357142857142857
"WFH","soldiers",1,560,0.178571428571429
"WFH","solid",1,560,0.178571428571429
"WFH","solitary",1,560,0.178571428571429
"WFH","solitude",1,560,0.178571428571429
"WFH","solopreneur",1,560,0.178571428571429
"WFH","solution",3,560,0.535714285714286
"WFH","solutions",2,560,0.357142857142857
"WFH","solve",1,560,0.178571428571429
"WFH","sony",1,560,0.178571428571429
"WFH","sooo",1,560,0.178571428571429
"WFH","sop",1,560,0.178571428571429
"WFH","sort",3,560,0.535714285714286
"WFH","sounded",2,560,0.357142857142857
"WFH","source",2,560,0.357142857142857
"WFH","south",7,560,1.25
"WFH","southafrica",1,560,0.178571428571429
"WFH","space",4,560,0.714285714285714
"WFH","spaces",3,560,0.535714285714286
"WFH","spar",1,560,0.178571428571429
"WFH","spark",1,560,0.178571428571429
"WFH","sparked",1,560,0.178571428571429
"WFH","speak",1,560,0.178571428571429
"WFH","speaking",2,560,0.357142857142857
"WFH","special",1,560,0.178571428571429
"WFH","specialist",2,560,0.357142857142857
"WFH","specialists",3,560,0.535714285714286
"WFH","specialized",1,560,0.178571428571429
"WFH","specific",2,560,0.357142857142857
"WFH","speed",7,560,1.25
"WFH","speeds",1,560,0.178571428571429
"WFH","spelled",1,560,0.178571428571429
"WFH","spelling",1,560,0.178571428571429
"WFH","spend",3,560,0.535714285714286
"WFH","spending",1,560,0.178571428571429
"WFH","spent",2,560,0.357142857142857
"WFH","spikes",1,560,0.178571428571429
"WFH","spirits",1,560,0.178571428571429
"WFH","split",2,560,0.357142857142857
"WFH","spoilers",1,560,0.178571428571429
"WFH","spokane",1,560,0.178571428571429
"WFH","sponsorship",3,560,0.535714285714286
"WFH","spread",1,560,0.178571428571429
"WFH","spreadsheet",1,560,0.178571428571429
"WFH","spring",2,560,0.357142857142857
"WFH","springlaw",1,560,0.178571428571429
"WFH","spyware",1,560,0.178571428571429
"WFH","ssh",1,560,0.178571428571429
"WFH","stabbable",1,560,0.178571428571429
"WFH","stable",6,560,1.07142857142857
"WFH","stack",1,560,0.178571428571429
"WFH","stadium",1,560,0.178571428571429
"WFH","staff",10,560,1.78571428571429
"WFH","staffing",1,560,0.178571428571429
"WFH","staffs",1,560,0.178571428571429
"WFH","stakes",1,560,0.178571428571429
"WFH","stale",1,560,0.178571428571429
"WFH","stalkers",1,560,0.178571428571429
"WFH","stall",2,560,0.357142857142857
"WFH","standard",5,560,0.892857142857143
"WFH","standards",1,560,0.178571428571429
"WFH","starbucks",1,560,0.178571428571429
"WFH","stare",1,560,0.178571428571429
"WFH","start",8,560,1.42857142857143
"WFH","started",3,560,0.535714285714286
"WFH","starting",3,560,0.535714285714286
"WFH","starts",1,560,0.178571428571429
"WFH","startup",1,560,0.178571428571429
"WFH","startups",1,560,0.178571428571429
"WFH","stated",2,560,0.357142857142857
"WFH","static",1,560,0.178571428571429
"WFH","station",1,560,0.178571428571429
"WFH","status",1,560,0.178571428571429
"WFH","stay",4,560,0.714285714285714
"WFH","stayed",1,560,0.178571428571429
"WFH","steady",1,560,0.178571428571429
"WFH","steam",2,560,0.357142857142857
"WFH","steer",1,560,0.178571428571429
"WFH","step",5,560,0.892857142857143
"WFH","stepped",1,560,0.178571428571429
"WFH","steps",3,560,0.535714285714286
"WFH","sticks",1,560,0.178571428571429
"WFH","stigma",1,560,0.178571428571429
"WFH","stipends",1,560,0.178571428571429
"WFH","stock",1,560,0.178571428571429
"WFH","stocked",1,560,0.178571428571429
"WFH","stop",1,560,0.178571428571429
"WFH","stops",1,560,0.178571428571429
"WFH","stories",1,560,0.178571428571429
"WFH","story",3,560,0.535714285714286
"WFH","straight",1,560,0.178571428571429
"WFH","strain",1,560,0.178571428571429
"WFH","stranger",1,560,0.178571428571429
"WFH","strategies",1,560,0.178571428571429
"WFH","strategy",15,560,2.67857142857143
"WFH","streaks",1,560,0.178571428571429
"WFH","streamer",1,560,0.178571428571429
"WFH","streaming",1,560,0.178571428571429
"WFH","streets",1,560,0.178571428571429
"WFH","strength",9,560,1.60714285714286
"WFH","strengths",1,560,0.178571428571429
"WFH","stress",3,560,0.535714285714286
"WFH","strict",1,560,0.178571428571429
"WFH","stricter",1,560,0.178571428571429
"WFH","strike",1,560,0.178571428571429
"WFH","strikes",2,560,0.357142857142857
"WFH","striking",1,560,0.178571428571429
"WFH","stripmining",1,560,0.178571428571429
"WFH","strong",5,560,0.892857142857143
"WFH","stronger",1,560,0.178571428571429
"WFH","structure",2,560,0.357142857142857
"WFH","struggle",1,560,0.178571428571429
"WFH","struggles",1,560,0.178571428571429
"WFH","struggling",1,560,0.178571428571429
"WFH","stuck",3,560,0.535714285714286
"WFH","student",1,560,0.178571428571429
"WFH","students",2,560,0.357142857142857
"WFH","studio",3,560,0.535714285714286
"WFH","studios",3,560,0.535714285714286
"WFH","study",13,560,2.32142857142857
"WFH","stuff",4,560,0.714285714285714
"WFH","stuffs",1,560,0.178571428571429
"WFH","stupiddope",1,560,0.178571428571429
"WFH","submit",2,560,0.357142857142857
"WFH","suboptimal",1,560,0.178571428571429
"WFH","subscription",1,560,0.178571428571429
"WFH","subsidize",2,560,0.357142857142857
"WFH","subsidized",1,560,0.178571428571429
"WFH","subsidy",1,560,0.178571428571429
"WFH","substantial",2,560,0.357142857142857
"WFH","substantially",2,560,0.357142857142857
"WFH","subway",1,560,0.178571428571429
"WFH","success",3,560,0.535714285714286
"WFH","successful",1,560,0.178571428571429
"WFH","succinctly",1,560,0.178571428571429
"WFH","sucks",1,560,0.178571428571429
"WFH","sudden",1,560,0.178571428571429
"WFH","suddenly",1,560,0.178571428571429
"WFH","suffers",1,560,0.178571428571429
"WFH","sufficiency",1,560,0.178571428571429
"WFH","suggesting",9,560,1.60714285714286
"WFH","suggestive",1,560,0.178571428571429
"WFH","suite",1,560,0.178571428571429
"WFH","suited",1,560,0.178571428571429
"WFH","summary",1,560,0.178571428571429
"WFH","sun",1,560,0.178571428571429
"WFH","sunday",1,560,0.178571428571429
"WFH","sundays",1,560,0.178571428571429
"WFH","sunlight",1,560,0.178571428571429
"WFH","sunshine",1,560,0.178571428571429
"WFH","super",2,560,0.357142857142857
"WFH","supervision",1,560,0.178571428571429
"WFH","support",10,560,1.78571428571429
"WFH","supported",1,560,0.178571428571429
"WFH","supports",2,560,0.357142857142857
"WFH","supreme",1,560,0.178571428571429
"WFH","surface",1,560,0.178571428571429
"WFH","surgeon",1,560,0.178571428571429
"WFH","surges",3,560,0.535714285714286
"WFH","surpassed",1,560,0.178571428571429
"WFH","surprisingly",1,560,0.178571428571429
"WFH","surprsied",1,560,0.178571428571429
"WFH","surrounded",1,560,0.178571428571429
"WFH","survive",1,560,0.178571428571429
"WFH","suspect",1,560,0.178571428571429
"WFH","sustainable",1,560,0.178571428571429
"WFH","sustained",1,560,0.178571428571429
"WFH","sv",1,560,0.178571428571429
"WFH","swapped",1,560,0.178571428571429
"WFH","swear",1,560,0.178571428571429
"WFH","sweats",1,560,0.178571428571429
"WFH","swiftly",1,560,0.178571428571429
"WFH","sync",1,560,0.178571428571429
"WFH","syndrome",1,560,0.178571428571429
"WFH","synergy",1,560,0.178571428571429
"WFH","synthesises",1,560,0.178571428571429
"WFH","system",4,560,0.714285714285714
"WFH","systems",4,560,0.714285714285714
"WFH","table",4,560,0.714285714285714
"WFH","tailor",1,560,0.178571428571429
"WFH","tailscale",1,560,0.178571428571429
"WFH","takes",1,560,0.178571428571429
"WFH","taking",1,560,0.178571428571429
"WFH","talent",4,560,0.714285714285714
"WFH","talk",1,560,0.178571428571429
"WFH","talking",1,560,0.178571428571429
"WFH","talks",1,560,0.178571428571429
"WFH","tampa",1,560,0.178571428571429
"WFH","tangible",1,560,0.178571428571429
"WFH","target",2,560,0.357142857142857
"WFH","task",4,560,0.714285714285714
"WFH","tasks",4,560,0.714285714285714
"WFH","tati",7,560,1.25
"WFH","tax",9,560,1.60714285714286
"WFH","taxes",5,560,0.892857142857143
"WFH","taxpayers",1,560,0.178571428571429
"WFH","tbh",2,560,0.357142857142857
"WFH","tbilisi",1,560,0.178571428571429
"WFH","teach",2,560,0.357142857142857
"WFH","team",6,560,1.07142857142857
"WFH","teams",6,560,1.07142857142857
"WFH","teamwork",2,560,0.357142857142857
"WFH","tearing",1,560,0.178571428571429
"WFH","tech",13,560,2.32142857142857
"WFH","techies",1,560,0.178571428571429
"WFH","technically",1,560,0.178571428571429
"WFH","technology",3,560,0.535714285714286
"WFH","techre",1,560,0.178571428571429
"WFH","techstrike",1,560,0.178571428571429
"WFH","techtools",1,560,0.178571428571429
"WFH","teehee",1,560,0.178571428571429
"WFH","teens",1,560,0.178571428571429
"WFH","telecommunications",1,560,0.178571428571429
"WFH","telegram",1,560,0.178571428571429
"WFH","teleperformance",1,560,0.178571428571429
"WFH","telework",1,560,0.178571428571429
"WFH","teleworking",2,560,0.357142857142857
"WFH","telling",2,560,0.357142857142857
"WFH","template",2,560,0.357142857142857
"WFH","tempted",1,560,0.178571428571429
"WFH","term",4,560,0.714285714285714
"WFH","terminated",1,560,0.178571428571429
"WFH","terms",2,560,0.357142857142857
"WFH","terrace",1,560,0.178571428571429
"WFH","territory",1,560,0.178571428571429
"WFH","test",1,560,0.178571428571429
"WFH","tested",1,560,0.178571428571429
"WFH","tests",1,560,0.178571428571429
"WFH","texas",7,560,1.25
"WFH","texaslaw",2,560,0.357142857142857
"WFH","text",9,560,1.60714285714286
"WFH","texturing",1,560,0.178571428571429
"WFH","thankfully",1,560,0.178571428571429
"WFH","themed",1,560,0.178571428571429
"WFH","therapists",2,560,0.357142857142857
"WFH","therapy",1,560,0.178571428571429
"WFH","thick",1,560,0.178571428571429
"WFH","thinking",2,560,0.357142857142857
"WFH","thirds",1,560,0.178571428571429
"WFH","thirties",1,560,0.178571428571429
"WFH","tho",1,560,0.178571428571429
"WFH","thomson",1,560,0.178571428571429
"WFH","threads",1,560,0.178571428571429
"WFH","threat",5,560,0.892857142857143
"WFH","threatened",4,560,0.714285714285714
"WFH","thrive",1,560,0.178571428571429
"WFH","thwaites",1,560,0.178571428571429
"WFH","tickettowork",1,560,0.178571428571429
"WFH","tidbit",1,560,0.178571428571429
"WFH","time",33,560,5.89285714285714
"WFH","timely",1,560,0.178571428571429
"WFH","timemanagement",1,560,0.178571428571429
"WFH","times",2,560,0.357142857142857
"WFH","timetable",1,560,0.178571428571429
"WFH","timezone",2,560,0.357142857142857
"WFH","timezones",1,560,0.178571428571429
"WFH","tiny",2,560,0.357142857142857
"WFH","tips",5,560,0.892857142857143
"WFH","tired",2,560,0.357142857142857
"WFH","title",1,560,0.178571428571429
"WFH","told",4,560,0.714285714285714
"WFH","tolerate",1,560,0.178571428571429
"WFH","toll",1,560,0.178571428571429
"WFH","tom",1,560,0.178571428571429
"WFH","tomorow",1,560,0.178571428571429
"WFH","tomorrow",1,560,0.178571428571429
"WFH","tonight",1,560,0.178571428571429
"WFH","tool",1,560,0.178571428571429
"WFH","tooling",1,560,0.178571428571429
"WFH","tools",2,560,0.357142857142857
"WFH","tooth",1,560,0.178571428571429
"WFH","top",5,560,0.892857142857143
"WFH","topic",9,560,1.60714285714286
"WFH","topics",1,560,0.178571428571429
"WFH","tops",1,560,0.178571428571429
"WFH","topworkplaces",1,560,0.178571428571429
"WFH","torn",1,560,0.178571428571429
"WFH","total",2,560,0.357142857142857
"WFH","totally",2,560,0.357142857142857
"WFH","tourism",4,560,0.714285714285714
"WFH","town",1,560,0.178571428571429
"WFH","towns",3,560,0.535714285714286
"WFH","track",2,560,0.357142857142857
"WFH","tracker",1,560,0.178571428571429
"WFH","tracking",2,560,0.357142857142857
"WFH","trade",1,560,0.178571428571429
"WFH","trading",1,560,0.178571428571429
"WFH","traditional",1,560,0.178571428571429
"WFH","traffic",4,560,0.714285714285714
"WFH","trails",1,560,0.178571428571429
"WFH","train",3,560,0.535714285714286
"WFH","trainer",1,560,0.178571428571429
"WFH","training",8,560,1.42857142857143
"WFH","trains",1,560,0.178571428571429
"WFH","transfer",1,560,0.178571428571429
"WFH","transflo",1,560,0.178571428571429
"WFH","transformation",2,560,0.357142857142857
"WFH","transformed",3,560,0.535714285714286
"WFH","transforming",1,560,0.178571428571429
"WFH","transit",6,560,1.07142857142857
"WFH","transition",1,560,0.178571428571429
"WFH","transitioning",1,560,0.178571428571429
"WFH","transparency",1,560,0.178571428571429
"WFH","transport",5,560,0.892857142857143
"WFH","transportation",3,560,0.535714285714286
"WFH","travel",8,560,1.42857142857143
"WFH","traveling",1,560,0.178571428571429
"WFH","traveljobs",1,560,0.178571428571429
"WFH","travelled",1,560,0.178571428571429
"WFH","travels",1,560,0.178571428571429
"WFH","traveltips",1,560,0.178571428571429
"WFH","treat",1,560,0.178571428571429
"WFH","treatment",1,560,0.178571428571429
"WFH","trend",1,560,0.178571428571429
"WFH","trends",1,560,0.178571428571429
"WFH","tricky",1,560,0.178571428571429
"WFH","triggering",1,560,0.178571428571429
"WFH","trillions",1,560,0.178571428571429
"WFH","trip",1,560,0.178571428571429
"WFH","trips",1,560,0.178571428571429
"WFH","truck",2,560,0.357142857142857
"WFH","true",2,560,0.357142857142857
"WFH","trump",2,560,0.357142857142857
"WFH","trust",1,560,0.178571428571429
"WFH","tunnel",12,560,2.14285714285714
"WFH","turley",1,560,0.178571428571429
"WFH","tutor",1,560,0.178571428571429
"WFH","tv",2,560,0.357142857142857
"WFH","tvsky",1,560,0.178571428571429
"WFH","twente",1,560,0.178571428571429
"WFH","twenties",1,560,0.178571428571429
"WFH","twitch",1,560,0.178571428571429
"WFH","tx",4,560,0.714285714285714
"WFH","type",10,560,1.78571428571429
"WFH","typically",1,560,0.178571428571429
"WFH","ubox",1,560,0.178571428571429
"WFH","uk",2,560,0.357142857142857
"WFH","unanet",1,560,0.178571428571429
"WFH","unanswered",1,560,0.178571428571429
"WFH","unbelievable",1,560,0.178571428571429
"WFH","uncomfortable",1,560,0.178571428571429
"WFH","underneath",2,560,0.357142857142857
"WFH","understand",1,560,0.178571428571429
"WFH","understanding",2,560,0.357142857142857
"WFH","understands",1,560,0.178571428571429
"WFH","undertaking",1,560,0.178571428571429
"WFH","underway",1,560,0.178571428571429
"WFH","unemployed",2,560,0.357142857142857
"WFH","unemployment",2,560,0.357142857142857
"WFH","unesco",1,560,0.178571428571429
"WFH","uneven",1,560,0.178571428571429
"WFH","unfinished",1,560,0.178571428571429
"WFH","unforgettable",1,560,0.178571428571429
"WFH","unhinged",1,560,0.178571428571429
"WFH","unhoused",1,560,0.178571428571429
"WFH","unicorn",1,560,0.178571428571429
"WFH","unified",1,560,0.178571428571429
"WFH","union",2,560,0.357142857142857
"WFH","unionize",1,560,0.178571428571429
"WFH","unique",1,560,0.178571428571429
"WFH","unit",1,560,0.178571428571429
"WFH","united",11,560,1.96428571428571
"WFH","units",1,560,0.178571428571429
"WFH","universal",1,560,0.178571428571429
"WFH","university",1,560,0.178571428571429
"WFH","unlimited",2,560,0.357142857142857
"WFH","unlocked",2,560,0.357142857142857
"WFH","unmanaged",1,560,0.178571428571429
"WFH","unnecessary",1,560,0.178571428571429
"WFH","unpaid",1,560,0.178571428571429
"WFH","unpopular",1,560,0.178571428571429
"WFH","unrealistic",1,560,0.178571428571429
"WFH","unshared",1,560,0.178571428571429
"WFH","unwalkable",1,560,0.178571428571429
"WFH","update",6,560,1.07142857142857
"WFH","updated",1,560,0.178571428571429
"WFH","uper",2,560,0.357142857142857
"WFH","upgraded",1,560,0.178571428571429
"WFH","ups",1,560,0.178571428571429
"WFH","upvote",1,560,0.178571428571429
"WFH","urban",1,560,0.178571428571429
"WFH","urbanists",1,560,0.178571428571429
"WFH","urcity",1,560,0.178571428571429
"WFH","urgent",9,560,1.60714285714286
"WFH","urgently",1,560,0.178571428571429
"WFH","usa",10,560,1.78571428571429
"WFH","usb",1,560,0.178571428571429
"WFH","usd",1,560,0.178571428571429
"WFH","useless",1,560,0.178571428571429
"WFH","users",2,560,0.357142857142857
"WFH","utility",1,560,0.178571428571429
"WFH","utter",1,560,0.178571428571429
"WFH","vacation",2,560,0.357142857142857
"WFH","vaccines",1,560,0.178571428571429
"WFH","valkas",1,560,0.178571428571429
"WFH","valley",1,560,0.178571428571429
"WFH","valuable",1,560,0.178571428571429
"WFH","values",2,560,0.357142857142857
"WFH","vaping",1,560,0.178571428571429
"WFH","vary",2,560,0.357142857142857
"WFH","varying",2,560,0.357142857142857
"WFH","vastly",1,560,0.178571428571429
"WFH","vehicles",1,560,0.178571428571429
"WFH","ventilation",1,560,0.178571428571429
"WFH","venting",1,560,0.178571428571429
"WFH","venue",1,560,0.178571428571429
"WFH","verbrannt",1,560,0.178571428571429
"WFH","verge",1,560,0.178571428571429
"WFH","version",1,560,0.178571428571429
"WFH","veterans",1,560,0.178571428571429
"WFH","viable",1,560,0.178571428571429
"WFH","vibrant",1,560,0.178571428571429
"WFH","victorian",1,560,0.178571428571429
"WFH","video",2,560,0.357142857142857
"WFH","videoconferencing",1,560,0.178571428571429
"WFH","vidzeme",1,560,0.178571428571429
"WFH","vienna",1,560,0.178571428571429
"WFH","viewing",1,560,0.178571428571429
"WFH","vile",1,560,0.178571428571429
"WFH","village",1,560,0.178571428571429
"WFH","virginia",1,560,0.178571428571429
"WFH","virginity",1,560,0.178571428571429
"WFH","virtu",1,560,0.178571428571429
"WFH","virtual",7,560,1.25
"WFH","visa",4,560,0.714285714285714
"WFH","visage",1,560,0.178571428571429
"WFH","visas",2,560,0.357142857142857
"WFH","visibility",2,560,0.357142857142857
"WFH","visit",4,560,0.714285714285714
"WFH","visiting",1,560,0.178571428571429
"WFH","voice",1,560,0.178571428571429
"WFH","volume",1,560,0.178571428571429
"WFH","volunteer",3,560,0.535714285714286
"WFH","vote",1,560,0.178571428571429
"WFH","voters",3,560,0.535714285714286
"WFH","voting",1,560,0.178571428571429
"WFH","vpn",13,560,2.32142857142857
"WFH","vtuber",1,560,0.178571428571429
"WFH","vue",1,560,0.178571428571429
"WFH","wages",7,560,1.25
"WFH","wahve",1,560,0.178571428571429
"WFH","waiting",1,560,0.178571428571429
"WFH","walk",2,560,0.357142857142857
"WFH","walkable",1,560,0.178571428571429
"WFH","walker",1,560,0.178571428571429
"WFH","wallets",1,560,0.178571428571429
"WFH","wanna",1,560,0.178571428571429
"WFH","warmth",2,560,0.357142857142857
"WFH","warsaw",1,560,0.178571428571429
"WFH","wash",1,560,0.178571428571429
"WFH","washer",1,560,0.178571428571429
"WFH","washington",2,560,0.357142857142857
"WFH","washroom",1,560,0.178571428571429
"WFH","wasting",1,560,0.178571428571429
"WFH","water",1,560,0.178571428571429
"WFH","watercooler",1,560,0.178571428571429
"WFH","weak",1,560,0.178571428571429
"WFH","weaknesses",1,560,0.178571428571429
"WFH","weapons",1,560,0.178571428571429
"WFH","wear",1,560,0.178571428571429
"WFH","webb",1,560,0.178571428571429
"WFH","webcam",1,560,0.178571428571429
"WFH","webcams",1,560,0.178571428571429
"WFH","webforms",1,560,0.178571428571429
"WFH","websites",1,560,0.178571428571429
"WFH","week",19,560,3.39285714285714
"WFH","weekend",2,560,0.357142857142857
"WFH","weekly",5,560,0.892857142857143
"WFH","weeks",4,560,0.714285714285714
"WFH","weight",1,560,0.178571428571429
"WFH","weile",1,560,0.178571428571429
"WFH","weird",2,560,0.357142857142857
"WFH","weirdos",1,560,0.178571428571429
"WFH","west",1,560,0.178571428571429
"WFH","western",1,560,0.178571428571429
"WFH","whammy",1,560,0.178571428571429
"WFH","whelp",1,560,0.178571428571429
"WFH","whinston",1,560,0.178571428571429
"WFH","white",1,560,0.178571428571429
"WFH","wi",2,560,0.357142857142857
"WFH","wider",1,560,0.178571428571429
"WFH","widespread",3,560,0.535714285714286
"WFH","wife",1,560,0.178571428571429
"WFH","wifi",2,560,0.357142857142857
"WFH","win",4,560,0.714285714285714
"WFH","winding",1,560,0.178571428571429
"WFH","wine",1,560,0.178571428571429
"WFH","winter",1,560,0.178571428571429
"WFH","wir",1,560,0.178571428571429
"WFH","wisdom",1,560,0.178571428571429
"WFH","wishing",1,560,0.178571428571429
"WFH","wistfully",1,560,0.178571428571429
"WFH","withhold",1,560,0.178571428571429
"WFH","withholding",2,560,0.357142857142857
"WFH","witnessing",1,560,0.178571428571429
"WFH","woke",1,560,0.178571428571429
"WFH","woman",2,560,0.357142857142857
"WFH","women",6,560,1.07142857142857
"WFH","wonderful",1,560,0.178571428571429
"WFH","wondering",2,560,0.357142857142857
"WFH","wonders",1,560,0.178571428571429
"WFH","woods",1,560,0.178571428571429
"WFH","wor",1,560,0.178571428571429
"WFH","word",3,560,0.535714285714286
"WFH","wordpress",1,560,0.178571428571429
"WFH","workation",1,560,0.178571428571429
"WFH","workbooks",1,560,0.178571428571429
"WFH","workculture",1,560,0.178571428571429
"WFH","workdays",1,560,0.178571428571429
"WFH","worker",13,560,2.32142857142857
"WFH","workers",20,560,3.57142857142857
"WFH","workersoverbillionaires",1,560,0.178571428571429
"WFH","workflow",3,560,0.535714285714286
"WFH","workflows",2,560,0.357142857142857
"WFH","workforce",2,560,0.357142857142857
"WFH","workfromhome",10,560,1.78571428571429
"WFH","workinglife",1,560,0.178571428571429
"WFH","worklifebalance",1,560,0.178571428571429
"WFH","workplace",6,560,1.07142857142857
"WFH","workplacedebate",1,560,0.178571428571429
"WFH","workplaceexcellence",1,560,0.178571428571429
"WFH","workplaces",1,560,0.178571428571429
"WFH","workshop",1,560,0.178571428571429
"WFH","workspace",3,560,0.535714285714286
"WFH","workspaces",1,560,0.178571428571429
"WFH","workstations",1,560,0.178571428571429
"WFH","world",5,560,0.892857142857143
"WFH","worldwide",1,560,0.178571428571429
"WFH","worn",1,560,0.178571428571429
"WFH","worried",1,560,0.178571428571429
"WFH","worry",1,560,0.178571428571429
"WFH","worsens",2,560,0.357142857142857
"WFH","worth",5,560,0.892857142857143
"WFH","wow",2,560,0.357142857142857
"WFH","wrap",1,560,0.178571428571429
"WFH","wrecking",1,560,0.178571428571429
"WFH","wring",1,560,0.178571428571429
"WFH","write",2,560,0.357142857142857
"WFH","writing",5,560,0.892857142857143
"WFH","wrong",1,560,0.178571428571429
"WFH","wrote",2,560,0.357142857142857
"WFH","xcy",1,560,0.178571428571429
"WFH","xd",1,560,0.178571428571429
"WFH","ya",1,560,0.178571428571429
"WFH","yeah",2,560,0.357142857142857
"WFH","yearning",1,560,0.178571428571429
"WFH","yelled",1,560,0.178571428571429
"WFH","yep",1,560,0.178571428571429
"WFH","yeti",1,560,0.178571428571429
"WFH","yggy",1,560,0.178571428571429
"WFH","yle",1,560,0.178571428571429
"WFH","yo",1,560,0.178571428571429
"WFH","york",1,560,0.178571428571429
"WFH","youtube",1,560,0.178571428571429
"WFH","yuss",1,560,0.178571428571429
"WFH","zealand",10,560,1.78571428571429
"WFH","zida",1,560,0.178571428571429
"WFH","zone",1,560,0.178571428571429
"WFH","zones",3,560,0.535714285714286
"WFH","zoom",3,560,0.535714285714286
"WFH","zulip",1,560,0.178571428571429
"WFH","über",1,560,0.178571428571429
"WFH","без",1,560,0.178571428571429
"WFH","в",2,560,0.357142857142857
"WFH","вернуть",1,560,0.178571428571429
"WFH","возвращаться",1,560,0.178571428571429
"WFH","вы",2,560,0.357142857142857
"WFH","живого",2,560,0.357142857142857
"WFH","за",1,560,0.178571428571429
"WFH","заметил",2,560,0.357142857142857
"WFH","идеи",2,560,0.357142857142857
"WFH","инновации",1,560,0.178571428571429
"WFH","инноваций",1,560,0.178571428571429
"WFH","как",2,560,0.357142857142857
"WFH","коллах",1,560,0.178571428571429
"WFH","креативность",2,560,0.357142857142857
"WFH","лет",1,560,0.178571428571429
"WFH","ли",2,560,0.357142857142857
"WFH","лично",1,560,0.178571428571429
"WFH","можем",1,560,0.178571428571429
"WFH","мы",1,560,0.178571428571429
"WFH","общения",2,560,0.357142857142857
"WFH","отсутствие",1,560,0.178571428571429
"WFH","офис",1,560,0.178571428571429
"WFH","признаются",2,560,0.357142857142857
"WFH","работа",1,560,0.178571428571429
"WFH","ради",1,560,0.178571428571429
"WFH","сотрудников",2,560,0.357142857142857
"WFH","стоит",1,560,0.178571428571429
"WFH","страдает",1,560,0.178571428571429
"WFH","считаете",2,560,0.357142857142857
"WFH","теряют",1,560,0.178571428571429
"WFH","теряются",1,560,0.178571428571429
"WFH","убежден",1,560,0.178571428571429
"WFH","убивает",2,560,0.357142857142857
"WFH","удаленке",1,560,0.178571428571429
"WFH","удаленная",1,560,0.178571428571429
"WFH","удивительный",1,560,0.178571428571429
"WFH","факт",1,560,0.178571428571429
"WFH","что",2,560,0.357142857142857
"WFH","я",2,560,0.357142857142857
"WFH","أخبرنا",1,560,0.178571428571429
"WFH","أسعار",1,560,0.178571428571429
"WFH","إضافية",1,560,0.178571428571429
"WFH","الآن",1,560,0.178571428571429
"WFH","الأسرع",1,560,0.178571428571429
"WFH","التجربة",1,560,0.178571428571429
"WFH","التجمعات",1,560,0.178571428571429
"WFH","التذاكر",1,560,0.178571428571429
"WFH","التعليقات",1,560,0.178571428571429
"WFH","التقنية",1,560,0.178571428571429
"WFH","الساعة",1,560,0.178571428571429
"WFH","الشراكات",1,560,0.178571428571429
"WFH","الـ",1,560,0.178571428571429
"WFH","الفيزيائية",1,560,0.178571428571429
"WFH","المناسب",1,560,0.178571428571429
"WFH","الموعد",1,560,0.178571428571429
"WFH","الوسيلة",1,560,0.178571428571429
"WFH","الوقت",1,560,0.178571428571429
"WFH","بتوقيت",1,560,0.178571428571429
"WFH","برأيك",1,560,0.178571428571429
"WFH","بشكل",1,560,0.178571428571429
"WFH","بعد",1,560,0.178571428571429
"WFH","تزال",1,560,0.178571428571429
"WFH","تمام",1,560,0.178571428571429
"WFH","دفع",1,560,0.178571428571429
"WFH","ستزيد",1,560,0.178571428571429
"WFH","عصر",1,560,0.178571428571429
"WFH","في",1,560,0.178571428571429
"WFH","لا",1,560,0.178571428571429
"WFH","لبناء",1,560,0.178571428571429
"WFH","لتأمين",1,560,0.178571428571429
"WFH","لنفس",1,560,0.178571428571429
"WFH","مباشر",1,560,0.178571428571429
"WFH","مبالغ",1,560,0.178571428571429
"WFH","مساء",1,560,0.178571428571429
"WFH","مقعدك",1,560,0.178571428571429
"WFH","من",1,560,0.178571428571429
"WFH","نظرك",1,560,0.178571428571429
"WFH","هذا",1,560,0.178571428571429
"WFH","هذه",1,560,0.178571428571429
"WFH","هل",1,560,0.178571428571429
"WFH","هو",1,560,0.178571428571429
"WFH","هي",1,560,0.178571428571429
"WFH","وتجنب",1,560,0.178571428571429
"WFH","وجهة",1,560,0.178571428571429
"WFH","ある",3,560,0.535714285714286
"WFH","い",1,560,0.178571428571429
"WFH","いい",1,560,0.178571428571429
"WFH","いく",1,560,0.178571428571429
"WFH","いる",1,560,0.178571428571429
"WFH","か",1,560,0.178571428571429
"WFH","が",4,560,0.714285714285714
"WFH","き",2,560,0.357142857142857
"WFH","こと",3,560,0.535714285714286
"WFH","し",1,560,0.178571428571429
"WFH","した",1,560,0.178571428571429
"WFH","する",1,560,0.178571428571429
"WFH","たい",2,560,0.357142857142857
"WFH","たく",1,560,0.178571428571429
"WFH","たまに",1,560,0.178571428571429
"WFH","ため",2,560,0.357142857142857
"WFH","だ",1,560,0.178571428571429
"WFH","つける",1,560,0.178571428571429
"WFH","てる",1,560,0.178571428571429
"WFH","で",2,560,0.357142857142857
"WFH","でも",1,560,0.178571428571429
"WFH","と",2,560,0.357142857142857
"WFH","という",2,560,0.357142857142857
"WFH","とき",2,560,0.357142857142857
"WFH","とても",1,560,0.178571428571429
"WFH","な",1,560,0.178571428571429
"WFH","ない",2,560,0.357142857142857
"WFH","に",4,560,0.714285714285714
"WFH","にとって",1,560,0.178571428571429
"WFH","の",3,560,0.535714285714286
"WFH","は",3,560,0.535714285714286
"WFH","べ",2,560,0.357142857142857
"WFH","や",1,560,0.178571428571429
"WFH","やる",2,560,0.357142857142857
"WFH","よう",1,560,0.178571428571429
"WFH","を",4,560,0.714285714285714
"WFH","んで",1,560,0.178571428571429
"WFH","オフィス",1,560,0.178571428571429
"WFH","カン",2,560,0.357142857142857
"WFH","カー",1,560,0.178571428571429
"WFH","ゲーム",1,560,0.178571428571429
"WFH","チェック",1,560,0.178571428571429
"WFH","ブログ",2,560,0.357142857142857
"WFH","ペース",1,560,0.178571428571429
"WFH","モヒ",2,560,0.357142857142857
"WFH","リモート",3,560,0.535714285714286
"WFH","ワ",1,560,0.178571428571429
"WFH","ワーク",3,560,0.535714285714286
"WFH","ー",1,560,0.178571428571429
"WFH","仕事",1,560,0.178571428571429
"WFH","以上",1,560,0.178571428571429
"WFH","件",1,560,0.178571428571429
"WFH","会社",1,560,0.178571428571429
"WFH","会話",1,560,0.178571428571429
"WFH","何で",1,560,0.178571428571429
"WFH","併せて",1,560,0.178571428571429
"WFH","働き",2,560,0.357142857142857
"WFH","働く",1,560,0.178571428571429
"WFH","優遇",1,560,0.178571428571429
"WFH","出社",1,560,0.178571428571429
"WFH","制度",1,560,0.178571428571429
"WFH","圏内",1,560,0.178571428571429
"WFH","在宅",1,560,0.178571428571429
"WFH","場",1,560,0.178571428571429
"WFH","場所",1,560,0.178571428571429
"WFH","好き",1,560,0.178571428571429
"WFH","孤独",1,560,0.178571428571429
"WFH","家",1,560,0.178571428571429
"WFH","希望",1,560,0.178571428571429
"WFH","帰り",1,560,0.178571428571429
"WFH","当てはまる",1,560,0.178571428571429
"WFH","心当たり",1,560,0.178571428571429
"WFH","思う",1,560,0.178571428571429
"WFH","感",1,560,0.178571428571429
"WFH","感じる",1,560,0.178571428571429
"WFH","技術",2,560,0.357142857142857
"WFH","方",1,560,0.178571428571429
"WFH","時",1,560,0.178571428571429
"WFH","気",1,560,0.178571428571429
"WFH","求人",1,560,0.178571428571429
"WFH","疎外",1,560,0.178571428571429
"WFH","直し",1,560,0.178571428571429
"WFH","立つ",1,560,0.178571428571429
"WFH","経験",1,560,0.178571428571429
"WFH","続ける",2,560,0.357142857142857
"WFH","考え",1,560,0.178571428571429
"WFH","者",2,560,0.357142857142857
"WFH","聴",1,560,0.178571428571429
"WFH","聴覚",1,560,0.178571428571429
"WFH","自分",1,560,0.178571428571429
"WFH","要",1,560,0.178571428571429
"WFH","角",1,560,0.178571428571429
"WFH","言葉",1,560,0.178571428571429
"WFH","誰",1,560,0.178571428571429
"WFH","転職",1,560,0.178571428571429
"WFH","通勤",1,560,0.178571428571429
"WFH","進",1,560,0.178571428571429
"WFH","選べる",1,560,0.178571428571429
"WFH","開発",1,560,0.178571428571429
"WFH","障害",1,560,0.178571428571429
"WFH","食卓",1,560,0.178571428571429
